p,rev_p,dr_p,dr_revp,product_dr,product_in_col1,diff,diff_dr,p_mod37,revp_mod37,same_mod37,chi_p,col_p
13,31,4,4,7,True,18,9,13,31,False,1,COL1
17,71,8,8,1,True,54,9,17,34,False,-1,COL2
37,73,1,1,1,True,36,9,0,36,False,1,COL1
79,97,7,7,4,True,18,9,5,23,False,1,COL1
107,701,8,8,1,True,594,9,33,35,False,-1,COL2
113,311,5,5,7,True,198,9,2,15,False,-1,COL2
149,941,5,5,7,True,792,9,1,16,False,-1,COL2
157,751,4,4,7,True,594,9,9,11,False,1,COL1
167,761,5,5,7,True,594,9,19,21,False,-1,COL2
179,971,8,8,1,True,792,9,31,9,False,-1,COL2
199,991,1,1,1,True,792,9,14,29,False,1,COL1
337,733,4,4,7,True,396,9,4,30,False,1,COL1
347,743,5,5,7,True,396,9,14,3,False,-1,COL2
359,953,8,8,1,True,594,9,26,28,False,-1,COL2
389,983,2,2,4,True,594,9,19,21,False,-1,COL2
709,907,7,7,4,True,198,9,6,19,False,1,COL1
739,937,1,1,1,True,198,9,36,12,False,1,COL1
769,967,4,4,7,True,198,9,29,5,False,1,COL1
1009,9001,1,1,1,True,7992,9,10,10,True,1,COL1
1021,1201,4,4,7,True,180,9,22,17,False,1,COL1
1031,1301,5,5,7,True,270,9,32,6,False,-1,COL2
1033,3301,7,7,4,True,2268,9,34,8,False,1,COL1
1061,1601,8,8,1,True,540,9,25,10,False,-1,COL2
1069,9601,7,7,4,True,8532,9,33,18,False,1,COL1
1091,1901,2,2,4,True,810,9,18,14,False,-1,COL2
1097,7901,8,8,1,True,6804,9,24,20,False,-1,COL2
1103,3011,5,5,7,True,1908,9,30,14,False,-1,COL2
1109,9011,2,2,4,True,7902,9,36,20,False,-1,COL2
1151,1511,8,8,1,True,360,9,4,31,False,-1,COL2
1153,3511,1,1,1,True,2358,9,6,33,False,1,COL1
1181,1811,2,2,4,True,630,9,34,35,False,-1,COL2
1193,3911,5,5,7,True,2718,9,9,26,False,-1,COL2
1213,3121,7,7,4,True,1908,9,29,13,False,1,COL1
1217,7121,2,2,4,True,5904,9,33,17,False,-1,COL2
1223,3221,8,8,1,True,1998,9,2,2,True,-1,COL2
1229,9221,5,5,7,True,7992,9,8,8,True,-1,COL2
1231,1321,7,7,4,True,90,9,10,26,False,1,COL1
1237,7321,4,4,7,True,6084,9,16,32,False,1,COL1
1249,9421,7,7,4,True,8172,9,28,23,False,1,COL1
1259,9521,8,8,1,True,8262,9,1,12,False,-1,COL2
1279,9721,1,1,1,True,8442,9,21,27,False,1,COL1
1283,3821,5,5,7,True,2538,9,25,10,False,-1,COL2
1381,1831,4,4,7,True,450,9,12,18,False,1,COL1
1399,9931,4,4,7,True,8532,9,30,15,False,1,COL1
1409,9041,5,5,7,True,7632,9,3,13,False,-1,COL2
1429,9241,7,7,4,True,7812,9,23,28,False,1,COL1
1439,9341,8,8,1,True,7902,9,33,17,False,-1,COL2
1453,3541,4,4,7,True,2088,9,10,26,False,1,COL1
1471,1741,4,4,7,True,270,9,28,2,False,1,COL1
1487,7841,2,2,4,True,6354,9,7,34,False,-1,COL2
1499,9941,5,5,7,True,8442,9,19,25,False,-1,COL2
1523,3251,2,2,4,True,1728,9,6,32,False,-1,COL2
1559,9551,2,2,4,True,7992,9,5,5,True,-1,COL2
1583,3851,8,8,1,True,2268,9,29,3,False,-1,COL2
1597,7951,4,4,7,True,6354,9,6,33,False,1,COL1
1619,9161,8,8,1,True,7542,9,28,22,False,-1,COL2
1657,7561,1,1,1,True,5904,9,29,13,False,1,COL1
1669,9661,4,4,7,True,7992,9,4,4,True,1,COL1
1723,3271,4,4,7,True,1548,9,21,15,False,1,COL1
1733,3371,5,5,7,True,1638,9,31,4,False,-1,COL2
1753,3571,7,7,4,True,1818,9,14,19,False,1,COL1
1789,9871,7,7,4,True,8082,9,13,29,False,1,COL1
1847,7481,2,2,4,True,5634,9,34,7,False,-1,COL2
1867,7681,4,4,7,True,5814,9,17,22,False,1,COL1
1879,9781,7,7,4,True,7902,9,29,13,False,1,COL1
1913,3191,5,5,7,True,1278,9,26,9,False,-1,COL2
1933,3391,7,7,4,True,1458,9,9,24,False,1,COL1
1949,9491,5,5,7,True,7542,9,25,19,False,-1,COL2
1979,9791,8,8,1,True,7812,9,18,23,False,-1,COL2
3019,9103,4,4,7,True,6084,9,22,1,False,1,COL1
3023,3203,8,8,1,True,180,9,26,21,False,-1,COL2
3049,9403,7,7,4,True,6354,9,15,5,False,1,COL1
3067,7603,7,7,4,True,4536,9,33,18,False,1,COL1
3083,3803,5,5,7,True,720,9,12,29,False,-1,COL2
3089,9803,2,2,4,True,6714,9,18,35,False,-1,COL2
3109,9013,4,4,7,True,5904,9,1,22,False,1,COL1
3163,3613,4,4,7,True,450,9,18,24,False,1,COL1
3169,9613,1,1,1,True,6444,9,24,30,False,1,COL1
3257,7523,8,8,1,True,4266,9,1,12,False,-1,COL2
3299,9923,5,5,7,True,6624,9,6,7,False,-1,COL2
3319,9133,7,7,4,True,5814,9,26,31,False,1,COL1
3343,3433,4,4,7,True,90,9,13,29,False,1,COL1
3347,7433,8,8,1,True,4086,9,17,33,False,-1,COL2
3359,9533,2,2,4,True,6174,9,29,24,False,-1,COL2
3373,3733,7,7,4,True,360,9,6,33,False,1,COL1
3389,9833,5,5,7,True,6444,9,22,28,False,-1,COL2
3407,7043,5,5,7,True,3636,9,3,13,False,-1,COL2
3463,3643,7,7,4,True,180,9,22,17,False,1,COL1
3467,7643,2,2,4,True,4176,9,26,21,False,-1,COL2
3469,9643,4,4,7,True,6174,9,28,23,False,1,COL1
3527,7253,8,8,1,True,3726,9,12,1,False,-1,COL2
3583,3853,1,1,1,True,270,9,31,5,False,1,COL1
3697,7963,7,7,4,True,4266,9,34,8,False,1,COL1
3719,9173,2,2,4,True,5454,9,19,34,False,-1,COL2
3767,7673,5,5,7,True,3906,9,30,14,False,-1,COL2
3889,9883,1,1,1,True,5994,9,4,4,True,1,COL1
3917,7193,2,2,4,True,3276,9,32,15,False,-1,COL2
3929,9293,5,5,7,True,5364,9,7,6,False,-1,COL2
7027,7207,7,7,4,True,180,9,34,29,False,1,COL1
7057,7507,1,1,1,True,450,9,27,33,False,1,COL1
7177,7717,4,4,7,True,540,9,36,21,False,1,COL1
7187,7817,5,5,7,True,630,9,9,10,False,-1,COL2
7219,9127,1,1,1,True,1908,9,4,25,False,1,COL1
7229,9227,2,2,4,True,1998,9,14,14,True,-1,COL2
7297,7927,7,7,4,True,630,9,8,9,False,1,COL1
7349,9437,5,5,7,True,2088,9,23,2,False,-1,COL2
7457,7547,5,5,7,True,90,9,20,36,False,-1,COL2
7459,9547,7,7,4,True,2088,9,22,1,False,1,COL1
7529,9257,5,5,7,True,1728,9,18,7,False,-1,COL2
7577,7757,8,8,1,True,180,9,29,24,False,-1,COL2
7589,9857,2,2,4,True,2268,9,4,15,False,-1,COL2
7649,9467,8,8,1,True,1818,9,27,32,False,-1,COL2
7687,7867,1,1,1,True,180,9,28,23,False,1,COL1
7699,9967,4,4,7,True,2268,9,3,14,False,1,COL1
7879,9787,4,4,7,True,1908,9,35,19,False,1,COL1
7949,9497,2,2,4,True,1548,9,31,25,False,-1,COL2
9029,9209,2,2,4,True,180,9,1,33,False,-1,COL2
9349,9439,7,7,4,True,90,9,25,4,False,1,COL1
9479,9749,2,2,4,True,270,9,7,18,False,-1,COL2
9679,9769,4,4,7,True,90,9,22,1,False,1,COL1
10007,70001,8,8,1,True,59994,9,17,34,False,-1,COL2
10009,90001,1,1,1,True,79992,9,19,17,False,1,COL1
10039,93001,4,4,7,True,82962,9,12,20,False,1,COL1
10061,16001,8,8,1,True,5940,9,34,17,False,-1,COL2
10067,76001,5,5,7,True,65934,9,3,3,True,-1,COL2
10069,96001,7,7,4,True,85932,9,5,23,False,1,COL1
10079,97001,8,8,1,True,86922,9,15,24,False,-1,COL2
10091,19001,2,2,4,True,8910,9,27,20,False,-1,COL2
10151,15101,8,8,1,True,4950,9,13,5,False,-1,COL2
10159,95101,7,7,4,True,84942,9,21,11,False,1,COL1
10177,77101,7,7,4,True,66924,9,2,30,False,1,COL1
10247,74201,5,5,7,True,63954,9,35,16,False,-1,COL2
10253,35201,2,2,4,True,24948,9,4,14,False,-1,COL2
10273,37201,4,4,7,True,26928,9,24,16,False,1,COL1
10321,12301,7,7,4,True,1980,9,35,17,False,1,COL1
10333,33301,1,1,1,True,22968,9,10,1,False,1,COL1
10343,34301,2,2,4,True,23958,9,20,2,False,-1,COL2
10391,19301,5,5,7,True,8910,9,31,24,False,-1,COL2
10429,92401,7,7,4,True,81972,9,32,12,False,1,COL1
10453,35401,4,4,7,True,24948,9,19,29,False,1,COL1
10457,75401,8,8,1,True,64944,9,23,32,False,-1,COL2
10459,95401,1,1,1,True,84942,9,25,15,False,1,COL1
10487,78401,2,2,4,True,67914,9,16,35,False,-1,COL2
10499,99401,5,5,7,True,88902,9,28,19,False,-1,COL2
10613,31601,2,2,4,True,20988,9,31,3,False,-1,COL2
10639,93601,1,1,1,True,82962,9,20,28,False,1,COL1
10651,15601,4,4,7,True,4950,9,32,24,False,1,COL1
10711,11701,1,1,1,True,990,9,18,9,False,1,COL1
10739,93701,2,2,4,True,82962,9,9,17,False,-1,COL2
10781,18701,8,8,1,True,7920,9,14,16,False,-1,COL2
10853,35801,8,8,1,True,24948,9,12,22,False,-1,COL2
10859,95801,5,5,7,True,84942,9,18,8,False,-1,COL2
10867,76801,4,4,7,True,65934,9,26,26,True,1,COL1
10889,98801,8,8,1,True,87912,9,11,11,True,-1,COL2
10891,19801,1,1,1,True,8910,9,13,6,False,1,COL1
10909,90901,1,1,1,True,79992,9,31,29,False,1,COL1
10939,93901,4,4,7,True,82962,9,24,32,False,1,COL1
10987,78901,7,7,4,True,67914,9,35,17,False,1,COL1
10993,39901,4,4,7,True,28908,9,4,15,False,1,COL1
11003,30011,5,5,7,True,19008,9,14,4,False,-1,COL2
11057,75011,5,5,7,True,63954,9,31,12,False,-1,COL2
11071,17011,1,1,1,True,5940,9,8,28,False,1,COL1
11083,38011,4,4,7,True,26928,9,20,12,False,1,COL1
11149,94111,7,7,4,True,82962,9,12,20,False,1,COL1
11159,95111,8,8,1,True,83952,9,22,21,False,-1,COL2
11161,16111,1,1,1,True,4950,9,24,16,False,1,COL1
11197,79111,1,1,1,True,67914,9,23,5,False,1,COL1
11243,34211,2,2,4,True,22968,9,32,23,False,-1,COL2
11257,75211,7,7,4,True,63954,9,9,27,False,1,COL1
11329,92311,7,7,4,True,80982,9,7,33,False,1,COL1
11353,35311,4,4,7,True,23958,9,31,13,False,1,COL1
11423,32411,2,2,4,True,20988,9,27,36,False,-1,COL2
11447,74411,8,8,1,True,62964,9,14,4,False,-1,COL2
11489,98411,5,5,7,True,86922,9,19,28,False,-1,COL2
11497,79411,4,4,7,True,67914,9,27,9,False,1,COL1
11551,15511,4,4,7,True,3960,9,7,8,False,1,COL1
11579,97511,5,5,7,True,85932,9,35,16,False,-1,COL2
11587,78511,4,4,7,True,66924,9,6,34,False,1,COL1
11593,39511,1,1,1,True,27918,9,12,32,False,1,COL1
11621,12611,2,2,4,True,990,9,3,31,False,-1,COL2
11657,75611,2,2,4,True,63954,9,2,20,False,-1,COL2
11677,77611,4,4,7,True,65934,9,22,22,True,1,COL1
11699,99611,8,8,1,True,87912,9,7,7,True,-1,COL2
11717,71711,8,8,1,True,59994,9,25,5,False,-1,COL2
11719,91711,1,1,1,True,79992,9,27,25,False,1,COL1
11731,13711,4,4,7,True,1980,9,2,21,False,1,COL1
11777,77711,5,5,7,True,65934,9,11,11,True,-1,COL2
11779,97711,7,7,4,True,85932,9,13,31,False,1,COL1
11783,38711,2,2,4,True,26928,9,17,9,False,-1,COL2
11789,98711,8,8,1,True,86922,9,23,32,False,-1,COL2
11833,33811,7,7,4,True,21978,9,30,30,True,1,COL1
11839,93811,4,4,7,True,81972,9,36,16,False,1,COL1
11897,79811,8,8,1,True,67914,9,20,2,False,-1,COL2
11903,30911,5,5,7,True,19008,9,26,16,False,-1,COL2
11909,90911,2,2,4,True,79002,9,32,2,False,-1,COL2
11923,32911,7,7,4,True,20988,9,9,18,False,1,COL1
11927,72911,2,2,4,True,60984,9,13,21,False,-1,COL2
11933,33911,8,8,1,True,21978,9,19,19,True,-1,COL2
11939,93911,5,5,7,True,81972,9,25,5,False,-1,COL2
11953,35911,1,1,1,True,23958,9,2,21,False,1,COL1
11959,95911,7,7,4,True,83952,9,8,7,False,1,COL1
11969,96911,8,8,1,True,84942,9,18,8,False,-1,COL2
11971,17911,1,1,1,True,5940,9,20,3,False,1,COL1
11981,18911,2,2,4,True,6930,9,30,4,False,-1,COL2
12071,17021,2,2,4,True,4950,9,9,1,False,-1,COL2
12073,37021,4,4,7,True,24948,9,11,21,False,1,COL1
12107,70121,2,2,4,True,58014,9,8,6,False,-1,COL2
12109,90121,4,4,7,True,78012,9,10,26,False,1,COL1
12113,31121,8,8,1,True,19008,9,14,4,False,-1,COL2
12119,91121,5,5,7,True,79002,9,20,27,False,-1,COL2
12149,94121,8,8,1,True,81972,9,13,30,False,-1,COL2
12227,72221,5,5,7,True,59994,9,17,34,False,-1,COL2
12241,14221,1,1,1,True,1980,9,31,13,False,1,COL1
12253,35221,4,4,7,True,22968,9,6,34,False,1,COL1
12269,96221,2,2,4,True,83952,9,22,21,False,-1,COL2
12289,98221,4,4,7,True,85932,9,5,23,False,1,COL1
12323,32321,2,2,4,True,19998,9,2,20,False,-1,COL2
12373,37321,7,7,4,True,24948,9,15,25,False,1,COL1
12437,73421,8,8,1,True,60984,9,5,13,False,-1,COL2
12491,19421,8,8,1,True,6930,9,22,33,False,-1,COL2
12547,74521,1,1,1,True,61974,9,4,3,False,1,COL1
12553,35521,7,7,4,True,22968,9,10,1,False,1,COL1
12577,77521,4,4,7,True,64944,9,34,6,False,1,COL1
12619,91621,1,1,1,True,79002,9,2,9,False,1,COL1
12641,14621,5,5,7,True,1980,9,24,6,False,-1,COL2
12659,95621,5,5,7,True,82962,9,5,13,False,-1,COL2
12689,98621,8,8,1,True,85932,9,35,16,False,-1,COL2
12697,79621,7,7,4,True,66924,9,6,34,False,1,COL1
12713,31721,5,5,7,True,19008,9,22,12,False,-1,COL2
12743,34721,8,8,1,True,21978,9,15,15,True,-1,COL2
12757,75721,4,4,7,True,62964,9,29,19,False,1,COL1
12763,36721,1,1,1,True,23958,9,35,17,False,1,COL1
12799,99721,1,1,1,True,86922,9,34,6,False,1,COL1
12809,90821,2,2,4,True,78012,9,7,23,False,-1,COL2
12829,92821,4,4,7,True,79992,9,27,25,False,1,COL1
12841,14821,7,7,4,True,1980,9,2,21,False,1,COL1
12893,39821,5,5,7,True,26928,9,17,9,False,-1,COL2
12907,70921,1,1,1,True,58014,9,31,29,False,1,COL1
12919,91921,4,4,7,True,79002,9,6,13,False,1,COL1
12983,38921,5,5,7,True,25938,9,33,34,False,-1,COL2
13009,90031,4,4,7,True,77022,9,22,10,False,1,COL1
13043,34031,2,2,4,True,20988,9,19,28,False,-1,COL2
13147,74131,7,7,4,True,60984,9,12,20,False,1,COL1
13151,15131,2,2,4,True,1980,9,16,35,False,-1,COL2
13159,95131,1,1,1,True,81972,9,24,4,False,1,COL1
13163,36131,5,5,7,True,22968,9,28,19,False,-1,COL2
13259,95231,2,2,4,True,81972,9,13,30,False,-1,COL2
13267,76231,1,1,1,True,62964,9,21,11,False,1,COL1
13291,19231,7,7,4,True,5940,9,8,28,False,1,COL1
13297,79231,4,4,7,True,65934,9,14,14,True,1,COL1
13337,73331,8,8,1,True,59994,9,17,34,False,-1,COL2
13441,14431,4,4,7,True,990,9,10,1,False,1,COL1
13457,75431,2,2,4,True,61974,9,26,25,False,-1,COL2
13469,96431,5,5,7,True,82962,9,1,9,False,-1,COL2
13477,77431,4,4,7,True,63954,9,9,27,False,1,COL1
13499,99431,8,8,1,True,85932,9,31,12,False,-1,COL2
13513,31531,4,4,7,True,18018,9,8,7,False,1,COL1
13523,32531,5,5,7,True,19008,9,18,8,False,-1,COL2
13553,35531,8,8,1,True,21978,9,11,11,True,-1,COL2
13591,19531,1,1,1,True,5940,9,12,32,False,1,COL1
13597,79531,7,7,4,True,65934,9,18,18,True,1,COL1
13619,91631,2,2,4,True,78012,9,3,19,False,-1,COL2
13693,39631,4,4,7,True,25938,9,3,4,False,1,COL1
13697,79631,8,8,1,True,65934,9,7,7,True,-1,COL2
13709,90731,2,2,4,True,77022,9,19,7,False,-1,COL2
13751,15731,8,8,1,True,1980,9,24,6,False,-1,COL2
13757,75731,5,5,7,True,61974,9,30,29,False,-1,COL2
13759,95731,7,7,4,True,81972,9,32,12,False,1,COL1
13781,18731,2,2,4,True,4950,9,17,9,False,-1,COL2
13789,98731,1,1,1,True,84942,9,25,15,False,1,COL1
13829,92831,5,5,7,True,79002,9,28,35,False,-1,COL2
13841,14831,8,8,1,True,990,9,3,31,False,-1,COL2
13873,37831,4,4,7,True,23958,9,35,17,False,1,COL1
13903,30931,7,7,4,True,17028,9,28,36,False,1,COL1
13933,33931,1,1,1,True,19998,9,21,2,False,1,COL1
13963,36931,4,4,7,True,22968,9,14,5,False,1,COL1
14029,92041,7,7,4,True,78012,9,6,22,False,1,COL1
14057,75041,8,8,1,True,60984,9,34,5,False,-1,COL2
14071,17041,4,4,7,True,2970,9,11,21,False,1,COL1
14081,18041,5,5,7,True,3960,9,21,22,False,-1,COL2
14087,78041,2,2,4,True,63954,9,27,8,False,-1,COL2
14107,70141,4,4,7,True,56034,9,10,26,False,1,COL1
14143,34141,4,4,7,True,19998,9,9,27,False,1,COL1
14153,35141,5,5,7,True,20988,9,19,28,False,-1,COL2
14177,77141,2,2,4,True,62964,9,6,33,False,-1,COL2
14207,70241,5,5,7,True,56034,9,36,15,False,-1,COL2
14251,15241,4,4,7,True,990,9,6,34,False,1,COL1
14293,39241,1,1,1,True,24948,9,11,21,False,1,COL1
14303,30341,2,2,4,True,16038,9,21,1,False,-1,COL2
14323,32341,4,4,7,True,18018,9,4,3,False,1,COL1
14327,72341,8,8,1,True,58014,9,8,6,False,-1,COL2
14387,78341,5,5,7,True,63954,9,31,12,False,-1,COL2
14423,32441,5,5,7,True,18018,9,30,29,False,-1,COL2
14447,74441,2,2,4,True,59994,9,17,34,False,-1,COL2
14449,94441,4,4,7,True,79992,9,19,17,False,1,COL1
14479,97441,7,7,4,True,82962,9,12,20,False,1,COL1
14519,91541,2,2,4,True,77022,9,15,3,False,-1,COL2
14549,94541,5,5,7,True,79992,9,8,6,False,-1,COL2
14551,15541,7,7,4,True,990,9,10,1,False,1,COL1
14557,75541,4,4,7,True,60984,9,16,24,False,1,COL1
14563,36541,1,1,1,True,21978,9,22,22,True,1,COL1
14591,19541,2,2,4,True,4950,9,13,5,False,-1,COL2
14593,39541,4,4,7,True,24948,9,15,25,False,1,COL1
14629,92641,4,4,7,True,78012,9,14,30,False,1,COL1
14633,33641,8,8,1,True,19008,9,18,8,False,-1,COL2
14657,75641,5,5,7,True,60984,9,5,13,False,-1,COL2
14713,31741,7,7,4,True,17028,9,24,32,False,1,COL1
14717,71741,2,2,4,True,57024,9,28,35,False,-1,COL2
14843,34841,2,2,4,True,19998,9,6,24,False,-1,COL2
14879,97841,2,2,4,True,82962,9,5,13,False,-1,COL2
14891,19841,5,5,7,True,4950,9,17,9,False,-1,COL2
14897,79841,2,2,4,True,64944,9,23,32,False,-1,COL2
14923,32941,1,1,1,True,18018,9,12,11,False,1,COL1
14929,92941,7,7,4,True,78012,9,18,34,False,1,COL1
14939,93941,8,8,1,True,79002,9,28,35,False,-1,COL2
14947,74941,7,7,4,True,59994,9,36,16,False,1,COL1
14957,75941,8,8,1,True,60984,9,9,17,False,-1,COL2
15013,31051,1,1,1,True,16038,9,28,8,False,1,COL1
15053,35051,5,5,7,True,19998,9,31,12,False,-1,COL2
15091,19051,7,7,4,True,3960,9,32,33,False,1,COL1
15139,93151,1,1,1,True,78012,9,6,22,False,1,COL1
15149,94151,2,2,4,True,79002,9,16,23,False,-1,COL2
15227,72251,8,8,1,True,57024,9,20,27,False,-1,COL2
15263,36251,8,8,1,True,20988,9,19,28,False,-1,COL2
15289,98251,7,7,4,True,82962,9,8,16,False,1,COL1
15299,99251,8,8,1,True,83952,9,18,17,False,-1,COL2
15307,70351,7,7,4,True,55044,9,26,14,False,1,COL1
15349,94351,4,4,7,True,79002,9,31,1,False,1,COL1
15377,77351,5,5,7,True,61974,9,22,21,False,-1,COL2
15383,38351,2,2,4,True,22968,9,28,19,False,-1,COL2
15461,16451,8,8,1,True,990,9,32,23,False,-1,COL2
15493,39451,4,4,7,True,23958,9,27,9,False,1,COL1
15497,79451,8,8,1,True,63954,9,31,12,False,-1,COL2
15527,72551,2,2,4,True,57024,9,24,31,False,-1,COL2
15643,34651,1,1,1,True,19008,9,29,19,False,1,COL1
15649,94651,7,7,4,True,79002,9,35,5,False,1,COL1
15661,16651,1,1,1,True,990,9,10,1,False,1,COL1
15667,76651,7,7,4,True,60984,9,16,24,False,1,COL1
15679,97651,1,1,1,True,81972,9,28,8,False,1,COL1
15683,38651,5,5,7,True,22968,9,32,23,False,-1,COL2
15733,33751,1,1,1,True,18018,9,8,7,False,1,COL1
15737,73751,5,5,7,True,58014,9,12,10,False,-1,COL2
15791,19751,5,5,7,True,3960,9,29,30,False,-1,COL2
15803,30851,8,8,1,True,15048,9,4,30,False,-1,COL2
15907,70951,4,4,7,True,55044,9,34,22,False,1,COL1
15919,91951,7,7,4,True,76032,9,9,6,False,1,COL1
15937,73951,7,7,4,True,58014,9,27,25,False,1,COL1
15973,37951,7,7,4,True,21978,9,26,26,True,1,COL1
16007,70061,5,5,7,True,54054,9,23,20,False,-1,COL2
16063,36061,7,7,4,True,19998,9,5,23,False,1,COL1
16073,37061,8,8,1,True,20988,9,15,24,False,-1,COL2
16103,30161,2,2,4,True,14058,9,8,6,False,-1,COL2
16127,72161,8,8,1,True,56034,9,32,11,False,-1,COL2
16193,39161,2,2,4,True,22968,9,24,15,False,-1,COL2
16217,71261,8,8,1,True,55044,9,11,36,False,-1,COL2
16223,32261,5,5,7,True,16038,9,17,34,False,-1,COL2
16249,94261,4,4,7,True,78012,9,6,22,False,1,COL1
16267,76261,4,4,7,True,59994,9,24,4,False,1,COL1
16427,72461,2,2,4,True,56034,9,36,15,False,-1,COL2
16433,33461,8,8,1,True,17028,9,5,13,False,-1,COL2
16453,35461,1,1,1,True,19008,9,25,15,False,1,COL1
16481,18461,2,2,4,True,1980,9,16,35,False,-1,COL2
16493,39461,5,5,7,True,22968,9,28,19,False,-1,COL2
16547,74561,5,5,7,True,58014,9,8,6,False,-1,COL2
16567,76561,7,7,4,True,59994,9,28,8,False,1,COL1
16573,37561,4,4,7,True,20988,9,34,6,False,1,COL1
16603,30661,7,7,4,True,14058,9,27,25,False,1,COL1
16691,19661,5,5,7,True,2970,9,4,14,False,-1,COL2
16699,99661,4,4,7,True,82962,9,12,20,False,1,COL1
16729,92761,7,7,4,True,76032,9,5,2,False,1,COL1
16747,74761,7,7,4,True,58014,9,23,21,False,1,COL1
16763,36761,5,5,7,True,19998,9,2,20,False,-1,COL2
16829,92861,8,8,1,True,76032,9,31,28,False,-1,COL2
16879,97861,4,4,7,True,80982,9,7,33,False,1,COL1
16883,38861,8,8,1,True,21978,9,11,11,True,-1,COL2
16937,73961,8,8,1,True,57024,9,28,35,False,-1,COL2
16943,34961,5,5,7,True,18018,9,34,33,False,-1,COL2
16979,97961,5,5,7,True,80982,9,33,22,False,-1,COL2
17033,33071,5,5,7,True,16038,9,13,30,False,-1,COL2
17047,74071,1,1,1,True,57024,9,27,34,False,1,COL1
17117,71171,8,8,1,True,54054,9,23,20,False,-1,COL2
17203,30271,4,4,7,True,13068,9,35,5,False,1,COL1
17207,70271,8,8,1,True,53064,9,2,8,False,-1,COL2
17209,90271,1,1,1,True,73062,9,4,28,False,1,COL1
17383,38371,4,4,7,True,20988,9,30,2,False,1,COL1
17393,39371,5,5,7,True,21978,9,3,3,True,-1,COL2
17417,71471,2,2,4,True,54054,9,27,24,False,-1,COL2
17443,34471,1,1,1,True,17028,9,16,24,False,1,COL1
17467,76471,7,7,4,True,59004,9,3,29,False,1,COL1
17477,77471,8,8,1,True,59994,9,13,30,False,-1,COL2
17491,19471,4,4,7,True,1980,9,27,9,False,1,COL1
17519,91571,5,5,7,True,74052,9,18,33,False,-1,COL2
17573,37571,5,5,7,True,19998,9,35,16,False,-1,COL2
17579,97571,2,2,4,True,79992,9,4,2,False,-1,COL2
17599,99571,4,4,7,True,81972,9,24,4,False,1,COL1
17627,72671,5,5,7,True,55044,9,15,3,False,-1,COL2
17669,96671,2,2,4,True,79002,9,20,27,False,-1,COL2
17681,18671,5,5,7,True,990,9,32,23,False,-1,COL2
17683,38671,7,7,4,True,20988,9,34,6,False,1,COL1
17713,31771,1,1,1,True,14058,9,27,25,False,1,COL1
17737,73771,7,7,4,True,56034,9,14,30,False,1,COL1
17747,74771,8,8,1,True,57024,9,24,31,False,-1,COL2
17749,94771,1,1,1,True,77022,9,26,14,False,1,COL1
17827,72871,7,7,4,True,55044,9,30,18,False,1,COL1
17839,93871,1,1,1,True,76032,9,5,2,False,1,COL1
17863,36871,7,7,4,True,19008,9,29,19,False,1,COL1
17903,30971,2,2,4,True,13068,9,32,2,False,-1,COL2
17909,90971,8,8,1,True,73062,9,1,25,False,-1,COL2
17923,32971,4,4,7,True,15048,9,15,4,False,1,COL1
17939,93971,2,2,4,True,76032,9,31,28,False,-1,COL2
17959,95971,4,4,7,True,78012,9,14,30,False,1,COL1
18013,31081,4,4,7,True,13068,9,31,1,False,1,COL1
18077,77081,5,5,7,True,59004,9,21,10,False,-1,COL2
18089,98081,8,8,1,True,79992,9,33,31,False,-1,COL2
18133,33181,7,7,4,True,15048,9,3,29,False,1,COL1
18169,96181,7,7,4,True,78012,9,2,18,False,1,COL1
18191,19181,2,2,4,True,990,9,24,15,False,-1,COL2
18199,99181,1,1,1,True,80982,9,32,21,False,1,COL1
18253,35281,1,1,1,True,17028,9,12,20,False,1,COL1
18269,96281,8,8,1,True,78012,9,28,7,False,-1,COL2
18307,70381,1,1,1,True,52074,9,29,7,False,1,COL1
18329,92381,5,5,7,True,74052,9,14,29,False,-1,COL2
18353,35381,2,2,4,True,17028,9,1,9,False,-1,COL2
18379,97381,1,1,1,True,79002,9,27,34,False,1,COL1
18413,31481,8,8,1,True,13068,9,24,31,False,-1,COL2
18427,72481,4,4,7,True,54054,9,1,35,False,1,COL1
18439,93481,7,7,4,True,75042,9,13,19,False,1,COL1
18539,93581,8,8,1,True,75042,9,2,8,False,-1,COL2
18593,39581,8,8,1,True,20988,9,19,28,False,-1,COL2
18637,73681,7,7,4,True,55044,9,26,14,False,1,COL1
18691,19681,7,7,4,True,990,9,6,34,False,1,COL1
18719,91781,8,8,1,True,73062,9,34,21,False,-1,COL2
18743,34781,5,5,7,True,16038,9,21,1,False,-1,COL2
18749,94781,2,2,4,True,76032,9,27,24,False,-1,COL2
18757,75781,1,1,1,True,57024,9,35,5,False,1,COL1
18773,37781,8,8,1,True,19008,9,14,4,False,-1,COL2
18787,78781,4,4,7,True,59994,9,28,8,False,1,COL1
18803,30881,2,2,4,True,12078,9,7,23,False,-1,COL2
18859,95881,4,4,7,True,77022,9,26,14,False,1,COL1
18899,99881,8,8,1,True,80982,9,29,18,False,-1,COL2
18913,31981,4,4,7,True,13068,9,6,13,False,1,COL1
19013,31091,5,5,7,True,12078,9,32,11,False,-1,COL2
19037,73091,2,2,4,True,54054,9,19,16,False,-1,COL2
19163,36191,2,2,4,True,17028,9,34,5,False,-1,COL2
19219,91291,4,4,7,True,72072,9,16,12,False,1,COL1
19237,73291,4,4,7,True,54054,9,34,31,False,1,COL1
19249,94291,7,7,4,True,75042,9,9,15,False,1,COL1
19333,33391,1,1,1,True,14058,9,19,17,False,1,COL1
19403,30491,8,8,1,True,11088,9,15,3,False,-1,COL2
19423,32491,1,1,1,True,13068,9,35,5,False,1,COL1
19477,77491,1,1,1,True,58014,9,15,13,False,1,COL1
19489,98491,4,4,7,True,79002,9,27,34,False,1,COL1
19543,34591,4,4,7,True,15048,9,7,33,False,1,COL1
19553,35591,5,5,7,True,16038,9,17,34,False,-1,COL2
19577,77591,2,2,4,True,58014,9,4,2,False,-1,COL2
19687,78691,4,4,7,True,59004,9,3,29,False,1,COL1
19697,79691,5,5,7,True,59994,9,13,30,False,-1,COL2
19759,95791,4,4,7,True,76032,9,1,35,False,1,COL1
19763,36791,8,8,1,True,17028,9,5,13,False,-1,COL2
19793,39791,2,2,4,True,19998,9,35,16,False,-1,COL2
19813,31891,4,4,7,True,12078,9,18,34,False,1,COL1
19913,31991,5,5,7,True,12078,9,7,23,False,-1,COL2
19973,37991,2,2,4,True,18018,9,30,29,False,-1,COL2
30029,92003,5,5,7,True,61974,9,22,21,False,-1,COL2
30059,95003,8,8,1,True,64944,9,15,24,False,-1,COL2
30139,93103,7,7,4,True,62964,9,21,11,False,1,COL1
30197,79103,2,2,4,True,48906,9,5,34,False,-1,COL2
30223,32203,1,1,1,True,1980,9,31,13,False,1,COL1
30259,95203,1,1,1,True,64944,9,30,2,False,1,COL1
30319,91303,7,7,4,True,60984,9,16,24,False,1,COL1
30323,32303,2,2,4,True,1980,9,20,2,False,-1,COL2
30367,76303,1,1,1,True,45936,9,27,9,False,1,COL1
30467,76403,2,2,4,True,45936,9,16,35,False,-1,COL2
30517,71503,7,7,4,True,40986,9,29,19,False,1,COL1
30529,92503,1,1,1,True,61974,9,4,3,False,1,COL1
30539,93503,2,2,4,True,62964,9,14,4,False,-1,COL2
30557,75503,2,2,4,True,44946,9,32,23,False,-1,COL2
30593,39503,2,2,4,True,8910,9,31,24,False,-1,COL2
30643,34603,7,7,4,True,3960,9,7,8,False,1,COL1
30649,94603,4,4,7,True,63954,9,13,31,False,1,COL1
30757,75703,4,4,7,True,44946,9,10,1,False,1,COL1
30809,90803,2,2,4,True,59994,9,25,5,False,-1,COL2
30853,35803,1,1,1,True,4950,9,32,24,False,1,COL1
30859,95803,7,7,4,True,64944,9,1,10,False,1,COL1
30949,94903,7,7,4,True,63954,9,17,35,False,1,COL1
30983,38903,5,5,7,True,7920,9,14,16,False,-1,COL2
31033,33013,1,1,1,True,1980,9,27,9,False,1,COL1
31063,36013,4,4,7,True,4950,9,20,12,False,1,COL1
31069,96013,1,1,1,True,64944,9,26,35,False,1,COL1
31139,93113,8,8,1,True,61974,9,22,21,False,-1,COL2
31183,38113,7,7,4,True,6930,9,29,3,False,1,COL1
31193,39113,8,8,1,True,7920,9,2,4,False,-1,COL2
31223,32213,2,2,4,True,990,9,32,23,False,-1,COL2
31259,95213,2,2,4,True,63954,9,31,12,False,-1,COL2
31267,76213,1,1,1,True,44946,9,2,30,False,1,COL1
31277,77213,2,2,4,True,45936,9,12,31,False,-1,COL2
31307,70313,5,5,7,True,39006,9,5,13,False,-1,COL2
31327,72313,7,7,4,True,40986,9,25,15,False,1,COL1
31393,39313,1,1,1,True,7920,9,17,19,False,1,COL1
31543,34513,7,7,4,True,2970,9,19,29,False,1,COL1
31627,72613,1,1,1,True,40986,9,29,19,False,1,COL1
31643,34613,8,8,1,True,2970,9,8,18,False,-1,COL2
31649,94613,5,5,7,True,62964,9,14,4,False,-1,COL2
31723,32713,7,7,4,True,990,9,14,5,False,1,COL1
31799,99713,2,2,4,True,67914,9,16,35,False,-1,COL2
31859,95813,8,8,1,True,63954,9,2,20,False,-1,COL2
31873,37813,4,4,7,True,5940,9,16,36,False,1,COL1
31907,70913,2,2,4,True,39006,9,13,21,False,-1,COL2
31957,75913,7,7,4,True,43956,9,26,26,True,1,COL1
31963,36913,4,4,7,True,4950,9,32,24,False,1,COL1
32009,90023,5,5,7,True,58014,9,4,2,False,-1,COL2
32077,77023,1,1,1,True,44946,9,35,26,False,1,COL1
32099,99023,5,5,7,True,66924,9,20,11,False,-1,COL2
32143,34123,4,4,7,True,1980,9,27,9,False,1,COL1
32173,37123,7,7,4,True,4950,9,20,12,False,1,COL1
32189,98123,5,5,7,True,65934,9,36,36,True,-1,COL2
32233,33223,4,4,7,True,990,9,6,34,False,1,COL1
32257,75223,1,1,1,True,42966,9,30,2,False,1,COL1
32299,99223,7,7,4,True,66924,9,35,26,False,1,COL1
32353,35323,7,7,4,True,2970,9,15,25,False,1,COL1
32369,96323,5,5,7,True,63954,9,31,12,False,-1,COL2
32377,77323,4,4,7,True,44946,9,2,30,False,1,COL1
32467,76423,4,4,7,True,43956,9,18,18,True,1,COL1
32479,97423,7,7,4,True,64944,9,30,2,False,1,COL1
32497,79423,7,7,4,True,46926,9,11,21,False,1,COL1
32537,73523,2,2,4,True,40986,9,14,4,False,-1,COL2
32563,36523,1,1,1,True,3960,9,3,4,False,1,COL1
32579,97523,8,8,1,True,64944,9,19,28,False,-1,COL2
32633,33623,8,8,1,True,990,9,36,27,False,-1,COL2
32647,74623,4,4,7,True,41976,9,13,31,False,1,COL1
32687,78623,8,8,1,True,45936,9,16,35,False,-1,COL2
32693,39623,5,5,7,True,6930,9,22,33,False,-1,COL2
32749,94723,7,7,4,True,61974,9,4,3,False,1,COL1
32783,38723,5,5,7,True,5940,9,1,21,False,-1,COL2
32869,96823,1,1,1,True,63954,9,13,31,False,1,COL1
32887,78823,1,1,1,True,45936,9,31,13,False,1,COL1
32933,33923,2,2,4,True,990,9,3,31,False,-1,COL2
32939,93923,8,8,1,True,60984,9,9,17,False,-1,COL2
32983,38923,7,7,4,True,5940,9,16,36,False,1,COL1
32999,99923,5,5,7,True,66924,9,32,23,False,-1,COL2
33029,92033,8,8,1,True,59004,9,25,14,False,-1,COL2
33049,94033,1,1,1,True,60984,9,8,16,False,1,COL1
33199,99133,7,7,4,True,65934,9,10,10,True,1,COL1
33287,78233,5,5,7,True,44946,9,24,15,False,-1,COL2
33317,71333,8,8,1,True,38016,9,17,34,False,-1,COL2
33329,92333,2,2,4,True,59004,9,29,18,False,-1,COL2
33589,98533,1,1,1,True,64944,9,30,2,False,1,COL1
33617,71633,2,2,4,True,38016,9,21,1,False,-1,COL2
33767,76733,8,8,1,True,42966,9,23,32,False,-1,COL2
33809,90833,5,5,7,True,57024,9,28,35,False,-1,COL2
33857,75833,8,8,1,True,41976,9,2,20,False,-1,COL2
33863,36833,5,5,7,True,2970,9,8,18,False,-1,COL2
34129,92143,1,1,1,True,58014,9,15,13,False,1,COL1
34147,74143,1,1,1,True,39996,9,33,32,False,1,COL1
34159,95143,4,4,7,True,60984,9,8,16,False,1,COL1
34267,76243,4,4,7,True,41976,9,5,23,False,1,COL1
34273,37243,1,1,1,True,2970,9,11,21,False,1,COL1
34367,76343,5,5,7,True,41976,9,31,12,False,-1,COL2
34469,96443,8,8,1,True,61974,9,22,21,False,-1,COL2
34549,94543,7,7,4,True,59994,9,28,8,False,1,COL1
34583,38543,5,5,7,True,3960,9,25,26,False,-1,COL2
34589,98543,2,2,4,True,63954,9,31,12,False,-1,COL2
34673,37643,5,5,7,True,2970,9,4,14,False,-1,COL2
34687,78643,1,1,1,True,43956,9,18,18,True,1,COL1
34757,75743,8,8,1,True,40986,9,14,4,False,-1,COL2
34807,70843,4,4,7,True,36036,9,27,25,False,1,COL1
34847,74843,8,8,1,True,39996,9,30,29,False,-1,COL2
34897,79843,4,4,7,True,44946,9,6,34,False,1,COL1
34919,91943,8,8,1,True,57024,9,28,35,False,-1,COL2
34963,36943,7,7,4,True,1980,9,35,17,False,1,COL1
35027,72053,8,8,1,True,37026,9,25,14,False,-1,COL2
35069,96053,5,5,7,True,60984,9,30,1,False,-1,COL2
35083,38053,1,1,1,True,2970,9,7,17,False,1,COL1
35099,99053,8,8,1,True,63954,9,23,4,False,-1,COL2
35117,71153,8,8,1,True,36036,9,4,2,False,-1,COL2
35129,92153,2,2,4,True,57024,9,16,23,False,-1,COL2
35149,94153,4,4,7,True,59004,9,36,25,False,1,COL1
35159,95153,5,5,7,True,59994,9,9,26,False,-1,COL2
35227,72253,1,1,1,True,37026,9,3,29,False,1,COL1
35257,75253,4,4,7,True,39996,9,33,32,False,1,COL1
35267,76253,5,5,7,True,40986,9,6,33,False,-1,COL2
35317,71353,1,1,1,True,36036,9,19,17,False,1,COL1
35327,72353,2,2,4,True,37026,9,29,18,False,-1,COL2
35363,36353,2,2,4,True,990,9,28,19,False,-1,COL2
35419,91453,4,4,7,True,56034,9,10,26,False,1,COL1
35437,73453,4,4,7,True,38016,9,28,8,False,1,COL1
35447,74453,5,5,7,True,39006,9,1,9,False,-1,COL2
35537,73553,5,5,7,True,38016,9,17,34,False,-1,COL2
35569,96553,1,1,1,True,60984,9,12,20,False,1,COL1
35729,92753,8,8,1,True,57024,9,24,31,False,-1,COL2
35969,96953,5,5,7,True,60984,9,5,13,False,-1,COL2
35983,38953,1,1,1,True,2970,9,19,29,False,1,COL1
35993,39953,2,2,4,True,3960,9,29,30,False,-1,COL2
36037,73063,1,1,1,True,37026,9,36,25,False,1,COL1
36097,79063,7,7,4,True,42966,9,22,31,False,1,COL1
36107,70163,8,8,1,True,34056,9,32,11,False,-1,COL2
36109,90163,1,1,1,True,54054,9,34,31,False,1,COL1
36187,78163,7,7,4,True,41976,9,1,19,False,1,COL1
36209,90263,2,2,4,True,54054,9,23,20,False,-1,COL2
36217,71263,1,1,1,True,35046,9,31,1,False,1,COL1
36269,96263,8,8,1,True,59994,9,9,26,False,-1,COL2
36277,77263,7,7,4,True,40986,9,17,7,False,1,COL1
36373,37363,4,4,7,True,990,9,2,30,False,1,COL1
36467,76463,8,8,1,True,39996,9,22,21,False,-1,COL2
36473,37463,5,5,7,True,990,9,28,19,False,-1,COL2
36479,97463,2,2,4,True,60984,9,34,5,False,-1,COL2
36599,99563,5,5,7,True,62964,9,6,33,False,-1,COL2
36607,70663,4,4,7,True,34056,9,14,30,False,1,COL1
36739,93763,1,1,1,True,57024,9,35,5,False,1,COL1
36809,90863,8,8,1,True,54054,9,31,28,False,-1,COL2
36877,77863,4,4,7,True,40986,9,25,15,False,1,COL1
36973,37963,1,1,1,True,990,9,10,1,False,1,COL1
37199,99173,2,2,4,True,61974,9,14,13,False,-1,COL2
37307,70373,2,2,4,True,33066,9,11,36,False,-1,COL2
37309,90373,4,4,7,True,53064,9,13,19,False,1,COL1
37379,97373,2,2,4,True,59994,9,9,26,False,-1,COL2
37409,90473,5,5,7,True,53064,9,2,8,False,-1,COL2
37489,98473,4,4,7,True,60984,9,8,16,False,1,COL1
37507,70573,4,4,7,True,33066,9,26,14,False,1,COL1
37547,74573,8,8,1,True,37026,9,29,18,False,-1,COL2
37549,94573,1,1,1,True,57024,9,31,1,False,1,COL1
37589,98573,5,5,7,True,60984,9,34,5,False,-1,COL2
37619,91673,8,8,1,True,54054,9,27,24,False,-1,COL2
37847,74873,2,2,4,True,37026,9,33,22,False,-1,COL2
37889,98873,8,8,1,True,60984,9,1,9,False,-1,COL2
37897,79873,7,7,4,True,41976,9,9,27,False,1,COL1
37997,79973,8,8,1,True,41976,9,35,16,False,-1,COL2
38039,93083,5,5,7,True,55044,9,3,28,False,-1,COL2
38119,91183,4,4,7,True,53064,9,9,15,False,1,COL1
38219,91283,5,5,7,True,53064,9,35,4,False,-1,COL2
38239,93283,7,7,4,True,55044,9,18,6,False,1,COL1
38287,78283,1,1,1,True,39996,9,29,28,False,1,COL1
38327,72383,5,5,7,True,34056,9,32,11,False,-1,COL2
38329,92383,7,7,4,True,54054,9,34,31,False,1,COL1
38377,77383,1,1,1,True,39006,9,8,16,False,1,COL1
38393,39383,8,8,1,True,990,9,24,15,False,-1,COL2
38449,94483,1,1,1,True,56034,9,6,22,False,1,COL1
38459,95483,2,2,4,True,57024,9,16,23,False,-1,COL2
38557,75583,1,1,1,True,37026,9,3,29,False,1,COL1
38629,92683,1,1,1,True,54054,9,1,35,False,1,COL1
38639,93683,2,2,4,True,55044,9,11,36,False,-1,COL2
38707,70783,7,7,4,True,32076,9,5,2,False,1,COL1
38737,73783,1,1,1,True,35046,9,35,5,False,1,COL1
38867,76883,5,5,7,True,38016,9,17,34,False,-1,COL2
38917,71983,1,1,1,True,33066,9,30,18,False,1,COL1
38977,77983,7,7,4,True,39006,9,16,24,False,1,COL1
38993,39983,5,5,7,True,990,9,32,23,False,-1,COL2
39047,74093,5,5,7,True,35046,9,12,19,False,-1,COL2
39119,91193,5,5,7,True,52074,9,10,25,False,-1,COL2
39157,75193,7,7,4,True,36036,9,11,9,False,1,COL1
39217,71293,4,4,7,True,32076,9,34,31,False,1,COL1
39359,95393,2,2,4,True,56034,9,28,7,False,-1,COL2
39397,79393,4,4,7,True,39996,9,29,28,False,1,COL1
39419,91493,8,8,1,True,52074,9,14,29,False,-1,COL2
39439,93493,1,1,1,True,54054,9,34,31,False,1,COL1
39709,90793,1,1,1,True,51084,9,8,32,False,1,COL1
39749,94793,5,5,7,True,55044,9,11,36,False,-1,COL2
39799,99793,1,1,1,True,59994,9,24,4,False,1,COL1
39827,72893,2,2,4,True,33066,9,15,3,False,-1,COL2
39829,92893,4,4,7,True,53064,9,17,23,False,1,COL1
39839,93893,5,5,7,True,54054,9,27,24,False,-1,COL2
39869,96893,8,8,1,True,57024,9,20,27,False,-1,COL2
39877,77893,7,7,4,True,38016,9,28,8,False,1,COL1
39887,78893,8,8,1,True,39006,9,1,9,False,-1,COL2
39929,92993,5,5,7,True,53064,9,6,12,False,-1,COL2
39989,98993,2,2,4,True,59004,9,29,18,False,-1,COL2
70009,90007,7,7,4,True,19998,9,5,23,False,1,COL1
70079,97007,5,5,7,True,26928,9,1,30,False,-1,COL2
70249,94207,4,4,7,True,23958,9,23,5,False,1,COL1
70289,98207,8,8,1,True,27918,9,26,9,False,-1,COL2
70327,72307,1,1,1,True,1980,9,27,9,False,1,COL1
70439,93407,5,5,7,True,22968,9,28,19,False,-1,COL2
70457,75407,5,5,7,True,4950,9,9,1,False,-1,COL2
70489,98407,1,1,1,True,27918,9,4,24,False,1,COL1
70529,92507,5,5,7,True,21978,9,7,7,True,-1,COL2
70589,98507,2,2,4,True,27918,9,30,13,False,-1,COL2
70639,93607,7,7,4,True,22968,9,6,34,False,1,COL1
70667,76607,8,8,1,True,5940,9,34,17,False,-1,COL2
70687,78607,1,1,1,True,7920,9,17,19,False,1,COL1
70717,71707,4,4,7,True,990,9,10,1,False,1,COL1
70729,92707,7,7,4,True,21978,9,22,22,True,1,COL1
70937,73907,8,8,1,True,2970,9,8,18,False,-1,COL2
70949,94907,2,2,4,True,23958,9,20,2,False,-1,COL2
70969,96907,4,4,7,True,25938,9,3,4,False,1,COL1
70997,79907,5,5,7,True,8910,9,31,24,False,-1,COL2
70999,99907,7,7,4,True,28908,9,33,7,False,1,COL1
71069,96017,5,5,7,True,24948,9,29,2,False,-1,COL2
71089,98017,7,7,4,True,26928,9,12,4,False,1,COL1
71209,90217,1,1,1,True,19008,9,21,11,False,1,COL1
71257,75217,4,4,7,True,3960,9,32,33,False,1,COL1
71329,92317,4,4,7,True,20988,9,30,2,False,1,COL1
71347,74317,4,4,7,True,2970,9,11,21,False,1,COL1
71359,95317,7,7,4,True,23958,9,23,5,False,1,COL1
71387,78317,8,8,1,True,6930,9,14,25,False,-1,COL2
71389,98317,1,1,1,True,26928,9,16,8,False,1,COL1
71399,99317,2,2,4,True,27918,9,26,9,False,-1,COL2
71437,73417,4,4,7,True,1980,9,27,9,False,1,COL1
71537,73517,5,5,7,True,1980,9,16,35,False,-1,COL2
71569,96517,1,1,1,True,24948,9,11,21,False,1,COL1
71789,98717,5,5,7,True,26928,9,9,1,False,-1,COL2
71899,99817,7,7,4,True,27918,9,8,28,False,1,COL1
71909,90917,8,8,1,True,19008,9,18,8,False,-1,COL2
72047,74027,2,2,4,True,1980,9,8,27,False,-1,COL2
72109,90127,1,1,1,True,18018,9,33,32,False,1,COL1
72229,92227,4,4,7,True,19998,9,5,23,False,1,COL1
72337,73327,4,4,7,True,990,9,2,30,False,1,COL1
72379,97327,1,1,1,True,24948,9,7,17,False,1,COL1
72497,79427,2,2,4,True,6930,9,14,25,False,-1,COL2
72547,74527,7,7,4,True,1980,9,27,9,False,1,COL1
72559,95527,1,1,1,True,22968,9,2,30,False,1,COL1
72577,77527,1,1,1,True,4950,9,20,12,False,1,COL1
72689,98627,5,5,7,True,25938,9,21,22,False,-1,COL2
72869,96827,5,5,7,True,23958,9,16,35,False,-1,COL2
73277,77237,8,8,1,True,3960,9,17,18,False,-1,COL2
73369,96337,1,1,1,True,22968,9,35,26,False,1,COL1
73597,79537,4,4,7,True,5940,9,4,24,False,1,COL1
73819,91837,1,1,1,True,18018,9,4,3,False,1,COL1
73849,94837,4,4,7,True,20988,9,34,6,False,1,COL1
73867,76837,4,4,7,True,2970,9,15,25,False,1,COL1
73939,93937,4,4,7,True,19998,9,13,31,False,1,COL1
74077,77047,7,7,4,True,2970,9,3,13,False,1,COL1
74167,76147,7,7,4,True,1980,9,19,1,False,1,COL1
74197,79147,1,1,1,True,4950,9,12,4,False,1,COL1
74209,90247,4,4,7,True,16038,9,24,4,False,1,COL1
74357,75347,8,8,1,True,990,9,24,15,False,-1,COL2
74377,77347,1,1,1,True,2970,9,7,17,False,1,COL1
74449,94447,1,1,1,True,19998,9,5,23,False,1,COL1
74509,90547,7,7,4,True,16038,9,28,8,False,1,COL1
74609,90647,8,8,1,True,16038,9,17,34,False,-1,COL2
74759,95747,5,5,7,True,20988,9,19,28,False,-1,COL2
74869,96847,7,7,4,True,21978,9,18,18,True,1,COL1
74897,79847,8,8,1,True,4950,9,9,1,False,-1,COL2
74959,95947,7,7,4,True,20988,9,34,6,False,1,COL1
75167,76157,8,8,1,True,990,9,20,11,False,-1,COL2
75169,96157,1,1,1,True,20988,9,22,31,False,1,COL1
75239,93257,8,8,1,True,18018,9,18,17,False,-1,COL2
75289,98257,4,4,7,True,22968,9,31,22,False,1,COL1
75329,92357,8,8,1,True,17028,9,34,5,False,-1,COL2
75539,93557,2,2,4,True,18018,9,22,21,False,-1,COL2
75577,77557,4,4,7,True,1980,9,23,5,False,1,COL1
75629,92657,2,2,4,True,17028,9,1,9,False,-1,COL2
75767,76757,5,5,7,True,990,9,28,19,False,-1,COL2
75797,79757,8,8,1,True,3960,9,21,22,False,-1,COL2
75869,96857,8,8,1,True,20988,9,19,28,False,-1,COL2
76259,95267,2,2,4,True,19008,9,2,29,False,-1,COL2
76379,97367,5,5,7,True,20988,9,11,20,False,-1,COL2
76387,78367,4,4,7,True,1980,9,19,1,False,1,COL1
76487,78467,5,5,7,True,1980,9,8,27,False,-1,COL2
76819,91867,4,4,7,True,15048,9,7,33,False,1,COL1
76829,92867,5,5,7,True,16038,9,17,34,False,-1,COL2
76919,91967,5,5,7,True,15048,9,33,22,False,-1,COL2
77029,92077,7,7,4,True,15048,9,32,21,False,1,COL1
77339,93377,2,2,4,True,16038,9,9,26,False,-1,COL2
77369,96377,5,5,7,True,19008,9,2,29,False,-1,COL2
77587,78577,7,7,4,True,990,9,35,26,False,1,COL1
77797,79777,1,1,1,True,1980,9,23,5,False,1,COL1
77899,99877,4,4,7,True,21978,9,14,14,True,1,COL1
78059,95087,2,2,4,True,17028,9,26,34,False,-1,COL2
78139,93187,1,1,1,True,15048,9,32,21,False,1,COL1
78179,97187,5,5,7,True,19008,9,35,25,False,-1,COL2
78259,95287,4,4,7,True,17028,9,4,12,False,1,COL1
78439,93487,4,4,7,True,15048,9,36,25,False,1,COL1
78569,96587,8,8,1,True,18018,9,18,17,False,-1,COL2
78649,94687,7,7,4,True,16038,9,24,4,False,1,COL1
78697,79687,1,1,1,True,990,9,35,26,False,1,COL1
78779,97787,2,2,4,True,19008,9,6,33,False,-1,COL2
78809,90887,5,5,7,True,12078,9,36,15,False,-1,COL2
78839,93887,8,8,1,True,15048,9,29,18,False,-1,COL2
78889,98887,4,4,7,True,19998,9,5,23,False,1,COL1
78929,92987,8,8,1,True,14058,9,8,6,False,-1,COL2
78979,97987,4,4,7,True,19008,9,21,11,False,1,COL1
79039,93097,1,1,1,True,14058,9,7,5,False,1,COL1
79229,92297,2,2,4,True,13068,9,12,19,False,-1,COL2
79309,90397,1,1,1,True,11088,9,18,6,False,1,COL1
79319,91397,2,2,4,True,12078,9,28,7,False,-1,COL2
79349,94397,5,5,7,True,15048,9,21,10,False,-1,COL2
79379,97397,8,8,1,True,18018,9,14,13,False,-1,COL2
79399,99397,1,1,1,True,19998,9,34,15,False,1,COL1
79549,94597,7,7,4,True,15048,9,36,25,False,1,COL1
79559,95597,8,8,1,True,16038,9,9,26,False,-1,COL2
79589,98597,2,2,4,True,19008,9,2,29,False,-1,COL2
79609,90697,4,4,7,True,11088,9,22,10,False,1,COL1
79669,96697,1,1,1,True,17028,9,8,16,False,1,COL1
79769,96797,2,2,4,True,17028,9,34,5,False,-1,COL2
79889,98897,5,5,7,True,19008,9,6,33,False,-1,COL2
79939,93997,1,1,1,True,14058,9,19,17,False,1,COL1
90019,91009,1,1,1,True,990,9,35,26,False,1,COL1
90059,95009,5,5,7,True,4950,9,1,30,False,-1,COL2
90089,98009,8,8,1,True,7920,9,31,33,False,-1,COL2
90149,94109,5,5,7,True,3960,9,17,18,False,-1,COL2
90199,99109,1,1,1,True,8910,9,30,23,False,1,COL1
90499,99409,4,4,7,True,8910,9,34,27,False,1,COL1
90679,97609,4,4,7,True,6930,9,29,3,False,1,COL1
90749,94709,2,2,4,True,3960,9,25,26,False,-1,COL2
90989,98909,8,8,1,True,7920,9,6,8,False,-1,COL2
91129,92119,4,4,7,True,990,9,35,26,False,1,COL1
91199,99119,2,2,4,True,7920,9,31,33,False,-1,COL2
91229,92219,5,5,7,True,990,9,24,15,False,-1,COL2
91249,94219,7,7,4,True,2970,9,7,17,False,1,COL1
91459,95419,1,1,1,True,3960,9,32,33,False,1,COL1
92189,98129,2,2,4,True,5940,9,22,5,False,-1,COL2
92369,96329,2,2,4,True,3960,9,17,18,False,-1,COL2
92459,95429,2,2,4,True,2970,9,33,6,False,-1,COL2
92479,97429,4,4,7,True,4950,9,16,8,False,1,COL1
92489,98429,5,5,7,True,5940,9,26,9,False,-1,COL2
92639,93629,2,2,4,True,990,9,28,19,False,-1,COL2
92779,97729,7,7,4,True,4950,9,20,12,False,1,COL1
92789,98729,8,8,1,True,5940,9,30,13,False,-1,COL2
92899,99829,1,1,1,True,6930,9,29,3,False,1,COL1
92959,95929,7,7,4,True,2970,9,15,25,False,1,COL1
93199,99139,4,4,7,True,5940,9,33,16,False,1,COL1
93559,95539,4,4,7,True,1980,9,23,5,False,1,COL1
94169,96149,2,2,4,True,1980,9,4,23,False,-1,COL2
94399,99349,7,7,4,True,4950,9,12,4,False,1,COL1
94559,95549,5,5,7,True,990,9,24,15,False,-1,COL2
94889,98849,2,2,4,True,3960,9,21,22,False,-1,COL2
95279,97259,5,5,7,True,1980,9,4,23,False,-1,COL2
95479,97459,7,7,4,True,1980,9,19,1,False,1,COL1
96179,97169,5,5,7,True,990,9,16,7,False,-1,COL2
96289,98269,7,7,4,True,1980,9,15,34,False,1,COL1
97789,98779,4,4,7,True,990,9,35,26,False,1,COL1
98299,99289,1,1,1,True,990,9,27,18,False,1,COL1
98999,99989,8,8,1,True,990,9,24,15,False,-1,COL2
100049,940001,5,5,7,True,839952,9,1,16,False,-1,COL2
100129,921001,4,4,7,True,820872,9,7,34,False,1,COL1
100183,381001,4,4,7,True,280818,9,24,12,False,1,COL1
100267,762001,7,7,4,True,661734,9,34,23,False,1,COL1
100271,172001,2,2,4,True,71730,9,1,25,False,-1,COL2
100279,972001,1,1,1,True,871722,9,9,11,False,1,COL1
100357,753001,7,7,4,True,652644,9,13,14,False,1,COL1
100379,973001,2,2,4,True,872622,9,35,12,False,-1,COL2
100411,114001,7,7,4,True,13590,9,30,4,False,1,COL1
100459,954001,1,1,1,True,853542,9,4,30,False,1,COL1
100483,384001,7,7,4,True,283518,9,28,15,False,1,COL1
100511,115001,8,8,1,True,14490,9,19,5,False,-1,COL2
100523,325001,2,2,4,True,224478,9,31,30,False,-1,COL2
100537,735001,7,7,4,True,634464,9,8,33,False,1,COL1
100547,745001,8,8,1,True,644454,9,18,6,False,-1,COL2
100621,126001,1,1,1,True,25380,9,18,16,False,1,COL1
100673,376001,8,8,1,True,275328,9,33,7,False,-1,COL2
100693,396001,1,1,1,True,295308,9,16,27,False,1,COL1
100699,996001,7,7,4,True,895302,9,22,35,False,1,COL1
100799,997001,8,8,1,True,896202,9,11,36,False,-1,COL2
100829,928001,2,2,4,True,827172,9,4,4,True,-1,COL2
100913,319001,5,5,7,True,218088,9,14,24,False,-1,COL2
100957,759001,4,4,7,True,658044,9,21,20,False,1,COL1
100987,789001,7,7,4,True,688014,9,14,13,False,1,COL1
101027,720101,2,2,4,True,619074,9,17,7,False,-1,COL2
101119,911101,4,4,7,True,809982,9,35,13,False,1,COL1
101141,141101,8,8,1,True,39960,9,20,20,True,-1,COL2
101159,951101,8,8,1,True,849942,9,1,16,False,-1,COL2
101207,702101,2,2,4,True,600894,9,12,26,False,-1,COL2
101267,762101,8,8,1,True,660834,9,35,12,False,-1,COL2
101281,182101,4,4,7,True,80820,9,12,24,False,1,COL1
101293,392101,7,7,4,True,290808,9,24,12,False,1,COL1
101323,323101,1,1,1,True,221778,9,17,17,True,1,COL1
101333,333101,2,2,4,True,231768,9,27,27,True,-1,COL2
101383,383101,7,7,4,True,281718,9,3,3,True,1,COL1
101429,924101,8,8,1,True,822672,9,12,26,False,-1,COL2
101503,305101,1,1,1,True,203598,9,12,36,False,1,COL1
101531,135101,2,2,4,True,33570,9,3,14,False,-1,COL2
101573,375101,8,8,1,True,273528,9,8,32,False,-1,COL2
101611,116101,1,1,1,True,14490,9,9,32,False,1,COL1
101627,726101,8,8,1,True,624474,9,25,13,False,-1,COL2
101653,356101,7,7,4,True,254448,9,14,13,False,1,COL1
101701,107101,1,1,1,True,5400,9,25,23,False,1,COL1
101719,917101,1,1,1,True,815382,9,6,19,False,1,COL1
101771,177101,8,8,1,True,75330,9,21,19,False,-1,COL2
101789,987101,8,8,1,True,885312,9,2,15,False,-1,COL2
101869,968101,7,7,4,True,866232,9,8,33,False,1,COL1
101873,378101,2,2,4,True,276228,9,12,35,False,-1,COL2
101917,719101,1,1,1,True,617184,9,19,6,False,1,COL1
101977,779101,7,7,4,True,677124,9,5,29,False,1,COL1
101987,789101,8,8,1,True,687114,9,15,2,False,-1,COL2
101999,999101,2,2,4,True,897102,9,27,27,True,-1,COL2
102019,910201,4,4,7,True,808182,9,10,1,False,1,COL1
102031,130201,7,7,4,True,28170,9,22,35,False,1,COL1
102043,340201,1,1,1,True,238158,9,34,23,False,1,COL1
102061,160201,1,1,1,True,58140,9,15,28,False,1,COL1
102079,970201,1,1,1,True,868122,9,33,24,False,1,COL1
102149,941201,8,8,1,True,839052,9,29,32,False,-1,COL2
102161,161201,2,2,4,True,59040,9,4,29,False,-1,COL2
102181,181201,4,4,7,True,79020,9,24,12,False,1,COL1
102197,791201,2,2,4,True,689004,9,3,30,False,-1,COL2
102199,991201,4,4,7,True,889002,9,5,8,False,1,COL1
102233,332201,2,2,4,True,229968,9,2,15,False,-1,COL2
102253,352201,4,4,7,True,249948,9,22,35,False,1,COL1
102293,392201,8,8,1,True,289908,9,25,1,False,-1,COL2
102329,923201,8,8,1,True,820872,9,24,14,False,-1,COL2
102367,763201,1,1,1,True,660834,9,25,2,False,1,COL1
102409,904201,7,7,4,True,801792,9,30,32,False,1,COL1
102461,164201,5,5,7,True,61740,9,8,32,False,-1,COL2
102497,794201,5,5,7,True,691704,9,7,33,False,-1,COL2
102523,325201,4,4,7,True,222678,9,33,8,False,1,COL1
102539,935201,2,2,4,True,832662,9,12,26,False,-1,COL2
102547,745201,1,1,1,True,642654,9,20,21,False,1,COL1
102551,155201,5,5,7,True,52650,9,24,23,False,-1,COL2
102563,365201,8,8,1,True,262638,9,36,11,False,-1,COL2
102593,395201,2,2,4,True,292608,9,29,4,False,-1,COL2
102607,706201,7,7,4,True,603594,9,6,19,False,1,COL1
102611,116201,2,2,4,True,13590,9,10,21,False,-1,COL2
102643,346201,7,7,4,True,243558,9,5,29,False,1,COL1
102677,776201,5,5,7,True,673524,9,2,15,False,-1,COL2
102701,107201,2,2,4,True,4500,9,26,12,False,-1,COL2
102763,367201,1,1,1,True,264438,9,14,13,False,1,COL1
102769,967201,7,7,4,True,864432,9,20,21,False,1,COL1
102797,797201,8,8,1,True,694404,9,11,36,False,-1,COL2
102841,148201,7,7,4,True,45360,9,18,16,False,1,COL1
102877,778201,7,7,4,True,675324,9,17,17,True,1,COL1
102913,319201,7,7,4,True,216288,9,16,2,False,1,COL1
102931,139201,7,7,4,True,36270,9,34,7,False,1,COL1
103049,940301,8,8,1,True,837252,9,4,20,False,-1,COL2
103067,760301,8,8,1,True,657234,9,22,25,False,-1,COL2
103091,190301,5,5,7,True,87210,9,9,10,False,-1,COL2
103123,321301,1,1,1,True,218178,9,4,30,False,1,COL1
103141,141301,1,1,1,True,38160,9,22,35,False,1,COL1
103177,771301,1,1,1,True,668124,9,21,36,False,1,COL1
103183,381301,7,7,4,True,278118,9,27,16,False,1,COL1
103217,712301,5,5,7,True,609084,9,24,14,False,-1,COL2
103289,982301,5,5,7,True,879012,9,22,25,False,-1,COL2
103307,703301,5,5,7,True,599994,9,3,5,False,-1,COL2
103349,943301,2,2,4,True,839952,9,8,23,False,-1,COL2
103391,193301,8,8,1,True,89910,9,13,13,True,-1,COL2
103393,393301,1,1,1,True,289908,9,15,28,False,1,COL1
103421,124301,2,2,4,True,20880,9,6,18,False,-1,COL2
103423,324301,4,4,7,True,220878,9,8,33,False,1,COL1
103457,754301,2,2,4,True,650844,9,5,19,False,-1,COL2
103483,384301,1,1,1,True,280818,9,31,19,False,1,COL1
103511,115301,2,2,4,True,11790,9,22,9,False,-1,COL2
103613,316301,5,5,7,True,212688,9,13,25,False,-1,COL2
103681,186301,1,1,1,True,82620,9,7,6,False,1,COL1
103699,996301,1,1,1,True,892602,9,25,2,False,1,COL1
103703,307301,5,5,7,True,203598,9,29,16,False,-1,COL2
103801,108301,4,4,7,True,4500,9,16,2,False,1,COL1
103813,318301,7,7,4,True,214488,9,28,27,False,1,COL1
103837,738301,4,4,7,True,634464,9,15,3,False,1,COL1
103841,148301,8,8,1,True,44460,9,19,5,False,-1,COL2
103867,768301,7,7,4,True,664434,9,8,33,False,1,COL1
103919,919301,5,5,7,True,815382,9,23,36,False,-1,COL2
103963,369301,4,4,7,True,265338,9,30,4,False,1,COL1
103969,969301,1,1,1,True,865332,9,36,12,False,1,COL1
103997,799301,2,2,4,True,695304,9,27,27,True,-1,COL2
104021,120401,8,8,1,True,16380,9,14,3,False,-1,COL2
104059,950401,1,1,1,True,846342,9,15,19,False,1,COL1
104087,780401,2,2,4,True,676314,9,6,34,False,-1,COL2
104089,980401,4,4,7,True,876312,9,8,12,False,1,COL1
104107,701401,4,4,7,True,597294,9,26,29,False,1,COL1
104147,741401,8,8,1,True,637254,9,29,32,False,-1,COL2
104179,971401,4,4,7,True,867222,9,24,3,False,1,COL1
104183,381401,8,8,1,True,277218,9,28,5,False,-1,COL2
104347,743401,1,1,1,True,639054,9,7,34,False,1,COL1
104393,393401,2,2,4,True,289008,9,16,17,False,-1,COL2
104399,993401,8,8,1,True,889002,9,22,25,False,-1,COL2
104479,974401,7,7,4,True,869922,9,28,6,False,1,COL1
104639,936401,5,5,7,True,831762,9,3,5,False,-1,COL2
104659,956401,7,7,4,True,851742,9,23,25,False,1,COL1
104677,776401,7,7,4,True,671724,9,4,30,False,1,COL1
104683,386401,4,4,7,True,281718,9,10,10,True,1,COL1
104723,327401,8,8,1,True,222678,9,13,25,False,-1,COL2
104743,347401,1,1,1,True,242658,9,33,8,False,1,COL1
104801,108401,5,5,7,True,3600,9,17,28,False,-1,COL2
104831,138401,8,8,1,True,33570,9,10,21,False,-1,COL2
104849,948401,8,8,1,True,843552,9,28,17,False,-1,COL2
104947,749401,7,7,4,True,644454,9,15,3,False,1,COL1
105097,790501,4,4,7,True,685404,9,17,33,False,1,COL1
105137,731501,8,8,1,True,626364,9,20,11,False,-1,COL2
105143,341501,5,5,7,True,236358,9,26,28,False,-1,COL2
105211,112501,1,1,1,True,7290,9,20,21,False,1,COL1
105251,152501,5,5,7,True,47250,9,23,24,False,-1,COL2
105341,143501,5,5,7,True,38160,9,2,15,False,-1,COL2
105359,953501,5,5,7,True,848142,9,20,11,False,-1,COL2
105373,373501,1,1,1,True,268128,9,34,23,False,1,COL1
105467,764501,5,5,7,True,659034,9,17,7,False,-1,COL2
105499,994501,1,1,1,True,889002,9,12,15,False,1,COL1
105529,925501,4,4,7,True,819972,9,5,20,False,1,COL1
105541,145501,7,7,4,True,39960,9,17,17,True,1,COL1
105601,106501,4,4,7,True,900,9,3,15,False,1,COL1
105613,316501,7,7,4,True,210888,9,15,3,False,1,COL1
105619,916501,4,4,7,True,810882,9,21,11,False,1,COL1
105653,356501,2,2,4,True,250848,9,18,6,False,-1,COL2
105667,766501,7,7,4,True,660834,9,32,9,False,1,COL1
105673,376501,4,4,7,True,270828,9,1,26,False,1,COL1
105683,386501,5,5,7,True,280818,9,11,36,False,-1,COL2
105691,196501,4,4,7,True,90810,9,19,31,False,1,COL1
105727,727501,4,4,7,True,621774,9,18,7,False,1,COL1
105769,967501,1,1,1,True,861732,9,23,25,False,1,COL1
105871,178501,4,4,7,True,72630,9,14,13,False,1,COL1
105929,929501,8,8,1,True,823572,9,35,24,False,-1,COL2
105953,359501,5,5,7,True,253548,9,22,9,False,-1,COL2
106087,780601,4,4,7,True,674514,9,8,12,False,1,COL1
106103,301601,2,2,4,True,195498,9,24,14,False,-1,COL2
106129,921601,1,1,1,True,815472,9,13,5,False,1,COL1
106187,781601,5,5,7,True,675414,9,34,13,False,-1,COL2
106189,981601,7,7,4,True,875412,9,36,28,False,1,COL1
106213,312601,4,4,7,True,206388,9,23,25,False,1,COL1
106217,712601,8,8,1,True,606384,9,27,18,False,-1,COL2
106261,162601,7,7,4,True,56340,9,34,23,False,1,COL1
106291,192601,1,1,1,True,86310,9,27,16,False,1,COL1
106297,792601,7,7,4,True,686304,9,33,24,False,1,COL1
106321,123601,4,4,7,True,17280,9,20,21,False,1,COL1
106349,943601,5,5,7,True,837252,9,11,27,False,-1,COL2
106367,763601,5,5,7,True,657234,9,29,32,False,-1,COL2
106391,193601,2,2,4,True,87210,9,16,17,False,-1,COL2
106397,793601,8,8,1,True,687204,9,22,25,False,-1,COL2
106411,114601,4,4,7,True,8190,9,36,12,False,1,COL1
106417,714601,1,1,1,True,608184,9,5,20,False,1,COL1
106427,724601,2,2,4,True,618174,9,15,30,False,-1,COL2
106531,135601,7,7,4,True,29070,9,8,33,False,1,COL1
106541,145601,8,8,1,True,39060,9,18,6,False,-1,COL2
106543,345601,1,1,1,True,239058,9,20,21,False,1,COL1
106621,126601,7,7,4,True,19980,9,24,24,True,1,COL1
106627,726601,4,4,7,True,619974,9,30,32,False,1,COL1
106657,756601,7,7,4,True,649944,9,23,25,False,1,COL1
106661,166601,2,2,4,True,59940,9,27,27,True,-1,COL2
106681,186601,4,4,7,True,79920,9,10,10,True,1,COL1
106693,396601,7,7,4,True,289908,9,22,35,False,1,COL1
106699,996601,4,4,7,True,889902,9,28,6,False,1,COL1
106721,127601,8,8,1,True,20880,9,13,25,False,-1,COL2
106759,957601,1,1,1,True,850842,9,14,4,False,1,COL1
106787,787601,2,2,4,True,680814,9,5,19,False,-1,COL2
106853,358601,5,5,7,True,251748,9,34,34,True,-1,COL2
106861,168601,4,4,7,True,61740,9,5,29,False,1,COL1
106871,178601,5,5,7,True,71730,9,15,2,False,-1,COL2
106937,739601,8,8,1,True,632664,9,7,8,False,-1,COL2
106993,399601,1,1,1,True,292608,9,26,1,False,1,COL1
107071,170701,7,7,4,True,63630,9,30,20,False,1,COL1
107279,972701,8,8,1,True,865422,9,16,8,False,-1,COL2
107309,903701,2,2,4,True,796392,9,9,13,False,-1,COL2
107351,153701,8,8,1,True,46350,9,14,3,False,-1,COL2
107441,144701,8,8,1,True,37260,9,30,31,False,-1,COL2
107449,944701,7,7,4,True,837252,9,1,17,False,1,COL1
107453,354701,2,2,4,True,247248,9,5,19,False,-1,COL2
107473,374701,4,4,7,True,267228,9,25,2,False,1,COL1
107509,905701,4,4,7,True,798192,9,24,15,False,1,COL1
107603,306701,8,8,1,True,199098,9,7,8,False,-1,COL2
107609,906701,5,5,7,True,799092,9,13,16,False,-1,COL2
107641,146701,1,1,1,True,39060,9,8,33,False,1,COL1
107687,786701,2,2,4,True,679014,9,17,7,False,-1,COL2
107713,317701,1,1,1,True,209988,9,6,19,False,1,COL1
107827,728701,7,7,4,True,620874,9,9,23,False,1,COL1
107881,188701,7,7,4,True,80820,9,26,1,False,1,COL1
107897,798701,5,5,7,True,690804,9,5,19,False,-1,COL2
107951,159701,5,5,7,True,51750,9,22,9,False,-1,COL2
107981,189701,8,8,1,True,81720,9,15,2,False,-1,COL2
108007,700801,7,7,4,True,592794,9,4,21,False,1,COL1
108013,310801,4,4,7,True,202788,9,10,1,False,1,COL1
108089,980801,8,8,1,True,872712,9,12,5,False,-1,COL2
108187,781801,7,7,4,True,673614,9,36,28,False,1,COL1
108191,191801,2,2,4,True,83610,9,3,30,False,-1,COL2
108193,391801,4,4,7,True,283608,9,5,8,False,1,COL1
108203,302801,5,5,7,True,194598,9,15,30,False,-1,COL2
108247,742801,4,4,7,True,634554,9,22,26,False,1,COL1
108263,362801,2,2,4,True,254538,9,1,16,False,-1,COL2
108271,172801,1,1,1,True,64530,9,9,11,False,1,COL1
108289,982801,1,1,1,True,874512,9,27,7,False,1,COL1
108343,343801,1,1,1,True,235458,9,7,34,False,1,COL1
108379,973801,1,1,1,True,865422,9,6,35,False,1,COL1
108463,364801,4,4,7,True,256338,9,16,18,False,1,COL1
108517,715801,4,4,7,True,607284,9,33,36,False,1,COL1
108587,785801,2,2,4,True,677214,9,29,32,False,-1,COL2
108649,946801,1,1,1,True,838152,9,17,8,False,1,COL1
108677,776801,2,2,4,True,668124,9,8,23,False,-1,COL2
108707,707801,5,5,7,True,599094,9,1,28,False,-1,COL2
108739,937801,1,1,1,True,829062,9,33,36,False,1,COL1
108761,167801,5,5,7,True,59040,9,18,6,False,-1,COL2
108803,308801,2,2,4,True,199998,9,23,36,False,-1,COL2
108863,368801,8,8,1,True,259938,9,9,22,False,-1,COL2
108869,968801,5,5,7,True,859932,9,15,30,False,-1,COL2
108881,188801,8,8,1,True,79920,9,27,27,True,-1,COL2
108917,719801,8,8,1,True,610884,9,26,3,False,-1,COL2
108923,329801,5,5,7,True,220878,9,32,20,False,-1,COL2
108943,349801,7,7,4,True,240858,9,15,3,False,1,COL1
108959,959801,5,5,7,True,850842,9,31,21,False,-1,COL2
108971,179801,8,8,1,True,70830,9,6,18,False,-1,COL2
109013,310901,5,5,7,True,201888,9,11,27,False,-1,COL2
109037,730901,2,2,4,True,621864,9,35,3,False,-1,COL2
109063,360901,1,1,1,True,251838,9,24,3,False,1,COL1
109103,301901,5,5,7,True,192798,9,27,18,False,-1,COL2
109139,931901,5,5,7,True,822762,9,26,19,False,-1,COL2
109199,991901,2,2,4,True,882702,9,12,5,False,-1,COL2
109211,112901,5,5,7,True,3690,9,24,14,False,-1,COL2
109267,762901,7,7,4,True,653634,9,6,35,False,1,COL1
109279,972901,1,1,1,True,863622,9,18,23,False,1,COL1
109363,363901,4,4,7,True,254538,9,28,6,False,1,COL1
109367,763901,8,8,1,True,654534,9,32,36,False,-1,COL2
109379,973901,2,2,4,True,864522,9,7,24,False,-1,COL2
109397,793901,2,2,4,True,684504,9,25,29,False,-1,COL2
109423,324901,1,1,1,True,215478,9,14,4,False,1,COL1
109471,174901,4,4,7,True,65430,9,25,2,False,1,COL1
109481,184901,5,5,7,True,75420,9,35,12,False,-1,COL2
109537,735901,7,7,4,True,626364,9,17,8,False,1,COL1
109579,975901,4,4,7,True,866322,9,22,26,False,1,COL1
109583,385901,8,8,1,True,276318,9,26,28,False,-1,COL2
109609,906901,7,7,4,True,797292,9,15,31,False,1,COL1
109663,366901,7,7,4,True,257238,9,32,9,False,1,COL1
109751,157901,5,5,7,True,48150,9,9,22,False,-1,COL2
109849,948901,4,4,7,True,839052,9,33,36,False,1,COL1
109859,958901,5,5,7,True,849042,9,6,9,False,-1,COL2
109873,378901,1,1,1,True,269028,9,20,21,False,1,COL1
109883,388901,2,2,4,True,279018,9,30,31,False,-1,COL2
109891,198901,1,1,1,True,89010,9,1,26,False,1,COL1
109913,319901,5,5,7,True,209988,9,23,36,False,-1,COL2
109919,919901,2,2,4,True,809982,9,29,7,False,-1,COL2
110023,320011,7,7,4,True,209988,9,22,35,False,1,COL1
110039,930011,5,5,7,True,819972,9,1,16,False,-1,COL2
110051,150011,8,8,1,True,39960,9,13,13,True,-1,COL2
110119,911011,4,4,7,True,800892,9,7,34,False,1,COL1
110183,381011,5,5,7,True,270828,9,34,22,False,-1,COL2
110221,122011,7,7,4,True,11790,9,35,22,False,1,COL1
110233,332011,1,1,1,True,221778,9,10,10,True,1,COL1
110261,162011,2,2,4,True,51750,9,1,25,False,-1,COL2
110269,962011,1,1,1,True,851742,9,9,11,False,1,COL1
110281,182011,4,4,7,True,71730,9,21,8,False,1,COL1
110311,113011,7,7,4,True,2700,9,14,13,False,1,COL1
110459,954011,2,2,4,True,843552,9,14,3,False,-1,COL2
110543,345011,5,5,7,True,234468,9,24,23,False,-1,COL2
110603,306011,2,2,4,True,195408,9,10,21,False,-1,COL2
110609,906011,8,8,1,True,795402,9,16,29,False,-1,COL2
110641,146011,4,4,7,True,35370,9,11,9,False,1,COL1
110651,156011,5,5,7,True,45360,9,21,19,False,-1,COL2
110771,177011,8,8,1,True,66240,9,30,3,False,-1,COL2
110777,777011,5,5,7,True,666234,9,36,11,False,-1,COL2
110807,708011,8,8,1,True,597204,9,29,16,False,-1,COL2
110819,918011,2,2,4,True,807192,9,4,4,True,-1,COL2
110879,978011,8,8,1,True,867132,9,27,27,True,-1,COL2
110881,188011,1,1,1,True,77130,9,29,14,False,1,COL1
110917,719011,1,1,1,True,608094,9,28,27,False,1,COL1
110921,129011,5,5,7,True,18090,9,32,29,False,-1,COL2
110939,939011,5,5,7,True,828072,9,13,25,False,-1,COL2
110947,749011,4,4,7,True,638064,9,21,20,False,1,COL1
110969,969011,8,8,1,True,858042,9,6,18,False,-1,COL2
110977,779011,7,7,4,True,668034,9,14,13,False,1,COL1
110989,989011,1,1,1,True,878022,9,26,1,False,1,COL1
111043,340111,1,1,1,True,229068,9,6,7,False,1,COL1
111053,350111,2,2,4,True,239058,9,16,17,False,-1,COL2
111109,901111,4,4,7,True,790002,9,35,13,False,1,COL1
111119,911111,5,5,7,True,799992,9,8,23,False,-1,COL2
111127,721111,4,4,7,True,609984,9,16,18,False,1,COL1
111187,781111,1,1,1,True,669924,9,2,4,False,1,COL1
111211,112111,7,7,4,True,900,9,26,1,False,1,COL1
111253,352111,4,4,7,True,240858,9,31,19,False,1,COL1
111337,733111,7,7,4,True,621774,9,4,30,False,1,COL1
111341,143111,2,2,4,True,31770,9,8,32,False,-1,COL2
111347,743111,8,8,1,True,631764,9,14,3,False,-1,COL2
111427,724111,7,7,4,True,612684,9,20,21,False,1,COL1
111439,934111,1,1,1,True,822672,9,32,9,False,1,COL1
111443,344111,5,5,7,True,232668,9,36,11,False,-1,COL2
111467,764111,2,2,4,True,652644,9,23,24,False,-1,COL2
111497,794111,5,5,7,True,682614,9,16,17,False,-1,COL2
111509,905111,8,8,1,True,793602,9,28,17,False,-1,COL2
111593,395111,2,2,4,True,283518,9,1,25,False,-1,COL2
111637,736111,1,1,1,True,624474,9,8,33,False,1,COL1
111667,766111,4,4,7,True,654444,9,1,26,False,1,COL1
111767,767111,5,5,7,True,655344,9,27,27,True,-1,COL2
111781,187111,1,1,1,True,75330,9,4,2,False,1,COL1
111799,997111,1,1,1,True,885312,9,22,35,False,1,COL1
111821,128111,5,5,7,True,16290,9,7,17,False,-1,COL2
111829,928111,4,4,7,True,816282,9,15,3,False,1,COL1
111857,758111,5,5,7,True,646254,9,6,18,False,-1,COL2
111863,368111,2,2,4,True,256248,9,12,35,False,-1,COL2
111869,968111,8,8,1,True,856242,9,18,6,False,-1,COL2
111919,919111,4,4,7,True,807192,9,31,31,True,1,COL1
111949,949111,7,7,4,True,837162,9,24,24,True,1,COL1
111953,359111,2,2,4,True,247158,9,28,26,False,-1,COL2
111977,779111,8,8,1,True,667134,9,15,2,False,-1,COL2
112031,130211,8,8,1,True,18180,9,32,8,False,-1,COL2
112067,760211,8,8,1,True,648144,9,31,9,False,-1,COL2
112087,780211,1,1,1,True,668124,9,14,29,False,1,COL1
112103,301211,8,8,1,True,189108,9,30,31,False,-1,COL2
112163,361211,5,5,7,True,249048,9,16,17,False,-1,COL2
112181,181211,5,5,7,True,69030,9,34,22,False,-1,COL2
112207,702211,4,4,7,True,590004,9,23,25,False,1,COL1
112213,312211,1,1,1,True,199998,9,29,5,False,1,COL1
112237,732211,7,7,4,True,619974,9,16,18,False,1,COL1
112241,142211,2,2,4,True,29970,9,20,20,True,-1,COL2
112247,742211,8,8,1,True,629964,9,26,28,False,-1,COL2
112289,982211,5,5,7,True,869922,9,31,9,False,-1,COL2
112361,163211,5,5,7,True,50850,9,29,4,False,-1,COL2
112363,363211,7,7,4,True,250848,9,31,19,False,1,COL1
112403,304211,2,2,4,True,191808,9,34,34,True,-1,COL2
112481,184211,8,8,1,True,71730,9,1,25,False,-1,COL2
112559,955211,5,5,7,True,842652,9,5,19,False,-1,COL2
112571,175211,8,8,1,True,62640,9,17,16,False,-1,COL2
112621,126211,4,4,7,True,13590,9,30,4,False,1,COL1
112663,366211,1,1,1,True,253548,9,35,22,False,1,COL1
112687,786211,7,7,4,True,673524,9,22,35,False,1,COL1
112741,147211,7,7,4,True,34470,9,2,25,False,1,COL1
112759,957211,7,7,4,True,844452,9,20,21,False,1,COL1
112771,177211,1,1,1,True,64440,9,32,18,False,1,COL1
112913,319211,8,8,1,True,206298,9,26,12,False,-1,COL2
112979,979211,2,2,4,True,866232,9,18,6,False,-1,COL2
113027,720311,5,5,7,True,607284,9,29,32,False,-1,COL2
113081,180311,5,5,7,True,67230,9,9,10,False,-1,COL2
113083,380311,7,7,4,True,267228,9,11,25,False,1,COL1
113123,321311,2,2,4,True,208188,9,14,3,False,-1,COL2
113131,131311,1,1,1,True,18180,9,22,35,False,1,COL1
113143,341311,4,4,7,True,228168,9,34,23,False,1,COL1
113153,351311,5,5,7,True,238158,9,7,33,False,-1,COL2
113173,371311,7,7,4,True,258138,9,27,16,False,1,COL1
113189,981311,5,5,7,True,868122,9,6,34,False,-1,COL2
113209,902311,7,7,4,True,789102,9,26,29,False,1,COL1
113213,312311,2,2,4,True,199098,9,30,31,False,-1,COL2
113227,722311,7,7,4,True,609084,9,7,34,False,1,COL1
113287,782311,4,4,7,True,669024,9,30,20,False,1,COL1
113329,923311,1,1,1,True,809982,9,35,13,False,1,COL1
113537,735311,2,2,4,True,621774,9,21,10,False,-1,COL2
113557,755311,4,4,7,True,641754,9,4,30,False,1,COL1
113591,195311,2,2,4,True,81720,9,1,25,False,-1,COL2
113621,126311,5,5,7,True,12690,9,31,30,False,-1,COL2
113723,327311,8,8,1,True,213588,9,22,9,False,-1,COL2
113761,167311,1,1,1,True,53550,9,23,34,False,1,COL1
113797,797311,1,1,1,True,683514,9,22,35,False,1,COL1
113899,998311,4,4,7,True,884412,9,13,14,False,1,COL1
113903,309311,8,8,1,True,195408,9,17,28,False,-1,COL2
114031,130411,1,1,1,True,16380,9,34,23,False,1,COL1
114041,140411,2,2,4,True,26370,9,7,33,False,-1,COL2
114067,760411,1,1,1,True,646344,9,33,24,False,1,COL1
114073,370411,7,7,4,True,256338,9,2,4,False,1,COL1
114157,751411,1,1,1,True,637254,9,12,15,False,1,COL1
114161,161411,5,5,7,True,47250,9,16,17,False,-1,COL2
114197,791411,5,5,7,True,677214,9,15,18,False,-1,COL2
114203,302411,2,2,4,True,188208,9,21,10,False,-1,COL2
114329,923411,2,2,4,True,809082,9,36,2,False,-1,COL2
114343,343411,7,7,4,True,229068,9,13,14,False,1,COL1
114479,974411,8,8,1,True,859932,9,1,16,False,-1,COL2
114487,784411,7,7,4,True,669924,9,9,11,False,1,COL1
114493,394411,4,4,7,True,279918,9,15,28,False,1,COL1
114571,175411,1,1,1,True,60840,9,19,31,False,1,COL1
114617,716411,2,2,4,True,601794,9,28,17,False,-1,COL2
114649,946411,7,7,4,True,831762,9,23,25,False,1,COL1
114679,976411,1,1,1,True,861732,9,16,18,False,1,COL1
114689,986411,2,2,4,True,871722,9,26,28,False,-1,COL2
114713,317411,8,8,1,True,202698,9,13,25,False,-1,COL2
114743,347411,2,2,4,True,232668,9,6,18,False,-1,COL2
114749,947411,8,8,1,True,832662,9,12,26,False,-1,COL2
114833,338411,2,2,4,True,223578,9,22,9,False,-1,COL2
114913,319411,1,1,1,True,204498,9,28,27,False,1,COL1
114941,149411,2,2,4,True,34470,9,19,5,False,-1,COL2
114967,769411,1,1,1,True,654444,9,8,33,False,1,COL1
115013,310511,2,2,4,True,195498,9,17,7,False,-1,COL2
115021,120511,1,1,1,True,5490,9,25,2,False,1,COL1
115067,760511,2,2,4,True,645444,9,34,13,False,-1,COL2
115099,990511,7,7,4,True,875412,9,29,21,False,1,COL1
115133,331511,5,5,7,True,216378,9,26,28,False,-1,COL2
115163,361511,8,8,1,True,246348,9,19,21,False,-1,COL2
115337,733511,2,2,4,True,618174,9,8,23,False,-1,COL2
115561,165511,1,1,1,True,49950,9,10,10,True,1,COL1
115603,306511,7,7,4,True,190908,9,15,3,False,1,COL1
115631,136511,8,8,1,True,20880,9,6,18,False,-1,COL2
115637,736511,5,5,7,True,620874,9,12,26,False,-1,COL2
115663,366511,4,4,7,True,250848,9,1,26,False,1,COL1
115733,337511,2,2,4,True,221778,9,34,34,True,-1,COL2
115769,967511,2,2,4,True,851742,9,33,35,False,-1,COL2
115771,177511,4,4,7,True,61740,9,35,22,False,1,COL1
115823,328511,2,2,4,True,212688,9,13,25,False,-1,COL2
115831,138511,1,1,1,True,22680,9,21,20,False,1,COL1
115877,778511,2,2,4,True,662634,9,30,31,False,-1,COL2
115879,978511,4,4,7,True,862632,9,32,9,False,1,COL1
115931,139511,2,2,4,True,23580,9,10,21,False,-1,COL2
115987,789511,4,4,7,True,673524,9,29,5,False,1,COL1
116027,720611,8,8,1,True,604584,9,32,36,False,-1,COL2
116041,140611,4,4,7,True,24570,9,9,11,False,1,COL1
116107,701611,7,7,4,True,585504,9,1,17,False,1,COL1
116131,131611,4,4,7,True,15480,9,25,2,False,1,COL1
116167,761611,4,4,7,True,645444,9,24,3,False,1,COL1
116273,372611,2,2,4,True,256338,9,19,21,False,-1,COL2
116279,972611,8,8,1,True,856332,9,25,29,False,-1,COL2
116293,392611,4,4,7,True,276318,9,2,4,False,1,COL1
116351,153611,8,8,1,True,37260,9,23,24,False,-1,COL2
116381,183611,2,2,4,True,67230,9,16,17,False,-1,COL2
116443,344611,1,1,1,True,228168,9,4,30,False,1,COL1
116483,384611,5,5,7,True,268128,9,7,33,False,-1,COL2
116593,395611,7,7,4,True,279018,9,6,7,False,1,COL1
116719,917611,7,7,4,True,800892,9,21,11,False,1,COL1
116747,747611,8,8,1,True,630864,9,12,26,False,-1,COL2
116797,797611,4,4,7,True,680814,9,25,2,False,1,COL1
116911,119611,1,1,1,True,2700,9,28,27,False,1,COL1
117053,350711,8,8,1,True,233658,9,22,25,False,-1,COL2
117071,170711,8,8,1,True,53640,9,3,30,False,-1,COL2
117133,331711,7,7,4,True,214578,9,28,6,False,1,COL1
117167,761711,5,5,7,True,644544,9,25,29,False,-1,COL2
117193,391711,4,4,7,True,274518,9,14,29,False,1,COL1
117203,302711,5,5,7,True,185508,9,24,14,False,-1,COL2
117241,142711,7,7,4,True,25470,9,25,2,False,1,COL1
117281,182711,2,2,4,True,65430,9,28,5,False,-1,COL2
117307,703711,1,1,1,True,586404,9,17,8,False,1,COL1
117329,923711,5,5,7,True,806382,9,2,6,False,-1,COL2
117331,133711,7,7,4,True,16380,9,4,30,False,1,COL1
117353,353711,2,2,4,True,236358,9,26,28,False,-1,COL2
117413,314711,8,8,1,True,197298,9,12,26,False,-1,COL2
117497,794711,2,2,4,True,677214,9,22,25,False,-1,COL2
117499,994711,4,4,7,True,877212,9,24,3,False,1,COL1
117577,775711,1,1,1,True,658134,9,28,6,False,1,COL1
117643,346711,4,4,7,True,229068,9,20,21,False,1,COL1
117671,176711,5,5,7,True,59040,9,11,36,False,-1,COL2
117703,307711,1,1,1,True,190008,9,6,19,False,1,COL1
117721,127711,1,1,1,True,9990,9,24,24,True,1,COL1
117727,727711,7,7,4,True,609984,9,30,32,False,1,COL1
117757,757711,1,1,1,True,639954,9,23,25,False,1,COL1
117763,367711,7,7,4,True,249948,9,29,5,False,1,COL1
117773,377711,8,8,1,True,259938,9,2,15,False,-1,COL2
117787,787711,4,4,7,True,669924,9,16,18,False,1,COL1
117797,797711,5,5,7,True,679914,9,26,28,False,-1,COL2
117809,908711,8,8,1,True,790902,9,1,28,False,-1,COL2
117841,148711,4,4,7,True,30870,9,33,8,False,1,COL1
117881,188711,8,8,1,True,70830,9,36,11,False,-1,COL2
117883,388711,1,1,1,True,270828,9,1,26,False,1,COL1
117889,988711,7,7,4,True,870822,9,7,34,False,1,COL1
118037,730811,2,2,4,True,612774,9,7,24,False,-1,COL2
118043,340811,8,8,1,True,222768,9,13,4,False,-1,COL2
118081,180811,1,1,1,True,62730,9,14,29,False,1,COL1
118169,961811,8,8,1,True,843642,9,28,33,False,-1,COL2
118171,171811,1,1,1,True,53640,9,30,20,False,1,COL1
118189,981811,1,1,1,True,863622,9,11,16,False,1,COL1
118249,942811,7,7,4,True,824562,9,34,14,False,1,COL1
118259,952811,8,8,1,True,834552,9,7,24,False,-1,COL2
118361,163811,2,2,4,True,45450,9,35,12,False,-1,COL2
118369,963811,1,1,1,True,845442,9,6,35,False,1,COL1
118409,904811,5,5,7,True,786402,9,9,13,False,-1,COL2
118423,324811,1,1,1,True,206388,9,23,25,False,1,COL1
118429,924811,7,7,4,True,806382,9,29,33,False,1,COL1
118457,754811,8,8,1,True,636354,9,20,11,False,-1,COL2
118493,394811,8,8,1,True,276318,9,19,21,False,-1,COL2
118543,345811,4,4,7,True,227268,9,32,9,False,1,COL1
118549,945811,1,1,1,True,827262,9,1,17,False,1,COL1
118571,175811,5,5,7,True,57240,9,23,24,False,-1,COL2
118583,385811,8,8,1,True,267228,9,35,12,False,-1,COL2
118673,376811,8,8,1,True,258138,9,14,3,False,-1,COL2
118709,907811,8,8,1,True,789102,9,13,16,False,-1,COL2
118717,717811,7,7,4,True,599094,9,21,11,False,1,COL1
118747,747811,1,1,1,True,629064,9,14,4,False,1,COL1
118757,757811,2,2,4,True,639054,9,24,14,False,-1,COL2
118787,787811,5,5,7,True,669024,9,17,7,False,-1,COL2
118799,997811,8,8,1,True,879012,9,29,32,False,-1,COL2
118843,348811,7,7,4,True,229968,9,36,12,False,1,COL1
118891,198811,1,1,1,True,79920,9,10,10,True,1,COL1
118903,309811,4,4,7,True,190908,9,22,10,False,1,COL1
118913,319811,5,5,7,True,200898,9,32,20,False,-1,COL2
118973,379811,2,2,4,True,260838,9,18,6,False,-1,COL2
119039,930911,5,5,7,True,811872,9,10,28,False,-1,COL2
119089,980911,1,1,1,True,861822,9,23,4,False,1,COL1
119129,921911,5,5,7,True,802782,9,26,19,False,-1,COL2
119159,951911,8,8,1,True,832752,9,19,12,False,-1,COL2
119183,381911,5,5,7,True,262728,9,6,34,False,-1,COL2
119191,191911,4,4,7,True,72720,9,14,29,False,1,COL1
119237,732911,5,5,7,True,613674,9,23,15,False,-1,COL2
119293,392911,7,7,4,True,273618,9,5,8,False,1,COL1
119321,123911,8,8,1,True,4590,9,33,35,False,-1,COL2
119363,363911,5,5,7,True,244548,9,1,16,False,-1,COL2
119389,983911,4,4,7,True,864522,9,27,7,False,1,COL1
119417,714911,5,5,7,True,595494,9,18,34,False,-1,COL2
119447,744911,8,8,1,True,625464,9,11,27,False,-1,COL2
119489,984911,5,5,7,True,865422,9,16,8,False,-1,COL2
119627,726911,8,8,1,True,607284,9,6,9,False,-1,COL2
119633,336911,5,5,7,True,217278,9,12,26,False,-1,COL2
119773,377911,1,1,1,True,258138,9,4,30,False,1,COL1
119783,387911,2,2,4,True,268128,9,14,3,False,-1,COL2
119797,797911,7,7,4,True,678114,9,28,6,False,1,COL1
119809,908911,1,1,1,True,789102,9,3,6,False,1,COL1
119813,318911,5,5,7,True,199098,9,7,8,False,-1,COL2
119827,728911,1,1,1,True,609084,9,21,11,False,1,COL1
119869,968911,7,7,4,True,849042,9,26,29,False,1,COL1
119881,188911,1,1,1,True,69030,9,1,26,False,1,COL1
119953,359911,1,1,1,True,239958,9,36,12,False,1,COL1
119983,389911,4,4,7,True,269928,9,29,5,False,1,COL1
119993,399911,5,5,7,True,279918,9,2,15,False,-1,COL2
120047,740021,5,5,7,True,619974,9,19,21,False,-1,COL2
120097,790021,1,1,1,True,669924,9,32,34,False,1,COL1
120121,121021,7,7,4,True,900,9,19,31,False,1,COL1
120157,751021,7,7,4,True,630864,9,18,32,False,1,COL1
120193,391021,7,7,4,True,270828,9,17,5,False,1,COL1
120283,382021,7,7,4,True,261738,9,33,33,True,1,COL1
120299,992021,5,5,7,True,871722,9,12,14,False,-1,COL2
120371,173021,5,5,7,True,52650,9,10,9,False,-1,COL2
120413,314021,2,2,4,True,193608,9,15,2,False,-1,COL2
120427,724021,7,7,4,True,603594,9,29,5,False,1,COL1
120503,305021,2,2,4,True,184518,9,31,30,False,-1,COL2
120539,935021,2,2,4,True,814482,9,30,31,False,-1,COL2
120563,365021,8,8,1,True,244458,9,17,16,False,-1,COL2
120641,146021,5,5,7,True,25380,9,21,19,False,-1,COL2
120661,166021,7,7,4,True,45360,9,4,2,False,1,COL1
120671,176021,8,8,1,True,55350,9,14,12,False,-1,COL2
120709,907021,1,1,1,True,786312,9,15,3,False,1,COL1
120713,317021,5,5,7,True,196308,9,19,5,False,-1,COL2
120763,367021,1,1,1,True,246258,9,32,18,False,1,COL1
120779,977021,8,8,1,True,856242,9,11,36,False,-1,COL2
120847,748021,4,4,7,True,627174,9,5,29,False,1,COL1
120863,368021,2,2,4,True,247158,9,21,19,False,-1,COL2
120871,178021,1,1,1,True,57150,9,29,14,False,1,COL1
120889,988021,1,1,1,True,867132,9,10,10,True,1,COL1
120919,919021,4,4,7,True,798102,9,3,15,False,1,COL1
120937,739021,4,4,7,True,618084,9,21,20,False,1,COL1
120941,149021,8,8,1,True,28080,9,25,22,False,-1,COL2
120977,779021,8,8,1,True,658044,9,24,23,False,-1,COL2
120997,799021,1,1,1,True,678024,9,7,6,False,1,COL1
121019,910121,5,5,7,True,789102,9,29,32,False,-1,COL2
121151,151121,2,2,4,True,29970,9,13,13,True,-1,COL2
121267,762121,1,1,1,True,640854,9,18,32,False,1,COL1
121291,192121,7,7,4,True,70830,9,5,17,False,1,COL1
121321,123121,1,1,1,True,1800,9,35,22,False,1,COL1
121369,963121,4,4,7,True,841752,9,9,11,False,1,COL1
121421,124121,2,2,4,True,2700,9,24,23,False,-1,COL2
121439,934121,2,2,4,True,812682,9,5,19,False,-1,COL2
121453,354121,7,7,4,True,232668,9,19,31,False,1,COL1
121577,775121,5,5,7,True,653544,9,32,8,False,-1,COL2
121591,195121,1,1,1,True,73530,9,9,20,False,1,COL1
121609,906121,1,1,1,True,784512,9,27,28,False,1,COL1
121633,336121,7,7,4,True,214488,9,14,13,False,1,COL1
121637,736121,2,2,4,True,614484,9,18,6,False,-1,COL2
121697,796121,8,8,1,True,674424,9,4,29,False,-1,COL2
121727,727121,2,2,4,True,605394,9,34,34,True,-1,COL2
121763,367121,2,2,4,True,245358,9,33,7,False,-1,COL2
121921,129121,7,7,4,True,7200,9,6,28,False,1,COL1
121931,139121,8,8,1,True,17190,9,16,1,False,-1,COL2
121937,739121,5,5,7,True,617184,9,22,9,False,-1,COL2
121949,949121,8,8,1,True,827172,9,34,34,True,-1,COL2
122027,720221,5,5,7,True,598194,9,1,16,False,-1,COL2
122041,140221,1,1,1,True,18180,9,15,28,False,1,COL1
122051,150221,2,2,4,True,28170,9,25,1,False,-1,COL2
122081,180221,5,5,7,True,58140,9,18,31,False,-1,COL2
122131,131221,1,1,1,True,9090,9,31,19,False,1,COL1
122149,941221,1,1,1,True,819072,9,12,15,False,1,COL1
122203,302221,1,1,1,True,180018,9,29,5,False,1,COL1
122263,362221,7,7,4,True,239958,9,15,28,False,1,COL1
122279,972221,5,5,7,True,849942,9,31,9,False,-1,COL2
122327,723221,8,8,1,True,600894,9,5,19,False,-1,COL2
122347,743221,1,1,1,True,620874,9,25,2,False,1,COL1
122443,344221,7,7,4,True,221778,9,10,10,True,1,COL1
122471,174221,8,8,1,True,51750,9,1,25,False,-1,COL2
122497,794221,7,7,4,True,671724,9,27,16,False,1,COL1
122533,335221,7,7,4,True,212688,9,26,1,False,1,COL1
122663,366221,2,2,4,True,243558,9,8,32,False,-1,COL2
122741,147221,8,8,1,True,24480,9,12,35,False,-1,COL2
122761,167221,1,1,1,True,44460,9,32,18,False,1,COL1
122777,777221,8,8,1,True,654444,9,11,36,False,-1,COL2
122867,768221,8,8,1,True,645354,9,27,27,True,-1,COL2
122891,198221,5,5,7,True,75330,9,14,12,False,-1,COL2
122921,129221,8,8,1,True,6300,9,7,17,False,-1,COL2
123017,710321,5,5,7,True,587304,9,29,32,False,-1,COL2
123091,190321,7,7,4,True,67230,9,29,30,False,1,COL1
123127,721321,7,7,4,True,598194,9,28,6,False,1,COL1
123143,341321,5,5,7,True,218178,9,7,33,False,-1,COL2
123217,712321,7,7,4,True,589104,9,7,34,False,1,COL1
123229,922321,1,1,1,True,799092,9,19,22,False,1,COL1
123289,982321,7,7,4,True,859032,9,5,8,False,1,COL1
123307,703321,7,7,4,True,580014,9,23,25,False,1,COL1
123379,973321,7,7,4,True,849942,9,21,36,False,1,COL1
123407,704321,8,8,1,True,580914,9,12,26,False,-1,COL2
123419,914321,2,2,4,True,790902,9,24,14,False,-1,COL2
123499,994321,1,1,1,True,870822,9,30,20,False,1,COL1
123527,725321,2,2,4,True,601794,9,21,10,False,-1,COL2
123553,355321,1,1,1,True,231768,9,10,10,True,1,COL1
123583,385321,4,4,7,True,261738,9,3,3,True,1,COL1
123593,395321,5,5,7,True,271728,9,13,13,True,-1,COL2
123667,766321,7,7,4,True,642654,9,13,14,False,1,COL1
123707,707321,2,2,4,True,583614,9,16,29,False,-1,COL2
123731,137321,8,8,1,True,13590,9,3,14,False,-1,COL2
123817,718321,4,4,7,True,594504,9,15,3,False,1,COL1
123821,128321,8,8,1,True,4500,9,19,5,False,-1,COL2
123833,338321,2,2,4,True,214488,9,31,30,False,-1,COL2
123887,788321,2,2,4,True,664434,9,11,36,False,-1,COL2
123923,329321,2,2,4,True,205398,9,10,21,False,-1,COL2
123989,989321,5,5,7,True,865332,9,2,15,False,-1,COL2
124087,780421,4,4,7,True,656334,9,26,17,False,1,COL1
124097,790421,5,5,7,True,666324,9,36,27,False,-1,COL2
124139,931421,2,2,4,True,807282,9,4,20,False,-1,COL2
124181,181421,8,8,1,True,57240,9,9,10,False,-1,COL2
124231,132421,4,4,7,True,8190,9,22,35,False,1,COL1
124303,303421,4,4,7,True,179118,9,20,21,False,1,COL1
124309,903421,1,1,1,True,779112,9,26,29,False,1,COL1
124339,933421,4,4,7,True,809082,9,19,22,False,1,COL1
124349,943421,5,5,7,True,819072,9,29,32,False,-1,COL2
124351,153421,7,7,4,True,29070,9,31,19,False,1,COL1
124429,924421,4,4,7,True,799992,9,35,13,False,1,COL1
124433,334421,8,8,1,True,209988,9,2,15,False,-1,COL2
124489,984421,1,1,1,True,859932,9,21,36,False,1,COL1
124513,315421,7,7,4,True,190908,9,8,33,False,1,COL1
124643,346421,2,2,4,True,221778,9,27,27,True,-1,COL2
124739,937421,8,8,1,True,812682,9,12,26,False,-1,COL2
124753,357421,4,4,7,True,232668,9,26,1,False,1,COL1
124771,177421,4,4,7,True,52650,9,7,6,False,1,COL1
124777,777421,1,1,1,True,652644,9,13,14,False,1,COL1
124823,328421,2,2,4,True,203598,9,22,9,False,-1,COL2
124907,709421,5,5,7,True,584514,9,32,20,False,-1,COL2
124919,919421,8,8,1,True,794502,9,7,8,False,-1,COL2
124951,159421,4,4,7,True,34470,9,2,25,False,1,COL1
124981,189421,7,7,4,True,64440,9,32,18,False,1,COL1
125053,350521,7,7,4,True,225468,9,30,20,False,1,COL1
125219,912521,2,2,4,True,787302,9,11,27,False,-1,COL2
125243,342521,8,8,1,True,217278,9,35,12,False,-1,COL2
125299,992521,1,1,1,True,867222,9,17,33,False,1,COL1
125383,383521,4,4,7,True,258138,9,27,16,False,1,COL1
125407,704521,1,1,1,True,579114,9,14,4,False,1,COL1
125507,705521,2,2,4,True,580014,9,3,5,False,-1,COL2
125551,155521,1,1,1,True,29970,9,10,10,True,1,COL1
125627,726521,5,5,7,True,600894,9,12,26,False,-1,COL2
125639,936521,8,8,1,True,810882,9,24,14,False,-1,COL2
125641,146521,1,1,1,True,20880,9,26,1,False,1,COL1
125651,156521,2,2,4,True,30870,9,36,11,False,-1,COL2
125659,956521,1,1,1,True,830862,9,7,34,False,1,COL1
125669,966521,2,2,4,True,840852,9,17,7,False,-1,COL2
125683,386521,7,7,4,True,260838,9,31,19,False,1,COL1
125791,197521,7,7,4,True,71730,9,28,15,False,1,COL1
125803,308521,1,1,1,True,182718,9,3,15,False,1,COL1
125821,128521,1,1,1,True,2700,9,21,20,False,1,COL1
125863,368521,7,7,4,True,242658,9,26,1,False,1,COL1
125887,788521,4,4,7,True,662634,9,13,14,False,1,COL1
125897,798521,5,5,7,True,672624,9,23,24,False,-1,COL2
125941,149521,4,4,7,True,23580,9,30,4,False,1,COL1
126019,910621,1,1,1,True,784602,9,34,14,False,1,COL1
126031,130621,4,4,7,True,4590,9,9,11,False,1,COL1
126067,760621,4,4,7,True,634554,9,8,12,False,1,COL1
126107,701621,8,8,1,True,575514,9,11,27,False,-1,COL2
126127,721621,1,1,1,True,595494,9,31,10,False,1,COL1
126199,991621,1,1,1,True,865422,9,29,21,False,1,COL1
126359,953621,8,8,1,True,827262,9,4,20,False,-1,COL2
126397,793621,1,1,1,True,667224,9,5,8,False,1,COL1
126443,344621,2,2,4,True,218178,9,14,3,False,-1,COL2
126461,164621,2,2,4,True,38160,9,32,8,False,-1,COL2
126499,994621,4,4,7,True,868122,9,33,24,False,1,COL1
126517,715621,4,4,7,True,589104,9,14,4,False,1,COL1
126547,745621,7,7,4,True,619074,9,7,34,False,1,COL1
126551,155621,2,2,4,True,29070,9,11,36,False,-1,COL2
126583,385621,7,7,4,True,259038,9,6,7,False,1,COL1
126613,316621,1,1,1,True,190008,9,36,12,False,1,COL1
126631,136621,1,1,1,True,9990,9,17,17,True,1,COL1
126653,356621,5,5,7,True,229968,9,2,15,False,-1,COL2
126683,386621,8,8,1,True,259938,9,32,8,False,-1,COL2
126713,317621,2,2,4,True,190908,9,25,13,False,-1,COL2
126743,347621,5,5,7,True,220878,9,18,6,False,-1,COL2
126761,167621,5,5,7,True,40860,9,36,11,False,-1,COL2
126823,328621,4,4,7,True,201798,9,24,24,True,1,COL1
126851,158621,5,5,7,True,31770,9,15,2,False,-1,COL2
126949,949621,4,4,7,True,822672,9,2,16,False,1,COL1
127033,330721,7,7,4,True,203688,9,12,15,False,1,COL1
127051,150721,7,7,4,True,23670,9,30,20,False,1,COL1
127079,970721,8,8,1,True,843642,9,21,26,False,-1,COL2
127123,321721,7,7,4,True,194598,9,28,6,False,1,COL1
127207,702721,1,1,1,True,575514,9,1,17,False,1,COL1
127271,172721,2,2,4,True,45450,9,28,5,False,-1,COL2
127277,772721,8,8,1,True,645444,9,34,13,False,-1,COL2
127373,373721,5,5,7,True,246348,9,19,21,False,-1,COL2
127447,744721,7,7,4,True,617274,9,19,22,False,1,COL1
127481,184721,5,5,7,True,57240,9,16,17,False,-1,COL2
127493,394721,8,8,1,True,267228,9,28,5,False,-1,COL2
127529,925721,8,8,1,True,798192,9,27,18,False,-1,COL2
127541,145721,2,2,4,True,18180,9,2,15,False,-1,COL2
127637,736721,8,8,1,True,609084,9,24,14,False,-1,COL2
127643,346721,5,5,7,True,219078,9,30,31,False,-1,COL2
127663,366721,7,7,4,True,239058,9,13,14,False,1,COL1
127679,976721,5,5,7,True,849042,9,29,32,False,-1,COL2
127733,337721,5,5,7,True,209988,9,9,22,False,-1,COL2
127739,937721,2,2,4,True,809982,9,15,30,False,-1,COL2
127763,367721,8,8,1,True,239958,9,2,15,False,-1,COL2
127781,187721,8,8,1,True,59940,9,20,20,True,-1,COL2
127837,738721,1,1,1,True,610884,9,2,16,False,1,COL1
127849,948721,4,4,7,True,820872,9,14,4,False,1,COL1
127931,139721,5,5,7,True,11790,9,22,9,False,-1,COL2
127951,159721,7,7,4,True,31770,9,5,29,False,1,COL1
127973,379721,2,2,4,True,251748,9,27,27,True,-1,COL2
128033,330821,8,8,1,True,202788,9,13,4,False,-1,COL2
128113,311821,7,7,4,True,183708,9,19,22,False,1,COL1
128257,752821,7,7,4,True,624564,9,15,19,False,1,COL1
128341,143821,1,1,1,True,15480,9,25,2,False,1,COL1
128377,773821,1,1,1,True,645444,9,24,3,False,1,COL1
128399,993821,5,5,7,True,865422,9,9,1,False,-1,COL2
128449,944821,1,1,1,True,816372,9,22,26,False,1,COL1
128461,164821,4,4,7,True,36360,9,34,23,False,1,COL1
128477,774821,2,2,4,True,646344,9,13,4,False,-1,COL2
128483,384821,8,8,1,True,256338,9,19,21,False,-1,COL2
128551,155821,4,4,7,True,27270,9,13,14,False,1,COL1
128603,306821,2,2,4,True,178218,9,28,17,False,-1,COL2
128831,138821,5,5,7,True,9990,9,34,34,True,-1,COL2
128873,378821,2,2,4,True,249948,9,2,15,False,-1,COL2
128879,978821,8,8,1,True,849942,9,8,23,False,-1,COL2
128969,969821,8,8,1,True,840852,9,24,14,False,-1,COL2
128971,179821,1,1,1,True,50850,9,26,1,False,1,COL1
129049,940921,7,7,4,True,811872,9,30,11,False,1,COL1
129089,980921,2,2,4,True,851832,9,33,14,False,-1,COL2
129127,721921,4,4,7,True,592794,9,34,14,False,1,COL1
129193,391921,7,7,4,True,262728,9,26,17,False,1,COL1
129223,322921,1,1,1,True,193698,9,19,22,False,1,COL1
129277,772921,1,1,1,True,643644,9,36,28,False,1,COL1
129281,182921,5,5,7,True,53640,9,3,30,False,-1,COL2
129287,782921,2,2,4,True,653634,9,9,1,False,-1,COL2
129313,313921,1,1,1,True,184608,9,35,13,False,1,COL1
129347,743921,8,8,1,True,614574,9,32,36,False,-1,COL2
129443,344921,5,5,7,True,215478,9,17,7,False,-1,COL2
129457,754921,1,1,1,True,625464,9,31,10,False,1,COL1
129497,794921,5,5,7,True,665424,9,34,13,False,-1,COL2
129529,925921,1,1,1,True,796392,9,29,33,False,1,COL1
129587,785921,5,5,7,True,656334,9,13,4,False,-1,COL2
129589,985921,7,7,4,True,856332,9,15,19,False,1,COL1
129593,395921,2,2,4,True,266328,9,19,21,False,-1,COL2
129607,706921,7,7,4,True,577314,9,33,36,False,1,COL1
129629,926921,2,2,4,True,797292,9,18,34,False,-1,COL2
129641,146921,5,5,7,True,17280,9,30,31,False,-1,COL2
129671,176921,8,8,1,True,47250,9,23,24,False,-1,COL2
129737,737921,2,2,4,True,608184,9,15,30,False,-1,COL2
129793,397921,4,4,7,True,268128,9,34,23,False,1,COL1
129841,148921,7,7,4,True,19080,9,8,33,False,1,COL1
129893,398921,5,5,7,True,269028,9,23,24,False,-1,COL2
129959,959921,8,8,1,True,829962,9,15,30,False,-1,COL2
130043,340031,2,2,4,True,209988,9,25,1,False,-1,COL2
130069,960031,1,1,1,True,829962,9,14,29,False,1,COL1
130079,970031,2,2,4,True,839952,9,24,2,False,-1,COL2
130147,741031,7,7,4,True,610884,9,18,32,False,1,COL1
130199,991031,5,5,7,True,860832,9,33,23,False,-1,COL2
130241,142031,2,2,4,True,11790,9,1,25,False,-1,COL2
130267,762031,1,1,1,True,631764,9,27,16,False,1,COL1
130279,972031,4,4,7,True,841752,9,2,4,False,1,COL1
130349,943031,2,2,4,True,812682,9,35,12,False,-1,COL2
130367,763031,2,2,4,True,632664,9,16,17,False,-1,COL2
130369,963031,4,4,7,True,832662,9,18,32,False,1,COL1
130379,973031,5,5,7,True,842652,9,28,5,False,-1,COL2
130423,324031,4,4,7,True,193608,9,35,22,False,1,COL1
130517,715031,8,8,1,True,584514,9,18,6,False,-1,COL2
130553,355031,8,8,1,True,224478,9,17,16,False,-1,COL2
130619,916031,2,2,4,True,785412,9,9,22,False,-1,COL2
130633,336031,7,7,4,True,205398,9,23,34,False,1,COL1
130649,946031,5,5,7,True,815382,9,2,15,False,-1,COL2
130687,786031,7,7,4,True,655344,9,3,3,True,1,COL1
130693,396031,4,4,7,True,265338,9,9,20,False,1,COL1
130783,387031,4,4,7,True,256248,9,25,11,False,1,COL1
130807,708031,1,1,1,True,577224,9,12,36,False,1,COL1
130843,348031,1,1,1,True,217188,9,11,9,False,1,COL1
130987,789031,1,1,1,True,658044,9,7,6,False,1,COL1
131149,941131,1,1,1,True,809982,9,21,36,False,1,COL1
131171,171131,5,5,7,True,39960,9,6,6,True,-1,COL2
131293,392131,1,1,1,True,260838,9,17,5,False,1,COL1
131297,792131,5,5,7,True,660834,9,21,35,False,-1,COL2
131437,734131,1,1,1,True,602694,9,13,14,False,1,COL1
131477,774131,5,5,7,True,642654,9,16,17,False,-1,COL2
131581,185131,1,1,1,True,53550,9,9,20,False,1,COL1
131591,195131,2,2,4,True,63540,9,19,30,False,-1,COL2
131707,707131,1,1,1,True,575424,9,24,24,True,1,COL1
131731,137131,7,7,4,True,5400,9,11,9,False,1,COL1
131743,347131,1,1,1,True,215388,9,23,34,False,1,COL1
131771,177131,2,2,4,True,45360,9,14,12,False,-1,COL2
131797,797131,1,1,1,True,665334,9,3,3,True,1,COL1
131959,959131,1,1,1,True,827172,9,17,17,True,1,COL1
131969,969131,2,2,4,True,837162,9,27,27,True,-1,COL2
132059,950231,2,2,4,True,818172,9,6,34,False,-1,COL2
132071,170231,5,5,7,True,38160,9,18,31,False,-1,COL2
132241,142231,4,4,7,True,9990,9,3,3,True,1,COL1
132283,382231,1,1,1,True,249948,9,8,21,False,1,COL1
132287,782231,5,5,7,True,649944,9,12,14,False,-1,COL2
132299,992231,8,8,1,True,859932,9,24,2,False,-1,COL2
132523,325231,7,7,4,True,192708,9,26,1,False,1,COL1
132547,745231,4,4,7,True,612684,9,13,14,False,1,COL1
132647,746231,5,5,7,True,613584,9,2,15,False,-1,COL2
132667,766231,7,7,4,True,633564,9,22,35,False,1,COL1
132679,976231,1,1,1,True,843552,9,34,23,False,1,COL1
132739,937231,7,7,4,True,804492,9,20,21,False,1,COL1
132751,157231,1,1,1,True,24480,9,32,18,False,1,COL1
132763,367231,4,4,7,True,234468,9,7,6,False,1,COL1
132833,338231,2,2,4,True,205398,9,3,14,False,-1,COL2
132851,158231,2,2,4,True,25380,9,21,19,False,-1,COL2
132857,758231,8,8,1,True,625374,9,27,27,True,-1,COL2
132863,368231,5,5,7,True,235368,9,33,7,False,-1,COL2
132887,788231,2,2,4,True,655344,9,20,20,True,-1,COL2
132953,359231,5,5,7,True,226278,9,12,35,False,-1,COL2
132967,769231,1,1,1,True,636264,9,26,1,False,1,COL1
132989,989231,5,5,7,True,856242,9,11,36,False,-1,COL2
133033,330331,4,4,7,True,197298,9,18,32,False,1,COL1
133069,960331,4,4,7,True,827262,9,17,33,False,1,COL1
133097,790331,5,5,7,True,657234,9,8,11,False,-1,COL2
133103,301331,2,2,4,True,168228,9,14,3,False,-1,COL2
133213,312331,4,4,7,True,179118,9,13,14,False,1,COL1
133271,172331,8,8,1,True,39060,9,34,22,False,-1,COL2
133283,382331,2,2,4,True,249048,9,9,10,False,-1,COL2
133319,913331,2,2,4,True,780012,9,8,23,False,-1,COL2
133337,733331,2,2,4,True,599994,9,26,28,False,-1,COL2
133379,973331,8,8,1,True,839952,9,31,9,False,-1,COL2
133403,304331,5,5,7,True,170928,9,18,6,False,-1,COL2
133583,385331,5,5,7,True,251748,9,13,13,True,-1,COL2
133649,946331,8,8,1,True,812682,9,5,19,False,-1,COL2
133657,756331,7,7,4,True,622674,9,13,14,False,1,COL1
133691,196331,5,5,7,True,62640,9,10,9,False,-1,COL2
133709,907331,5,5,7,True,773622,9,28,17,False,-1,COL2
133717,717331,4,4,7,True,583614,9,36,12,False,1,COL1
133723,327331,1,1,1,True,193608,9,5,29,False,1,COL1
133853,358331,5,5,7,True,224478,9,24,23,False,-1,COL2
133963,369331,7,7,4,True,235368,9,23,34,False,1,COL1
133999,999331,7,7,4,True,865332,9,22,35,False,1,COL1
134033,330431,5,5,7,True,196398,9,19,21,False,-1,COL2
134053,350431,7,7,4,True,216378,9,2,4,False,1,COL1
134089,980431,7,7,4,True,846342,9,1,5,False,1,COL1
134177,771431,5,5,7,True,637254,9,15,18,False,-1,COL2
134207,702431,8,8,1,True,568224,9,8,23,False,-1,COL2
134227,722431,1,1,1,True,588204,9,28,6,False,1,COL1
134257,752431,4,4,7,True,618174,9,21,36,False,1,COL1
134263,362431,1,1,1,True,228168,9,27,16,False,1,COL1
134269,962431,7,7,4,True,828162,9,33,24,False,1,COL1
134291,192431,2,2,4,True,58140,9,18,31,False,-1,COL2
134359,953431,7,7,4,True,819072,9,12,15,False,1,COL1
134363,363431,2,2,4,True,229068,9,16,17,False,-1,COL2
134371,173431,1,1,1,True,39060,9,24,12,False,1,COL1
134399,993431,2,2,4,True,859032,9,15,18,False,-1,COL2
134437,734431,4,4,7,True,599994,9,16,18,False,1,COL1
134471,174431,2,2,4,True,39960,9,13,13,True,-1,COL2
134587,785431,1,1,1,True,650844,9,18,32,False,1,COL1
134593,395431,7,7,4,True,260838,9,24,12,False,1,COL1
134609,906431,5,5,7,True,771822,9,3,5,False,-1,COL2
134669,966431,2,2,4,True,831762,9,26,28,False,-1,COL2
134683,386431,7,7,4,True,251748,9,3,3,True,1,COL1
134699,996431,5,5,7,True,861732,9,19,21,False,-1,COL2
134707,707431,4,4,7,True,572724,9,27,28,False,1,COL1
134753,357431,5,5,7,True,222678,9,36,11,False,-1,COL2
134777,777431,2,2,4,True,642654,9,23,24,False,-1,COL2
134857,758431,1,1,1,True,623574,9,29,5,False,1,COL1
134867,768431,2,2,4,True,633564,9,2,15,False,-1,COL2
134923,329431,4,4,7,True,194508,9,21,20,False,1,COL1
134947,749431,1,1,1,True,614484,9,8,33,False,1,COL1
134951,159431,5,5,7,True,24480,9,12,35,False,-1,COL2
134999,999431,8,8,1,True,864432,9,23,24,False,-1,COL2
135017,710531,8,8,1,True,575514,9,4,20,False,-1,COL2
135049,940531,4,4,7,True,805482,9,36,28,False,1,COL1
135059,950531,5,5,7,True,815472,9,9,1,False,-1,COL2
135151,151531,7,7,4,True,16380,9,27,16,False,1,COL1
135353,353531,2,2,4,True,218178,9,7,33,False,-1,COL2
135389,983531,2,2,4,True,848142,9,6,34,False,-1,COL2
135409,904531,4,4,7,True,769122,9,26,29,False,1,COL1
135427,724531,4,4,7,True,589104,9,7,34,False,1,COL1
135461,164531,2,2,4,True,29070,9,4,29,False,-1,COL2
135469,964531,1,1,1,True,829062,9,12,15,False,1,COL1
135479,974531,2,2,4,True,839052,9,22,25,False,-1,COL2
135497,794531,2,2,4,True,659034,9,3,30,False,-1,COL2
135581,185531,5,5,7,True,49950,9,13,13,True,-1,COL2
135589,985531,4,4,7,True,849942,9,21,36,False,1,COL1
135599,995531,5,5,7,True,859932,9,31,9,False,-1,COL2
135613,316531,1,1,1,True,180918,9,8,33,False,1,COL1
135617,716531,5,5,7,True,580914,9,12,26,False,-1,COL2
135647,746531,8,8,1,True,610884,9,5,19,False,-1,COL2
135671,176531,5,5,7,True,40860,9,29,4,False,-1,COL2
135697,796531,4,4,7,True,660834,9,18,32,False,1,COL1
135781,187531,7,7,4,True,51750,9,28,15,False,1,COL1
135841,148531,4,4,7,True,12690,9,14,13,False,1,COL1
135887,788531,5,5,7,True,652644,9,23,24,False,-1,COL2
135977,779531,5,5,7,True,643554,9,2,15,False,-1,COL2
136099,990631,1,1,1,True,854532,9,13,30,False,1,COL1
136193,391631,5,5,7,True,255438,9,33,23,False,-1,COL2
136217,712631,2,2,4,True,576414,9,20,11,False,-1,COL2
136223,322631,8,8,1,True,186408,9,26,28,False,-1,COL2
136237,732631,4,4,7,True,596394,9,3,31,False,1,COL1
136277,772631,8,8,1,True,636354,9,6,34,False,-1,COL2
136333,333631,1,1,1,True,197298,9,25,2,False,1,COL1
136343,343631,2,2,4,True,207288,9,35,12,False,-1,COL2
136373,373631,5,5,7,True,237258,9,28,5,False,-1,COL2
136379,973631,2,2,4,True,837252,9,34,13,False,-1,COL2
136403,304631,8,8,1,True,168228,9,21,10,False,-1,COL2
136471,174631,4,4,7,True,38160,9,15,28,False,1,COL1
136481,184631,5,5,7,True,48150,9,25,1,False,-1,COL2
136519,915631,7,7,4,True,779112,9,26,29,False,1,COL1
136523,325631,2,2,4,True,189108,9,30,31,False,-1,COL2
136547,745631,8,8,1,True,609084,9,17,7,False,-1,COL2
136573,375631,7,7,4,True,239058,9,6,7,False,1,COL1
136607,706631,5,5,7,True,570024,9,3,5,False,-1,COL2
136651,156631,4,4,7,True,19980,9,10,10,True,1,COL1
136693,396631,1,1,1,True,259938,9,15,28,False,1,COL1
136861,168631,7,7,4,True,31770,9,35,22,False,1,COL1
136949,949631,5,5,7,True,812682,9,12,26,False,-1,COL2
136951,159631,7,7,4,True,22680,9,14,13,False,1,COL1
136987,789631,7,7,4,True,652644,9,13,14,False,1,COL1
136999,999631,1,1,1,True,862632,9,25,2,False,1,COL1
137089,980731,1,1,1,True,843642,9,4,9,False,1,COL1
137117,711731,2,2,4,True,574614,9,32,36,False,-1,COL2
137153,351731,2,2,4,True,214578,9,31,9,False,-1,COL2
137303,303731,8,8,1,True,166428,9,33,35,False,-1,COL2
137359,953731,1,1,1,True,816372,9,15,19,False,1,COL1
137363,363731,5,5,7,True,226368,9,19,21,False,-1,COL2
137369,963731,2,2,4,True,826362,9,25,29,False,-1,COL2
137519,915731,8,8,1,True,778212,9,27,18,False,-1,COL2
137537,735731,8,8,1,True,598194,9,8,23,False,-1,COL2
137587,785731,4,4,7,True,648144,9,21,36,False,1,COL1
137639,936731,2,2,4,True,799092,9,36,2,False,-1,COL2
137653,356731,7,7,4,True,219078,9,13,14,False,1,COL1
137713,317731,4,4,7,True,180018,9,36,12,False,1,COL1
137743,347731,7,7,4,True,209988,9,29,5,False,1,COL1
137777,777731,5,5,7,True,639954,9,26,28,False,-1,COL2
137827,728731,1,1,1,True,590904,9,2,16,False,1,COL1
137831,138731,5,5,7,True,900,9,6,18,False,-1,COL2
137869,968731,7,7,4,True,830862,9,7,34,False,1,COL1
137909,909731,2,2,4,True,771822,9,10,12,False,-1,COL2
137941,149731,7,7,4,True,11790,9,5,29,False,1,COL1
137993,399731,5,5,7,True,261738,9,20,20,True,-1,COL2
138007,700831,1,1,1,True,562824,9,34,14,False,1,COL1
138041,140831,8,8,1,True,2790,9,31,9,False,-1,COL2
138191,191831,5,5,7,True,53640,9,33,23,False,-1,COL2
138403,304831,1,1,1,True,166428,9,23,25,False,1,COL1
138461,164831,5,5,7,True,26370,9,7,33,False,-1,COL2
138497,794831,5,5,7,True,656334,9,6,34,False,-1,COL2
138581,185831,8,8,1,True,47250,9,16,17,False,-1,COL2
138763,367831,1,1,1,True,229068,9,13,14,False,1,COL1
138869,968831,8,8,1,True,829962,9,8,23,False,-1,COL2
138899,998831,2,2,4,True,859932,9,1,16,False,-1,COL2
138959,959831,8,8,1,True,820872,9,24,14,False,-1,COL2
139109,901931,5,5,7,True,762822,9,26,19,False,-1,COL2
139199,991931,5,5,7,True,852732,9,5,35,False,-1,COL2
139291,192931,7,7,4,True,53640,9,23,13,False,1,COL1
139303,303931,1,1,1,True,164628,9,35,13,False,1,COL1
139313,313931,2,2,4,True,174618,9,8,23,False,-1,COL2
139339,933931,1,1,1,True,794592,9,34,14,False,1,COL1
139387,783931,4,4,7,True,644544,9,8,12,False,1,COL1
139393,393931,1,1,1,True,254538,9,14,29,False,1,COL1
139397,793931,5,5,7,True,654534,9,18,22,False,-1,COL2
139409,904931,8,8,1,True,765522,9,30,22,False,-1,COL2
139423,324931,4,4,7,True,185508,9,7,34,False,1,COL1
139457,754931,2,2,4,True,615474,9,4,20,False,-1,COL2
139493,394931,2,2,4,True,255438,9,3,30,False,-1,COL2
139547,745931,2,2,4,True,606384,9,20,11,False,-1,COL2
139591,195931,1,1,1,True,56340,9,27,16,False,1,COL1
139597,795931,7,7,4,True,656334,9,33,24,False,1,COL1
139609,906931,1,1,1,True,767322,9,8,24,False,1,COL1
139619,916931,2,2,4,True,777312,9,18,34,False,-1,COL2
139661,166931,8,8,1,True,27270,9,23,24,False,-1,COL2
139697,796931,8,8,1,True,657234,9,22,25,False,-1,COL2
139871,178931,2,2,4,True,39060,9,11,36,False,-1,COL2
139883,388931,5,5,7,True,249048,9,23,24,False,-1,COL2
139939,939931,7,7,4,True,799992,9,5,20,False,1,COL1
139943,349931,2,2,4,True,209988,9,9,22,False,-1,COL2
139991,199931,5,5,7,True,59940,9,20,20,True,-1,COL2
139999,999931,4,4,7,True,859932,9,28,6,False,1,COL1
140143,341041,4,4,7,True,200898,9,24,12,False,1,COL1
140237,732041,8,8,1,True,591804,9,7,33,False,-1,COL2
140249,942041,2,2,4,True,801792,9,19,21,False,-1,COL2
140269,962041,4,4,7,True,821772,9,2,4,False,1,COL1
140281,182041,7,7,4,True,41760,9,14,1,False,1,COL1
140297,792041,5,5,7,True,651744,9,30,19,False,-1,COL2
140333,333041,5,5,7,True,192708,9,29,4,False,-1,COL2
140381,183041,8,8,1,True,42660,9,3,2,False,-1,COL2
140419,914041,1,1,1,True,773622,9,4,30,False,1,COL1
140453,354041,8,8,1,True,213588,9,1,25,False,-1,COL2
140473,374041,1,1,1,True,233568,9,21,8,False,1,COL1
140527,725041,1,1,1,True,584514,9,1,26,False,1,COL1
140603,306041,5,5,7,True,165438,9,3,14,False,-1,COL2
140681,186041,2,2,4,True,45360,9,7,5,False,-1,COL2
140683,386041,4,4,7,True,245358,9,9,20,False,1,COL1
140759,957041,8,8,1,True,816282,9,11,36,False,-1,COL2
140867,768041,8,8,1,True,627174,9,8,32,False,-1,COL2
140869,968041,1,1,1,True,827172,9,10,10,True,1,COL1
140983,389041,7,7,4,True,248058,9,13,23,False,1,COL1
141023,320141,2,2,4,True,179118,9,16,17,False,-1,COL2
141061,160141,4,4,7,True,19080,9,17,5,False,1,COL1
141067,760141,1,1,1,True,619074,9,23,13,False,1,COL1
141157,751141,1,1,1,True,609984,9,2,4,False,1,COL1
141161,161141,5,5,7,True,19980,9,6,6,True,-1,COL2
141179,971141,5,5,7,True,829962,9,24,2,False,-1,COL2
141181,181141,7,7,4,True,39960,9,26,26,True,1,COL1
141209,902141,8,8,1,True,760932,9,17,7,False,-1,COL2
141307,703141,7,7,4,True,561834,9,4,30,False,1,COL1
141371,173141,8,8,1,True,31770,9,31,18,False,-1,COL2
141497,794141,8,8,1,True,652644,9,9,10,False,-1,COL2
141499,994141,1,1,1,True,852642,9,11,25,False,1,COL1
141619,916141,4,4,7,True,774522,9,20,21,False,1,COL1
141623,326141,8,8,1,True,184518,9,24,23,False,-1,COL2
141653,356141,2,2,4,True,214488,9,17,16,False,-1,COL2
141697,796141,1,1,1,True,654444,9,24,12,False,1,COL1
141709,907141,4,4,7,True,765432,9,36,12,False,1,COL1
141719,917141,5,5,7,True,775422,9,9,22,False,-1,COL2
141803,308141,8,8,1,True,166338,9,19,5,False,-1,COL2
141829,928141,7,7,4,True,786312,9,8,33,False,1,COL1
141833,338141,2,2,4,True,196308,9,12,35,False,-1,COL2
141851,158141,2,2,4,True,16290,9,30,3,False,-1,COL2
141863,368141,5,5,7,True,226278,9,5,28,False,-1,COL2
141871,178141,4,4,7,True,36270,9,13,23,False,1,COL1
141907,709141,4,4,7,True,567234,9,12,36,False,1,COL1
142007,700241,5,5,7,True,558234,9,1,16,False,-1,COL2
142049,940241,2,2,4,True,798192,9,6,34,False,-1,COL2
142067,760241,2,2,4,True,618174,9,24,2,False,-1,COL2
142097,790241,5,5,7,True,648144,9,17,32,False,-1,COL2
142151,151241,5,5,7,True,9090,9,34,22,False,-1,COL2
142169,961241,5,5,7,True,819072,9,15,18,False,-1,COL2
142189,981241,7,7,4,True,839052,9,35,1,False,1,COL1
142297,792241,7,7,4,True,649944,9,32,34,False,1,COL1
142369,963241,7,7,4,True,820872,9,30,20,False,1,COL1
142529,925241,5,5,7,True,782712,9,5,19,False,-1,COL2
142567,765241,7,7,4,True,622674,9,6,7,False,1,COL1
142591,195241,4,4,7,True,52650,9,30,29,False,1,COL1
142673,376241,5,5,7,True,233568,9,1,25,False,-1,COL2
142757,757241,8,8,1,True,614484,9,11,36,False,-1,COL2
142759,957241,1,1,1,True,814482,9,13,14,False,1,COL1
142867,768241,1,1,1,True,625374,9,10,10,True,1,COL1
142873,378241,7,7,4,True,235368,9,16,27,False,1,COL1
142903,309241,1,1,1,True,166338,9,9,32,False,1,COL1
142949,949241,2,2,4,True,806292,9,18,6,False,-1,COL2
142993,399241,1,1,1,True,256248,9,25,11,False,1,COL1
143107,701341,7,7,4,True,558234,9,28,6,False,1,COL1
143113,311341,4,4,7,True,168228,9,34,23,False,1,COL1
143159,951341,5,5,7,True,808182,9,6,34,False,-1,COL2
143239,932341,4,4,7,True,789102,9,12,15,False,1,COL1
143243,342341,8,8,1,True,199098,9,16,17,False,-1,COL2
143249,942341,5,5,7,True,799092,9,22,25,False,-1,COL2
143281,182341,1,1,1,True,39060,9,17,5,False,1,COL1
143291,192341,2,2,4,True,49050,9,27,15,False,-1,COL2
143329,923341,4,4,7,True,780012,9,28,6,False,1,COL1
143333,333341,8,8,1,True,190008,9,32,8,False,-1,COL2
143357,753341,5,5,7,True,609984,9,19,21,False,-1,COL2
143461,164341,1,1,1,True,20880,9,12,24,False,1,COL1
143467,764341,7,7,4,True,620874,9,18,32,False,1,COL1
143489,984341,2,2,4,True,840852,9,3,30,False,-1,COL2
143527,725341,4,4,7,True,581814,9,4,30,False,1,COL1
143537,735341,5,5,7,True,591804,9,14,3,False,-1,COL2
143573,375341,5,5,7,True,231768,9,13,13,True,-1,COL2
143743,347341,4,4,7,True,203598,9,35,22,False,1,COL1
143791,197341,7,7,4,True,53550,9,9,20,False,1,COL1
143833,338341,4,4,7,True,194508,9,14,13,False,1,COL1
143909,909341,8,8,1,True,765432,9,16,29,False,-1,COL2
143977,779341,4,4,7,True,635364,9,10,10,True,1,COL1
144061,160441,7,7,4,True,16380,9,20,9,False,1,COL1
144071,170441,8,8,1,True,26370,9,30,19,False,-1,COL2
144073,370441,1,1,1,True,226368,9,32,34,False,1,COL1
144163,361441,1,1,1,True,217278,9,11,25,False,1,COL1
144167,761441,5,5,7,True,617274,9,15,18,False,-1,COL2
144253,352441,1,1,1,True,208188,9,27,16,False,1,COL1
144271,172441,1,1,1,True,28170,9,8,21,False,1,COL1
144299,992441,2,2,4,True,848142,9,36,27,False,-1,COL2
144307,703441,1,1,1,True,559134,9,7,34,False,1,COL1
144323,323441,8,8,1,True,179118,9,23,24,False,-1,COL2
144407,704441,2,2,4,True,560034,9,33,35,False,-1,COL2
144409,904441,4,4,7,True,760032,9,35,13,False,1,COL1
144413,314441,8,8,1,True,170028,9,2,15,False,-1,COL2
144427,724441,4,4,7,True,580014,9,16,18,False,1,COL1
144439,934441,7,7,4,True,790002,9,28,6,False,1,COL1
144481,184441,4,4,7,True,39960,9,33,33,True,1,COL1
144541,145441,1,1,1,True,900,9,19,31,False,1,COL1
144563,365441,5,5,7,True,220878,9,4,29,False,-1,COL2
144577,775441,1,1,1,True,630864,9,18,32,False,1,COL1
144791,197441,8,8,1,True,52650,9,10,9,False,-1,COL2
144847,748441,1,1,1,True,603594,9,29,5,False,1,COL1
144917,719441,8,8,1,True,574524,9,25,13,False,-1,COL2
144941,149441,5,5,7,True,4500,9,12,35,False,-1,COL2
144973,379441,1,1,1,True,234468,9,7,6,False,1,COL1
145043,340541,8,8,1,True,195498,9,3,30,False,-1,COL2
145063,360541,1,1,1,True,215478,9,23,13,False,1,COL1
145259,952541,8,8,1,True,807282,9,34,13,False,-1,COL2
145283,382541,5,5,7,True,237258,9,21,35,False,-1,COL2
145349,943541,8,8,1,True,798192,9,13,4,False,-1,COL2
145391,193541,5,5,7,True,48150,9,18,31,False,-1,COL2
145399,993541,4,4,7,True,848142,9,26,17,False,1,COL1
145433,334541,2,2,4,True,189108,9,23,24,False,-1,COL2
145463,364541,5,5,7,True,219078,9,16,17,False,-1,COL2
145477,774541,1,1,1,True,629064,9,30,20,False,1,COL1
145487,784541,2,2,4,True,639054,9,3,30,False,-1,COL2
145603,306541,1,1,1,True,160938,9,8,33,False,1,COL1
145661,166541,5,5,7,True,20880,9,29,4,False,-1,COL2
145777,777541,4,4,7,True,631764,9,34,23,False,1,COL1
145799,997541,8,8,1,True,851742,9,19,21,False,-1,COL2
145861,168541,7,7,4,True,22680,9,7,6,False,1,COL1
145879,978541,7,7,4,True,832662,9,25,2,False,1,COL1
145903,309541,4,4,7,True,163638,9,12,36,False,1,COL1
145967,769541,5,5,7,True,623574,9,2,15,False,-1,COL2
146033,330641,8,8,1,True,184608,9,31,9,False,-1,COL2
146057,750641,5,5,7,True,604584,9,18,22,False,-1,COL2
146077,770641,7,7,4,True,624564,9,1,5,False,1,COL1
146161,161641,1,1,1,True,15480,9,11,25,False,1,COL1
146297,792641,2,2,4,True,646344,9,36,27,False,-1,COL2
146309,903641,5,5,7,True,757332,9,11,27,False,-1,COL2
146323,323641,1,1,1,True,177318,9,25,2,False,1,COL1
146423,324641,2,2,4,True,178218,9,14,3,False,-1,COL2
146519,915641,8,8,1,True,769122,9,36,2,False,-1,COL2
146563,365641,7,7,4,True,219078,9,6,7,False,1,COL1
146581,185641,7,7,4,True,39060,9,24,12,False,1,COL1
146609,906641,8,8,1,True,760032,9,15,30,False,-1,COL2
146683,386641,1,1,1,True,239958,9,15,28,False,1,COL1
146719,917641,1,1,1,True,770922,9,14,4,False,1,COL1
146749,947641,4,4,7,True,800892,9,7,34,False,1,COL1
146777,777641,5,5,7,True,630864,9,35,12,False,-1,COL2
146807,708641,8,8,1,True,561834,9,28,17,False,-1,COL2
146819,918641,2,2,4,True,771822,9,3,5,False,-1,COL2
146891,198641,2,2,4,True,51750,9,1,25,False,-1,COL2
146953,359641,1,1,1,True,212688,9,26,1,False,1,COL1
146989,989641,1,1,1,True,842652,9,25,2,False,1,COL1
147029,920741,5,5,7,True,773712,9,28,33,False,-1,COL2
147107,701741,2,2,4,True,554634,9,32,36,False,-1,COL2
147137,731741,5,5,7,True,584604,9,25,29,False,-1,COL2
147229,922741,7,7,4,True,775512,9,6,35,False,1,COL1
147253,352741,4,4,7,True,205488,9,30,20,False,1,COL1
147263,362741,5,5,7,True,215478,9,3,30,False,-1,COL2
147289,982741,4,4,7,True,835452,9,29,21,False,1,COL1
147293,392741,8,8,1,True,245448,9,33,23,False,-1,COL2
147391,193741,7,7,4,True,46350,9,20,9,False,1,COL1
147503,305741,2,2,4,True,158238,9,21,10,False,-1,COL2
147547,745741,1,1,1,True,598194,9,28,6,False,1,COL1
147551,155741,5,5,7,True,8190,9,32,8,False,-1,COL2
147583,385741,1,1,1,True,238158,9,27,16,False,1,COL1
147617,716741,8,8,1,True,569124,9,24,14,False,-1,COL2
147629,926741,2,2,4,True,779112,9,36,2,False,-1,COL2
147661,166741,7,7,4,True,19080,9,31,19,False,1,COL1
147671,176741,8,8,1,True,29070,9,4,29,False,-1,COL2
147799,997741,1,1,1,True,849942,9,21,36,False,1,COL1
147997,799741,1,1,1,True,651744,9,34,23,False,1,COL1
148061,160841,2,2,4,True,12780,9,24,2,False,-1,COL2
148151,151841,2,2,4,True,3690,9,3,30,False,-1,COL2
148157,751841,8,8,1,True,603684,9,9,1,False,-1,COL2
148243,342841,4,4,7,True,194598,9,21,36,False,1,COL1
148361,163841,5,5,7,True,15480,9,28,5,False,-1,COL2
148399,993841,7,7,4,True,845442,9,29,21,False,1,COL1
148429,924841,1,1,1,True,776412,9,22,26,False,1,COL1
148483,384841,1,1,1,True,236358,9,2,4,False,1,COL1
148573,375841,1,1,1,True,227268,9,18,32,False,1,COL1
148627,726841,1,1,1,True,578214,9,35,13,False,1,COL1
148663,366841,1,1,1,True,218178,9,34,23,False,1,COL1
148747,747841,4,4,7,True,599094,9,7,34,False,1,COL1
148763,367841,2,2,4,True,219078,9,23,24,False,-1,COL2
148817,718841,2,2,4,True,570024,9,3,5,False,-1,COL2
148867,768841,7,7,4,True,619974,9,16,18,False,1,COL1
148891,198841,4,4,7,True,49950,9,3,3,True,1,COL1
148933,339841,1,1,1,True,190908,9,8,33,False,1,COL1
149053,350941,4,4,7,True,201888,9,17,33,False,1,COL1
149069,960941,2,2,4,True,811872,9,33,14,False,-1,COL2
149159,951941,2,2,4,True,802782,9,12,5,False,-1,COL2
149173,371941,7,7,4,True,222768,9,26,17,False,1,COL1
149213,312941,2,2,4,True,163728,9,29,32,False,-1,COL2
149239,932941,1,1,1,True,783702,9,18,23,False,1,COL1
149251,152941,4,4,7,True,3690,9,30,20,False,1,COL1
149287,782941,4,4,7,True,633654,9,29,21,False,1,COL1
149297,792941,5,5,7,True,643644,9,2,31,False,-1,COL2
149333,333941,5,5,7,True,184608,9,1,16,False,-1,COL2
149351,153941,5,5,7,True,4590,9,19,21,False,-1,COL2
149419,914941,1,1,1,True,765522,9,13,5,False,1,COL1
149423,324941,5,5,7,True,175518,9,17,7,False,-1,COL2
149533,335941,7,7,4,True,186408,9,16,18,False,1,COL1
149561,165941,8,8,1,True,16380,9,7,33,False,-1,COL2
149563,365941,1,1,1,True,216378,9,9,11,False,1,COL1
149579,975941,8,8,1,True,826362,9,25,29,False,-1,COL2
149603,306941,5,5,7,True,157338,9,12,26,False,-1,COL2
149623,326941,7,7,4,True,177318,9,32,9,False,1,COL1
149627,726941,2,2,4,True,577314,9,36,2,False,-1,COL2
149689,986941,1,1,1,True,837252,9,24,3,False,1,COL1
149827,728941,4,4,7,True,579114,9,14,4,False,1,COL1
149867,768941,8,8,1,True,619074,9,17,7,False,-1,COL2
149873,378941,5,5,7,True,229068,9,23,24,False,-1,COL2
149893,398941,7,7,4,True,249048,9,6,7,False,1,COL1
149899,998941,4,4,7,True,849042,9,12,15,False,1,COL1
149993,399941,8,8,1,True,249948,9,32,8,False,-1,COL2
150091,190051,7,7,4,True,39960,9,19,19,True,1,COL1
150097,790051,4,4,7,True,639954,9,25,27,False,1,COL1
150151,151051,4,4,7,True,900,9,5,17,False,1,COL1
150217,712051,7,7,4,True,561834,9,34,23,False,1,COL1
150223,322051,4,4,7,True,171828,9,3,3,True,1,COL1
150239,932051,2,2,4,True,781812,9,19,21,False,-1,COL2
150299,992051,8,8,1,True,841752,9,5,7,False,-1,COL2
150329,923051,2,2,4,True,772722,9,35,12,False,-1,COL2
150343,343051,7,7,4,True,192708,9,12,24,False,1,COL1
150379,973051,7,7,4,True,822672,9,11,25,False,1,COL1
150383,383051,2,2,4,True,232668,9,15,27,False,-1,COL2
150439,934051,4,4,7,True,783612,9,34,23,False,1,COL1
150523,325051,7,7,4,True,174528,9,7,6,False,1,COL1
150533,335051,8,8,1,True,184518,9,17,16,False,-1,COL2
150559,955051,7,7,4,True,804492,9,6,7,False,1,COL1
150607,706051,1,1,1,True,555444,9,17,17,True,1,COL1
150659,956051,8,8,1,True,805392,9,32,8,False,-1,COL2
150743,347051,2,2,4,True,196308,9,5,28,False,-1,COL2
150767,767051,8,8,1,True,616284,9,29,4,False,-1,COL2
150797,797051,2,2,4,True,646254,9,22,34,False,-1,COL2
150883,388051,7,7,4,True,237168,9,34,32,False,1,COL1
150889,988051,4,4,7,True,837162,9,3,3,True,1,COL1
150929,929051,8,8,1,True,778122,9,6,18,False,-1,COL2
151027,720151,7,7,4,True,569124,9,30,20,False,1,COL1
151057,750151,1,1,1,True,599094,9,23,13,False,1,COL1
151153,351151,7,7,4,True,199998,9,8,21,False,1,COL1
151157,751151,2,2,4,True,599994,9,12,14,False,-1,COL2
151169,961151,5,5,7,True,809982,9,24,2,False,-1,COL2
151189,981151,7,7,4,True,829962,9,7,22,False,1,COL1
151247,742151,2,2,4,True,590904,9,28,5,False,-1,COL2
151289,982151,8,8,1,True,830862,9,33,23,False,-1,COL2
151303,303151,4,4,7,True,151848,9,10,10,True,1,COL1
151339,933151,4,4,7,True,781812,9,9,11,False,1,COL1
151379,973151,8,8,1,True,821772,9,12,14,False,-1,COL2
151381,183151,1,1,1,True,31770,9,14,1,False,1,COL1
151423,324151,7,7,4,True,172728,9,19,31,False,1,COL1
151429,924151,4,4,7,True,772722,9,25,2,False,1,COL1
151483,384151,4,4,7,True,232668,9,5,17,False,1,COL1
151517,715151,2,2,4,True,563634,9,2,15,False,-1,COL2
151549,945151,7,7,4,True,793602,9,34,23,False,1,COL1
151579,975151,1,1,1,True,823572,9,27,16,False,1,COL1
151607,706151,2,2,4,True,554544,9,18,6,False,-1,COL2
151651,156151,1,1,1,True,4500,9,25,11,False,1,COL1
151687,786151,1,1,1,True,634464,9,24,12,False,1,COL1
151717,717151,4,4,7,True,565434,9,17,17,True,1,COL1
151783,387151,7,7,4,True,235368,9,9,20,False,1,COL1
151799,997151,5,5,7,True,845352,9,25,1,False,-1,COL2
151849,948151,1,1,1,True,796302,9,1,26,False,1,COL1
151871,178151,5,5,7,True,26280,9,23,33,False,-1,COL2
151897,798151,4,4,7,True,646254,9,12,24,False,1,COL1
151909,909151,7,7,4,True,757242,9,24,24,True,1,COL1
151967,769151,2,2,4,True,617184,9,8,32,False,-1,COL2
152083,380251,1,1,1,True,228168,9,13,2,False,1,COL1
152197,791251,7,7,4,True,639054,9,16,6,False,1,COL1
152213,312251,5,5,7,True,160038,9,32,8,False,-1,COL2
152219,912251,2,2,4,True,760032,9,1,16,False,-1,COL2
152287,782251,7,7,4,True,629964,9,32,34,False,1,COL1
152293,392251,4,4,7,True,239958,9,1,14,False,1,COL1
152377,773251,7,7,4,True,620874,9,11,25,False,1,COL1
152407,704251,1,1,1,True,551844,9,4,30,False,1,COL1
152423,324251,8,8,1,True,171828,9,20,20,True,-1,COL2
152443,344251,1,1,1,True,191808,9,3,3,True,1,COL1
152461,164251,1,1,1,True,11790,9,21,8,False,1,COL1
152519,915251,5,5,7,True,762732,9,5,19,False,-1,COL2
152563,365251,4,4,7,True,212688,9,12,24,False,1,COL1
152567,765251,8,8,1,True,612684,9,16,17,False,-1,COL2
152597,795251,2,2,4,True,642654,9,9,10,False,-1,COL2
152623,326251,1,1,1,True,173628,9,35,22,False,1,COL1
152629,926251,7,7,4,True,773622,9,4,30,False,1,COL1
152657,756251,8,8,1,True,603594,9,32,8,False,-1,COL2
152723,327251,2,2,4,True,174528,9,24,23,False,-1,COL2
152777,777251,2,2,4,True,624474,9,4,29,False,-1,COL2
152833,338251,4,4,7,True,185418,9,23,34,False,1,COL1
152839,938251,1,1,1,True,785412,9,29,5,False,1,COL1
152897,798251,5,5,7,True,645354,9,13,13,True,-1,COL2
152981,189251,8,8,1,True,36270,9,23,33,False,-1,COL2
152989,989251,7,7,4,True,836262,9,31,19,False,1,COL1
153071,170351,8,8,1,True,17280,9,2,3,False,-1,COL2
153247,742351,4,4,7,True,589104,9,30,20,False,1,COL1
153271,172351,1,1,1,True,19080,9,17,5,False,1,COL1
153313,313351,7,7,4,True,160038,9,22,35,False,1,COL1
153337,733351,4,4,7,True,580014,9,9,11,False,1,COL1
153469,964351,1,1,1,True,810882,9,30,20,False,1,COL1
153487,784351,1,1,1,True,630864,9,11,25,False,1,COL1
153557,755351,8,8,1,True,601794,9,7,33,False,-1,COL2
153589,985351,4,4,7,True,831762,9,2,4,False,1,COL1
153623,326351,2,2,4,True,172728,9,36,11,False,-1,COL2
153689,986351,5,5,7,True,832662,9,28,5,False,-1,COL2
153739,937351,1,1,1,True,783612,9,4,30,False,1,COL1
153749,947351,2,2,4,True,793602,9,14,3,False,-1,COL2
153871,178351,7,7,4,True,24480,9,25,11,False,1,COL1
153887,788351,5,5,7,True,634464,9,4,29,False,-1,COL2
153913,319351,4,4,7,True,165438,9,30,4,False,1,COL1
153947,749351,2,2,4,True,595404,9,27,27,True,-1,COL2
154043,340451,8,8,1,True,186408,9,12,14,False,-1,COL2
154073,370451,2,2,4,True,216378,9,5,7,False,-1,COL2
154097,790451,8,8,1,True,636354,9,29,20,False,-1,COL2
154127,721451,2,2,4,True,567324,9,22,25,False,-1,COL2
154213,312451,7,7,4,True,158238,9,34,23,False,1,COL1
154229,922451,5,5,7,True,768222,9,13,4,False,-1,COL2
154243,342451,1,1,1,True,188208,9,27,16,False,1,COL1
154277,772451,8,8,1,True,618174,9,24,2,False,-1,COL2
154333,333451,1,1,1,True,179118,9,6,7,False,1,COL1
154423,324451,1,1,1,True,170028,9,22,35,False,1,COL1
154459,954451,1,1,1,True,799992,9,21,36,False,1,COL1
154487,784451,2,2,4,True,629964,9,12,14,False,-1,COL2
154543,345451,4,4,7,True,190908,9,31,19,False,1,COL1
154573,375451,7,7,4,True,220878,9,24,12,False,1,COL1
154589,985451,5,5,7,True,830862,9,3,30,False,-1,COL2
154619,916451,8,8,1,True,761832,9,33,35,False,-1,COL2
154681,186451,7,7,4,True,31770,9,21,8,False,1,COL1
154727,727451,8,8,1,True,572724,9,30,31,False,-1,COL2
154747,747451,1,1,1,True,592704,9,13,14,False,1,COL1
154769,967451,5,5,7,True,812682,9,35,12,False,-1,COL2
154897,798451,7,7,4,True,643554,9,15,28,False,1,COL1
154927,729451,1,1,1,True,574524,9,8,33,False,1,COL1
155009,900551,2,2,4,True,745542,9,16,8,False,-1,COL2
155153,351551,2,2,4,True,196398,9,12,14,False,-1,COL2
155191,191551,4,4,7,True,36360,9,13,2,False,1,COL1
155203,302551,7,7,4,True,147348,9,25,2,False,1,COL1
155303,303551,8,8,1,True,148248,9,14,3,False,-1,COL2
155327,723551,5,5,7,True,568224,9,1,16,False,-1,COL2
155453,354551,5,5,7,True,199098,9,16,17,False,-1,COL2
155509,905551,7,7,4,True,750042,9,35,13,False,1,COL1
155557,755551,1,1,1,True,599994,9,9,11,False,1,COL1
155569,965551,4,4,7,True,809982,9,21,36,False,1,COL1
155579,975551,5,5,7,True,819972,9,31,9,False,-1,COL2
155581,185551,7,7,4,True,29970,9,33,33,True,1,COL1
155599,995551,7,7,4,True,839952,9,14,29,False,1,COL1
155671,176551,7,7,4,True,20880,9,12,24,False,1,COL1
155699,996551,8,8,1,True,840852,9,3,30,False,-1,COL2
155717,717551,8,8,1,True,561834,9,21,10,False,-1,COL2
155777,777551,5,5,7,True,621774,9,7,33,False,-1,COL2
155783,387551,2,2,4,True,231768,9,13,13,True,-1,COL2
155797,797551,7,7,4,True,641754,9,27,16,False,1,COL1
155849,948551,5,5,7,True,792702,9,5,19,False,-1,COL2
155851,158551,7,7,4,True,2700,9,7,6,False,1,COL1
155863,368551,1,1,1,True,212688,9,19,31,False,1,COL1
156061,160651,1,1,1,True,4590,9,32,34,False,1,COL1
156217,712651,4,4,7,True,556434,9,3,31,False,1,COL1
156257,752651,8,8,1,True,596394,9,6,34,False,-1,COL2
156371,173651,5,5,7,True,17280,9,9,10,False,-1,COL2
156539,935651,2,2,4,True,779112,9,29,32,False,-1,COL2
156619,916651,1,1,1,True,760032,9,35,13,False,1,COL1
156671,176651,8,8,1,True,19980,9,13,13,True,-1,COL2
156677,776651,5,5,7,True,619974,9,19,21,False,-1,COL2
156683,386651,2,2,4,True,229968,9,25,1,False,-1,COL2
156703,307651,4,4,7,True,150948,9,8,33,False,1,COL1
156733,337651,7,7,4,True,180918,9,1,26,False,1,COL1
156749,947651,5,5,7,True,790902,9,17,7,False,-1,COL2
156781,187651,1,1,1,True,30870,9,12,24,False,1,COL1
156799,997651,1,1,1,True,840852,9,30,20,False,1,COL1
156823,328651,7,7,4,True,171828,9,17,17,True,1,COL1
156887,788651,8,8,1,True,631764,9,7,33,False,-1,COL2
156899,998651,2,2,4,True,841752,9,19,21,False,-1,COL2
156971,179651,2,2,4,True,22680,9,17,16,False,-1,COL2
156979,979651,1,1,1,True,822672,9,25,2,False,1,COL1
157007,700751,2,2,4,True,543744,9,16,8,False,-1,COL2
157019,910751,5,5,7,True,753732,9,28,33,False,-1,COL2
157061,160751,2,2,4,True,3690,9,33,23,False,-1,COL2
157081,180751,4,4,7,True,23670,9,16,6,False,1,COL1
157103,301751,8,8,1,True,144648,9,1,16,False,-1,COL2
157109,901751,5,5,7,True,744642,9,7,24,False,-1,COL2
157181,181751,5,5,7,True,24570,9,5,7,False,-1,COL2
157271,172751,5,5,7,True,15480,9,21,35,False,-1,COL2
157273,372751,7,7,4,True,215478,9,23,13,False,1,COL1
157349,943751,2,2,4,True,786402,9,25,29,False,-1,COL2
157363,363751,7,7,4,True,206388,9,2,4,False,1,COL1
157427,724751,8,8,1,True,567324,9,29,32,False,-1,COL2
157429,924751,1,1,1,True,767322,9,31,10,False,1,COL1
157433,334751,5,5,7,True,177318,9,35,12,False,-1,COL2
157457,754751,2,2,4,True,597294,9,22,25,False,-1,COL2
157483,384751,1,1,1,True,227268,9,11,25,False,1,COL1
157513,315751,4,4,7,True,158238,9,4,30,False,1,COL1
157523,325751,5,5,7,True,168228,9,14,3,False,-1,COL2
157627,726751,1,1,1,True,569124,9,7,34,False,1,COL1
157669,966751,7,7,4,True,809082,9,12,15,False,1,COL1
157733,337751,8,8,1,True,180018,9,2,15,False,-1,COL2
157739,937751,5,5,7,True,780012,9,8,23,False,-1,COL2
157769,967751,8,8,1,True,809982,9,1,16,False,-1,COL2
157793,397751,5,5,7,True,239958,9,25,1,False,-1,COL2
157799,997751,2,2,4,True,839952,9,31,9,False,-1,COL2
157813,318751,7,7,4,True,160938,9,8,33,False,1,COL1
157867,768751,7,7,4,True,610884,9,25,2,False,1,COL1
157897,798751,1,1,1,True,640854,9,18,32,False,1,COL1
157933,339751,1,1,1,True,181818,9,17,17,True,1,COL1
157991,199751,5,5,7,True,41760,9,1,25,False,-1,COL2
158003,300851,8,8,1,True,142848,9,13,4,False,-1,COL2
158017,710851,4,4,7,True,552834,9,27,7,False,1,COL1
158071,170851,4,4,7,True,12780,9,7,22,False,1,COL1
158143,341851,4,4,7,True,183708,9,5,8,False,1,COL1
158233,332851,4,4,7,True,174618,9,21,36,False,1,COL1
158293,392851,1,1,1,True,234558,9,7,22,False,1,COL1
158329,923851,1,1,1,True,765522,9,6,35,False,1,COL1
158359,953851,4,4,7,True,795492,9,36,28,False,1,COL1
158371,173851,7,7,4,True,15480,9,11,25,False,1,COL1
158519,915851,2,2,4,True,757332,9,11,27,False,-1,COL2
158563,365851,1,1,1,True,207288,9,18,32,False,1,COL1
158567,765851,5,5,7,True,607284,9,22,25,False,-1,COL2
158663,366851,2,2,4,True,208188,9,7,33,False,-1,COL2
158749,947851,7,7,4,True,789102,9,19,22,False,1,COL1
158759,957851,8,8,1,True,799092,9,29,32,False,-1,COL2
158803,308851,7,7,4,True,150048,9,36,12,False,1,COL1
158843,348851,2,2,4,True,190008,9,2,15,False,-1,COL2
158867,768851,8,8,1,True,609984,9,26,28,False,-1,COL2
158927,729851,5,5,7,True,570924,9,12,26,False,-1,COL2
158981,189851,5,5,7,True,30870,9,29,4,False,-1,COL2
158993,399851,8,8,1,True,240858,9,4,29,False,-1,COL2
159017,710951,5,5,7,True,551934,9,28,33,False,-1,COL2
159113,311951,2,2,4,True,152838,9,13,4,False,-1,COL2
159119,911951,8,8,1,True,752832,9,19,12,False,-1,COL2
159179,971951,5,5,7,True,812772,9,5,35,False,-1,COL2
159199,991951,7,7,4,True,832752,9,25,18,False,1,COL1
159223,322951,4,4,7,True,163728,9,12,15,False,1,COL1
159233,332951,5,5,7,True,173718,9,22,25,False,-1,COL2
159349,943951,4,4,7,True,784602,9,27,7,False,1,COL1
159389,983951,8,8,1,True,824562,9,30,10,False,-1,COL2
159553,355951,1,1,1,True,196398,9,9,11,False,1,COL1
159589,985951,1,1,1,True,826362,9,8,12,False,1,COL1
159617,716951,2,2,4,True,557334,9,36,2,False,-1,COL2
159623,326951,8,8,1,True,167328,9,5,19,False,-1,COL2
159671,176951,2,2,4,True,17280,9,16,17,False,-1,COL2
159697,796951,1,1,1,True,637254,9,5,8,False,1,COL1
159707,707951,2,2,4,True,548244,9,15,30,False,-1,COL2
159769,967951,1,1,1,True,808182,9,3,31,False,1,COL1
159793,397951,7,7,4,True,238158,9,27,16,False,1,COL1
159853,358951,4,4,7,True,199098,9,13,14,False,1,COL1
159871,178951,4,4,7,True,19080,9,31,19,False,1,COL1
159899,998951,5,5,7,True,839052,9,22,25,False,-1,COL2
159937,739951,7,7,4,True,580014,9,23,25,False,1,COL1
160009,900061,7,7,4,True,740052,9,21,36,False,1,COL1
160033,330061,4,4,7,True,170028,9,8,21,False,1,COL1
160073,370061,8,8,1,True,209988,9,11,24,False,-1,COL2
160079,970061,5,5,7,True,809982,9,17,32,False,-1,COL2
160087,780061,4,4,7,True,619974,9,25,27,False,1,COL1
160159,951061,4,4,7,True,790902,9,23,13,False,1,COL1
160183,381061,1,1,1,True,220878,9,10,35,False,1,COL1
160243,342061,7,7,4,True,181818,9,33,33,True,1,COL1
160343,343061,8,8,1,True,182718,9,22,34,False,-1,COL2
160483,384061,4,4,7,True,223578,9,14,1,False,1,COL1
160619,916061,5,5,7,True,755442,9,2,15,False,-1,COL2
160637,736061,5,5,7,True,575424,9,20,20,True,-1,COL2
160687,786061,1,1,1,True,625374,9,33,33,True,1,COL1
160789,987061,4,4,7,True,826272,9,24,12,False,1,COL1
160807,708061,4,4,7,True,547254,9,5,29,False,1,COL1
160877,778061,2,2,4,True,617184,9,1,25,False,-1,COL2
160981,189061,7,7,4,True,28080,9,31,28,False,1,COL1
160997,799061,5,5,7,True,638064,9,10,9,False,-1,COL2
161009,900161,8,8,1,True,739152,9,22,25,False,-1,COL2
161047,740161,1,1,1,True,579114,9,23,13,False,1,COL1
161059,950161,4,4,7,True,789102,9,35,1,False,1,COL1
161093,390161,2,2,4,True,229068,9,32,33,False,-1,COL2
161159,951161,5,5,7,True,790002,9,24,2,False,-1,COL2
161167,761161,4,4,7,True,599994,9,32,34,False,1,COL1
161233,332161,7,7,4,True,170928,9,24,12,False,1,COL1
161263,362161,1,1,1,True,200898,9,17,5,False,1,COL1
161333,333161,8,8,1,True,171828,9,13,13,True,-1,COL2
161363,363161,2,2,4,True,201798,9,6,6,True,-1,COL2
161407,704161,1,1,1,True,542754,9,13,14,False,1,COL1
161507,705161,2,2,4,True,543654,9,2,15,False,-1,COL2
161527,725161,4,4,7,True,563634,9,22,35,False,1,COL1
161561,165161,2,2,4,True,3600,9,19,30,False,-1,COL2
161569,965161,1,1,1,True,803592,9,27,16,False,1,COL1
161591,195161,5,5,7,True,33570,9,12,23,False,-1,COL2
161639,936161,8,8,1,True,774522,9,23,24,False,-1,COL2
161683,386161,7,7,4,True,224478,9,30,29,False,1,COL1
161717,717161,5,5,7,True,555444,9,27,27,True,-1,COL2
161729,927161,8,8,1,True,765432,9,2,15,False,-1,COL2
161743,347161,4,4,7,True,185418,9,16,27,False,1,COL1
161783,387161,8,8,1,True,225378,9,19,30,False,-1,COL2
161807,708161,5,5,7,True,546354,9,6,18,False,-1,COL2
161971,179161,7,7,4,True,17190,9,22,7,False,1,COL1
161983,389161,1,1,1,True,227178,9,34,32,False,1,COL1
162017,710261,8,8,1,True,548244,9,31,9,False,-1,COL2
162079,970261,7,7,4,True,808182,9,19,10,False,1,COL1
162091,190261,1,1,1,True,28170,9,31,7,False,1,COL1
162209,902261,2,2,4,True,740052,9,1,16,False,-1,COL2
162229,922261,4,4,7,True,760032,9,21,36,False,1,COL1
162293,392261,5,5,7,True,229968,9,11,24,False,-1,COL2
162343,343261,1,1,1,True,180918,9,24,12,False,1,COL1
162359,953261,8,8,1,True,790902,9,3,30,False,-1,COL2
162389,983261,2,2,4,True,820872,9,33,23,False,-1,COL2
162391,193261,4,4,7,True,30870,9,35,10,False,1,COL1
162413,314261,8,8,1,True,151848,9,20,20,True,-1,COL2
162553,355261,4,4,7,True,192708,9,12,24,False,1,COL1
162593,395261,8,8,1,True,232668,9,15,27,False,-1,COL2
162671,176261,5,5,7,True,13590,9,19,30,False,-1,COL2
162703,307261,1,1,1,True,144558,9,14,13,False,1,COL1
162727,727261,7,7,4,True,564534,9,1,26,False,1,COL1
162787,787261,4,4,7,True,624474,9,24,12,False,1,COL1
162791,197261,8,8,1,True,34470,9,28,14,False,-1,COL2
162859,958261,4,4,7,True,795402,9,22,35,False,1,COL1
162881,188261,8,8,1,True,25380,9,7,5,False,-1,COL2
162971,179261,8,8,1,True,16290,9,23,33,False,-1,COL2
163019,910361,2,2,4,True,747342,9,34,13,False,-1,COL2
163027,720361,1,1,1,True,557334,9,5,8,False,1,COL1
163181,181361,2,2,4,True,18180,9,11,24,False,-1,COL2
163327,723361,4,4,7,True,560034,9,9,11,False,1,COL1
163363,363361,4,4,7,True,199998,9,8,21,False,1,COL1
163393,393361,7,7,4,True,229968,9,1,14,False,1,COL1
163409,904361,5,5,7,True,740952,9,17,7,False,-1,COL2
163417,714361,4,4,7,True,550944,9,25,2,False,1,COL1
163517,715361,5,5,7,True,551844,9,14,3,False,-1,COL2
163633,336361,4,4,7,True,172728,9,19,31,False,1,COL1
163637,736361,8,8,1,True,572724,9,23,24,False,-1,COL2
163643,346361,5,5,7,True,182718,9,29,4,False,-1,COL2
163697,796361,5,5,7,True,632664,9,9,10,False,-1,COL2
163729,927361,1,1,1,True,763632,9,4,30,False,1,COL1
163733,337361,5,5,7,True,173628,9,8,32,False,-1,COL2
163781,187361,8,8,1,True,23580,9,19,30,False,-1,COL2
163789,987361,7,7,4,True,823572,9,27,16,False,1,COL1
163819,918361,1,1,1,True,754542,9,20,21,False,1,COL1
163847,748361,2,2,4,True,584514,9,11,36,False,-1,COL2
163859,958361,5,5,7,True,794502,9,23,24,False,-1,COL2
163871,178361,8,8,1,True,14490,9,35,21,False,-1,COL2
163979,979361,8,8,1,True,815382,9,32,8,False,-1,COL2
163981,189361,1,1,1,True,25380,9,34,32,False,1,COL1
163997,799361,8,8,1,True,635364,9,13,13,True,-1,COL2
164149,941461,7,7,4,True,777312,9,17,33,False,1,COL1
164183,381461,5,5,7,True,217278,9,14,28,False,-1,COL2
164191,191461,4,4,7,True,27270,9,22,23,False,1,COL1
164233,332461,1,1,1,True,168228,9,27,16,False,1,COL1
164291,192461,5,5,7,True,28170,9,11,24,False,-1,COL2
164299,992461,4,4,7,True,828162,9,19,10,False,1,COL1
164357,753461,8,8,1,True,589104,9,3,30,False,-1,COL2
164419,914461,7,7,4,True,750042,9,28,6,False,1,COL1
164513,315461,2,2,4,True,150948,9,11,36,False,-1,COL2
164587,785461,4,4,7,True,620874,9,11,25,False,1,COL1
164599,995461,7,7,4,True,830862,9,23,13,False,1,COL1
164663,366461,8,8,1,True,201798,9,13,13,True,-1,COL2
165047,740561,5,5,7,True,575514,9,27,6,False,-1,COL2
165079,970561,1,1,1,True,805482,9,22,14,False,1,COL1
165173,371561,5,5,7,True,206388,9,5,7,False,-1,COL2
165229,922561,7,7,4,True,757332,9,24,3,False,1,COL1
165233,332561,2,2,4,True,167328,9,28,5,False,-1,COL2
165313,313561,1,1,1,True,148248,9,34,23,False,1,COL1
165343,343561,4,4,7,True,178218,9,27,16,False,1,COL1
165379,973561,4,4,7,True,808182,9,26,17,False,1,COL1
165397,793561,4,4,7,True,628164,9,7,22,False,1,COL1
165449,944561,2,2,4,True,779112,9,22,25,False,-1,COL2
165653,356561,8,8,1,True,190908,9,4,29,False,-1,COL2
165707,707561,8,8,1,True,541854,9,21,10,False,-1,COL2
165709,907561,1,1,1,True,741852,9,23,25,False,1,COL1
165749,947561,5,5,7,True,781812,9,26,28,False,-1,COL2
165829,928561,4,4,7,True,762732,9,32,9,False,1,COL1
165857,758561,5,5,7,True,592704,9,23,24,False,-1,COL2
165887,788561,8,8,1,True,622674,9,16,17,False,-1,COL2
165983,389561,5,5,7,True,223578,9,1,25,False,-1,COL2
166027,720661,4,4,7,True,554634,9,8,12,False,1,COL1
166043,340661,2,2,4,True,174618,9,24,2,False,-1,COL2
166147,741661,7,7,4,True,575514,9,17,33,False,1,COL1
166157,751661,8,8,1,True,585504,9,27,6,False,-1,COL2
166169,961661,2,2,4,True,795492,9,2,31,False,-1,COL2
166273,372661,7,7,4,True,206388,9,32,34,False,1,COL1
166409,904661,8,8,1,True,738252,9,20,11,False,-1,COL2
166429,924661,1,1,1,True,758232,9,3,31,False,1,COL1
166487,784661,5,5,7,True,618174,9,24,2,False,-1,COL2
166597,795661,7,7,4,True,629064,9,23,13,False,1,COL1
166603,306661,4,4,7,True,140058,9,29,5,False,1,COL1
166613,316661,5,5,7,True,150048,9,2,15,False,-1,COL2
166669,966661,7,7,4,True,799992,9,21,36,False,1,COL1
166723,327661,7,7,4,True,160938,9,1,26,False,1,COL1
166739,937661,5,5,7,True,770922,9,17,7,False,-1,COL2
166781,187661,2,2,4,True,20880,9,22,34,False,-1,COL2
166843,348661,1,1,1,True,181818,9,10,10,True,1,COL1
166967,769661,8,8,1,True,602694,9,23,24,False,-1,COL2
167009,900761,5,5,7,True,733752,9,28,33,False,-1,COL2
167071,170761,4,4,7,True,3690,9,16,6,False,1,COL1
167077,770761,1,1,1,True,603684,9,22,14,False,1,COL1
167099,990761,5,5,7,True,823662,9,7,12,False,-1,COL2
167107,701761,4,4,7,True,534654,9,15,19,False,1,COL1
167267,762761,2,2,4,True,595494,9,27,6,False,-1,COL2
167309,903761,8,8,1,True,736452,9,32,36,False,-1,COL2
167339,933761,2,2,4,True,766422,9,25,29,False,-1,COL2
167381,183761,8,8,1,True,16380,9,30,19,False,-1,COL2
167393,393761,2,2,4,True,226368,9,5,7,False,-1,COL2
167407,704761,7,7,4,True,537354,9,19,22,False,1,COL1
167413,314761,4,4,7,True,147348,9,25,2,False,1,COL1
167471,174761,8,8,1,True,7290,9,9,10,False,-1,COL2
167597,795761,8,8,1,True,628164,9,24,2,False,-1,COL2
167633,336761,8,8,1,True,169128,9,23,24,False,-1,COL2
167771,177761,2,2,4,True,9990,9,13,13,True,-1,COL2
167777,777761,8,8,1,True,609984,9,19,21,False,-1,COL2
167779,977761,1,1,1,True,809982,9,21,36,False,1,COL1
167861,168761,2,2,4,True,900,9,29,4,False,-1,COL2
167873,378761,5,5,7,True,210888,9,4,29,False,-1,COL2
167887,788761,1,1,1,True,620874,9,18,32,False,1,COL1
167891,198761,5,5,7,True,30870,9,22,34,False,-1,COL2
167953,359761,4,4,7,True,191808,9,10,10,True,1,COL1
168013,310861,1,1,1,True,142848,9,33,24,False,1,COL1
168023,320861,2,2,4,True,152838,9,6,34,False,-1,COL2
168109,901861,7,7,4,True,733752,9,18,23,False,1,COL1
168193,391861,1,1,1,True,223668,9,28,31,False,1,COL1
168269,962861,5,5,7,True,794592,9,30,10,False,-1,COL2
168391,193861,1,1,1,True,25470,9,4,18,False,1,COL1
168409,904861,1,1,1,True,736452,9,22,26,False,1,COL1
168433,334861,7,7,4,True,166428,9,9,11,False,1,COL1
168457,754861,4,4,7,True,586404,9,33,24,False,1,COL1
168491,194861,2,2,4,True,26370,9,30,19,False,-1,COL2
168523,325861,7,7,4,True,157338,9,25,2,False,1,COL1
168527,725861,2,2,4,True,557334,9,29,32,False,-1,COL2
168617,716861,2,2,4,True,548244,9,8,23,False,-1,COL2
168677,776861,8,8,1,True,608184,9,31,9,False,-1,COL2
168737,737861,5,5,7,True,569124,9,17,7,False,-1,COL2
168781,187861,4,4,7,True,19080,9,24,12,False,1,COL1
168899,998861,5,5,7,True,829962,9,31,9,False,-1,COL2
168937,739861,7,7,4,True,570924,9,32,9,False,1,COL1
169003,300961,1,1,1,True,131958,9,24,3,False,1,COL1
169067,760961,2,2,4,True,591894,9,14,19,False,-1,COL2
169069,960961,4,4,7,True,791892,9,16,34,False,1,COL1
169079,970961,5,5,7,True,801882,9,26,7,False,-1,COL2
169093,390961,1,1,1,True,221868,9,3,19,False,1,COL1
169097,790961,5,5,7,True,621864,9,7,12,False,-1,COL2
169177,771961,4,4,7,True,602784,9,13,30,False,1,COL1
169199,991961,8,8,1,True,822762,9,35,28,False,-1,COL2
169217,712961,8,8,1,True,543744,9,16,8,False,-1,COL2
169283,382961,2,2,4,True,213678,9,8,11,False,-1,COL2
169313,313961,5,5,7,True,144648,9,1,16,False,-1,COL2
169399,993961,1,1,1,True,824562,9,13,30,False,1,COL1
169427,724961,2,2,4,True,555534,9,4,20,False,-1,COL2
169483,384961,4,4,7,True,215478,9,23,13,False,1,COL1
169607,706961,2,2,4,True,537354,9,36,2,False,-1,COL2
169633,336961,1,1,1,True,167328,9,25,2,False,1,COL1
169649,946961,8,8,1,True,777312,9,4,20,False,-1,COL2
169657,756961,7,7,4,True,587304,9,12,15,False,1,COL1
169691,196961,5,5,7,True,27270,9,9,10,False,-1,COL2
169769,967961,2,2,4,True,798192,9,13,4,False,-1,COL2
169823,328961,2,2,4,True,159138,9,30,31,False,-1,COL2
169837,738961,7,7,4,True,569124,9,7,34,False,1,COL1
169957,759961,1,1,1,True,590004,9,16,18,False,1,COL1
169987,789961,4,4,7,True,619974,9,9,11,False,1,COL1
169991,199961,8,8,1,True,29970,9,13,13,True,-1,COL2
170063,360071,8,8,1,True,190008,9,11,24,False,-1,COL2
170081,180071,8,8,1,True,9990,9,29,29,True,-1,COL2
170213,312071,5,5,7,True,141858,9,13,13,True,-1,COL2
170243,342071,8,8,1,True,171828,9,6,6,True,-1,COL2
170279,972071,8,8,1,True,801792,9,5,7,False,-1,COL2
170327,723071,2,2,4,True,552744,9,16,17,False,-1,COL2
170447,744071,5,5,7,True,573624,9,25,1,False,-1,COL2
170497,794071,1,1,1,True,623574,9,1,14,False,1,COL1
170509,905071,4,4,7,True,734562,9,13,14,False,1,COL1
170537,735071,5,5,7,True,564534,9,4,29,False,-1,COL2
170539,935071,7,7,4,True,764532,9,6,7,False,1,COL1
170557,755071,7,7,4,True,584514,9,24,12,False,1,COL1
170579,975071,2,2,4,True,804492,9,9,10,False,-1,COL2
170627,726071,5,5,7,True,555444,9,20,20,True,-1,COL2
170689,986071,4,4,7,True,815382,9,8,21,False,1,COL1
170707,707071,4,4,7,True,536364,9,26,1,False,1,COL1
170759,957071,2,2,4,True,786312,9,4,29,False,-1,COL2
170767,767071,1,1,1,True,596304,9,12,24,False,1,COL1
170773,377071,7,7,4,True,206298,9,18,4,False,1,COL1
170777,777071,2,2,4,True,606294,9,22,34,False,-1,COL2
170809,908071,7,7,4,True,737262,9,17,17,True,1,COL1
170837,738071,8,8,1,True,567234,9,8,32,False,-1,COL2
170857,758071,1,1,1,True,587214,9,28,15,False,1,COL1
170873,378071,8,8,1,True,207198,9,7,5,False,-1,COL2
170887,788071,4,4,7,True,617184,9,21,8,False,1,COL1
170899,998071,7,7,4,True,827172,9,33,33,True,1,COL1
171007,700171,7,7,4,True,529164,9,30,20,False,1,COL1
171047,740171,2,2,4,True,569124,9,33,23,False,-1,COL2
171179,971171,8,8,1,True,799992,9,17,32,False,-1,COL2
171203,302171,5,5,7,True,130968,9,4,29,False,-1,COL2
171271,172171,1,1,1,True,900,9,35,10,False,1,COL1
171317,713171,2,2,4,True,541854,9,7,33,False,-1,COL2
171329,923171,5,5,7,True,751842,9,19,21,False,-1,COL2
171383,383171,5,5,7,True,211788,9,36,36,True,-1,COL2
171467,764171,8,8,1,True,592704,9,9,10,False,-1,COL2
171517,715171,4,4,7,True,543654,9,22,35,False,1,COL1
171553,355171,4,4,7,True,183618,9,21,8,False,1,COL1
171583,385171,7,7,4,True,213588,9,14,1,False,1,COL1
171617,716171,5,5,7,True,544554,9,11,36,False,-1,COL2
171629,926171,8,8,1,True,754542,9,23,24,False,-1,COL2
171653,356171,5,5,7,True,184518,9,10,9,False,-1,COL2
171673,376171,7,7,4,True,204498,9,30,29,False,1,COL1
171697,796171,4,4,7,True,624474,9,17,5,False,1,COL1
171713,317171,2,2,4,True,145458,9,33,7,False,-1,COL2
171757,757171,1,1,1,True,585414,9,3,3,True,1,COL1
171823,328171,4,4,7,True,156348,9,32,18,False,1,COL1
171863,368171,8,8,1,True,196308,9,35,21,False,-1,COL2
171881,188171,8,8,1,True,16290,9,16,26,False,-1,COL2
171929,929171,2,2,4,True,757242,9,27,27,True,-1,COL2
171937,739171,1,1,1,True,567234,9,35,22,False,1,COL1
171947,749171,2,2,4,True,577224,9,8,32,False,-1,COL2
172049,940271,5,5,7,True,768222,9,36,27,False,-1,COL2
172097,790271,8,8,1,True,618174,9,10,25,False,-1,COL2
172223,322271,8,8,1,True,150048,9,25,1,False,-1,COL2
172279,972271,1,1,1,True,799992,9,7,22,False,1,COL1
172283,382271,5,5,7,True,209988,9,11,24,False,-1,COL2
172657,756271,1,1,1,True,583614,9,15,28,False,1,COL1
172681,186271,7,7,4,True,13590,9,2,13,False,1,COL1
172687,786271,4,4,7,True,613584,9,8,21,False,1,COL1
172717,717271,7,7,4,True,544554,9,1,26,False,1,COL1
172829,928271,2,2,4,True,755442,9,2,15,False,-1,COL2
172969,969271,7,7,4,True,796302,9,31,19,False,1,COL1
172981,189271,1,1,1,True,16290,9,6,16,False,1,COL1
172993,399271,4,4,7,True,226278,9,18,4,False,1,COL1
173081,180371,2,2,4,True,7290,9,32,33,False,-1,COL2
173087,780371,8,8,1,True,607284,9,1,4,False,-1,COL2
173099,990371,2,2,4,True,817272,9,13,29,False,-1,COL2
173183,381371,5,5,7,True,208188,9,23,12,False,-1,COL2
173249,942371,8,8,1,True,769122,9,15,18,False,-1,COL2
173263,362371,4,4,7,True,189108,9,29,30,False,1,COL1
173267,762371,8,8,1,True,589104,9,33,23,False,-1,COL2
173273,372371,5,5,7,True,199098,9,2,3,False,-1,COL2
173297,792371,2,2,4,True,619074,9,26,16,False,-1,COL2
173491,194371,7,7,4,True,20880,9,35,10,False,1,COL1
173573,375371,8,8,1,True,201798,9,6,6,True,-1,COL2
173647,746371,1,1,1,True,572724,9,6,7,False,1,COL1
173683,386371,1,1,1,True,212688,9,5,17,False,1,COL1
173687,786371,5,5,7,True,612684,9,9,10,False,-1,COL2
173713,317371,4,4,7,True,143658,9,35,22,False,1,COL1
173773,377371,1,1,1,True,203598,9,21,8,False,1,COL1
173783,387371,2,2,4,True,213588,9,31,18,False,-1,COL2
173807,708371,8,8,1,True,534564,9,18,6,False,-1,COL2
173819,918371,2,2,4,True,744552,9,30,31,False,-1,COL2
173867,768371,5,5,7,True,594504,9,4,29,False,-1,COL2
173909,909371,2,2,4,True,735462,9,9,22,False,-1,COL2
174007,700471,1,1,1,True,526464,9,33,24,False,1,COL1
174019,910471,4,4,7,True,736452,9,8,12,False,1,COL1
174091,190471,4,4,7,True,16380,9,6,32,False,1,COL1
174149,941471,8,8,1,True,767322,9,27,6,False,-1,COL2
174281,182471,5,5,7,True,8190,9,11,24,False,-1,COL2
174329,923471,8,8,1,True,749142,9,22,25,False,-1,COL2
174367,763471,1,1,1,True,589104,9,23,13,False,1,COL1
174467,764471,2,2,4,True,590004,9,12,14,False,-1,COL2
174487,784471,4,4,7,True,609984,9,32,34,False,1,COL1
174491,194471,8,8,1,True,19980,9,36,36,True,-1,COL2
174583,385471,1,1,1,True,210888,9,17,5,False,1,COL1
174599,995471,8,8,1,True,820872,9,33,23,False,-1,COL2
174613,316471,4,4,7,True,141858,9,10,10,True,1,COL1
174637,736471,1,1,1,True,561834,9,34,23,False,1,COL1
174673,376471,1,1,1,True,201798,9,33,33,True,1,COL1
174679,976471,7,7,4,True,801792,9,2,4,False,1,COL1
174703,307471,4,4,7,True,132768,9,26,1,False,1,COL1
174767,767471,5,5,7,True,592704,9,16,17,False,-1,COL2
174773,377471,2,2,4,True,202698,9,22,34,False,-1,COL2
174829,928471,4,4,7,True,753642,9,4,30,False,1,COL1
174893,398471,5,5,7,True,223578,9,31,18,False,-1,COL2
174943,349471,1,1,1,True,174528,9,7,6,False,1,COL1
174959,959471,8,8,1,True,784512,9,23,24,False,-1,COL2
175013,310571,8,8,1,True,135558,9,3,30,False,-1,COL2
175039,930571,7,7,4,True,755532,9,29,21,False,1,COL1
175267,762571,1,1,1,True,587304,9,35,1,False,1,COL1
175277,772571,2,2,4,True,597294,9,8,11,False,-1,COL2
175291,192571,7,7,4,True,17280,9,22,23,False,1,COL1
175303,303571,1,1,1,True,128268,9,34,23,False,1,COL1
175349,943571,2,2,4,True,768222,9,6,34,False,-1,COL2
175393,393571,1,1,1,True,218178,9,13,2,False,1,COL1
175463,364571,8,8,1,True,189108,9,9,10,False,-1,COL2
175481,184571,8,8,1,True,9090,9,27,15,False,-1,COL2
175493,394571,2,2,4,True,219078,9,2,3,False,-1,COL2
175499,994571,8,8,1,True,819072,9,8,11,False,-1,COL2
175523,325571,5,5,7,True,150048,9,32,8,False,-1,COL2
175543,345571,7,7,4,True,170028,9,15,28,False,1,COL1
175633,336571,7,7,4,True,160938,9,31,19,False,1,COL1
175699,996571,1,1,1,True,820872,9,23,13,False,1,COL1
175723,327571,7,7,4,True,151848,9,10,10,True,1,COL1
175753,357571,1,1,1,True,181818,9,3,3,True,1,COL1
175843,348571,1,1,1,True,172728,9,19,31,False,1,COL1
175853,358571,2,2,4,True,182718,9,29,4,False,-1,COL2
175873,378571,4,4,7,True,202698,9,12,24,False,1,COL1
175891,198571,4,4,7,True,22680,9,30,29,False,1,COL1
175919,919571,5,5,7,True,743652,9,21,10,False,-1,COL2
175993,399571,7,7,4,True,223578,9,21,8,False,1,COL1
176047,740671,7,7,4,True,564624,9,1,5,False,1,COL1
176087,780671,2,2,4,True,604584,9,4,8,False,-1,COL2
176191,191671,7,7,4,True,15480,9,34,11,False,1,COL1
176207,702671,5,5,7,True,526464,9,13,4,False,-1,COL2
176347,743671,1,1,1,True,567324,9,5,8,False,1,COL1
176459,954671,5,5,7,True,778212,9,6,34,False,-1,COL2
176549,945671,5,5,7,True,769122,9,22,25,False,-1,COL2
176629,926671,4,4,7,True,750042,9,28,6,False,1,COL1
176713,317671,7,7,4,True,140958,9,1,26,False,1,COL1
176753,357671,2,2,4,True,180918,9,4,29,False,-1,COL2
176777,777671,8,8,1,True,600894,9,28,5,False,-1,COL2
176779,977671,1,1,1,True,800892,9,30,20,False,1,COL1
176809,908671,4,4,7,True,731862,9,23,25,False,1,COL1
176849,948671,8,8,1,True,771822,9,26,28,False,-1,COL2
176857,758671,7,7,4,True,581814,9,34,23,False,1,COL1
176903,309671,8,8,1,True,132768,9,6,18,False,-1,COL2
176923,329671,1,1,1,True,152748,9,26,1,False,1,COL1
176927,729671,5,5,7,True,552744,9,30,31,False,-1,COL2
176933,339671,2,2,4,True,162738,9,36,11,False,-1,COL2
176989,989671,4,4,7,True,812682,9,18,32,False,1,COL1
177013,310771,1,1,1,True,133758,9,5,8,False,1,COL1
177019,910771,7,7,4,True,733752,9,11,16,False,1,COL1
177209,902771,8,8,1,True,725562,9,16,8,False,-1,COL2
177223,322771,4,4,7,True,145548,9,30,20,False,1,COL1
177257,752771,2,2,4,True,575514,9,27,6,False,-1,COL2
177319,913771,1,1,1,True,736452,9,15,19,False,1,COL1
177433,334771,7,7,4,True,157338,9,18,32,False,1,COL1
177473,374771,2,2,4,True,197298,9,21,35,False,-1,COL2
177533,335771,8,8,1,True,158238,9,7,33,False,-1,COL2
177539,935771,5,5,7,True,758232,9,13,4,False,-1,COL2
177691,196771,4,4,7,True,19080,9,17,5,False,1,COL1
177743,347771,2,2,4,True,170028,9,32,8,False,-1,COL2
177763,367771,4,4,7,True,190008,9,15,28,False,1,COL1
177787,787771,1,1,1,True,609984,9,2,4,False,1,COL1
177893,398771,8,8,1,True,220878,9,34,22,False,-1,COL2
177949,949771,1,1,1,True,771822,9,16,18,False,1,COL1
178067,760871,2,2,4,True,582804,9,23,3,False,-1,COL2
178091,190871,8,8,1,True,12780,9,10,25,False,-1,COL2
178169,961871,5,5,7,True,783702,9,14,19,False,-1,COL2
178223,322871,5,5,7,True,144648,9,31,9,False,-1,COL2
178289,982871,8,8,1,True,804582,9,23,3,False,-1,COL2
178333,333871,7,7,4,True,155538,9,30,20,False,1,COL1
178349,943871,5,5,7,True,765522,9,9,1,False,-1,COL2
178393,393871,4,4,7,True,215478,9,16,6,False,1,COL1
178469,964871,8,8,1,True,786402,9,18,22,False,-1,COL2
178537,735871,4,4,7,True,557334,9,12,15,False,1,COL1
178597,795871,1,1,1,True,617274,9,35,1,False,1,COL1
178603,306871,7,7,4,True,128268,9,4,30,False,1,COL1
178681,186871,4,4,7,True,8190,9,8,21,False,1,COL1
178691,196871,5,5,7,True,18180,9,18,31,False,-1,COL2
178693,396871,7,7,4,True,218178,9,20,9,False,1,COL1
178697,796871,2,2,4,True,618174,9,24,2,False,-1,COL2
178781,187871,5,5,7,True,9090,9,34,22,False,-1,COL2
178817,718871,5,5,7,True,540054,9,33,35,False,-1,COL2
178859,958871,2,2,4,True,780012,9,1,16,False,-1,COL2
178877,778871,2,2,4,True,599994,9,19,21,False,-1,COL2
178897,798871,4,4,7,True,619974,9,2,4,False,1,COL1
178907,709871,5,5,7,True,530964,9,12,26,False,-1,COL2
178939,939871,1,1,1,True,760932,9,7,34,False,1,COL1
179029,920971,1,1,1,True,741942,9,23,4,False,1,COL1
179083,380971,1,1,1,True,201888,9,3,19,False,1,COL1
179173,371971,1,1,1,True,192798,9,19,10,False,1,COL1
179203,302971,4,4,7,True,123768,9,12,15,False,1,COL1
179209,902971,1,1,1,True,723762,9,18,23,False,1,COL1
179213,312971,5,5,7,True,133758,9,22,25,False,-1,COL2
179243,342971,8,8,1,True,163728,9,15,18,False,-1,COL2
179269,962971,7,7,4,True,783702,9,4,9,False,1,COL1
179381,183971,2,2,4,True,4590,9,5,7,False,-1,COL2
179437,734971,4,4,7,True,555534,9,24,3,False,1,COL1
179453,354971,2,2,4,True,175518,9,3,30,False,-1,COL2
179479,974971,1,1,1,True,795492,9,29,21,False,1,COL1
179573,375971,5,5,7,True,196398,9,12,14,False,-1,COL2
179581,185971,4,4,7,True,6390,9,20,9,False,1,COL1
179591,195971,5,5,7,True,16380,9,30,19,False,-1,COL2
179593,395971,7,7,4,True,216378,9,32,34,False,1,COL1
179657,756971,8,8,1,True,577314,9,22,25,False,-1,COL2
179687,786971,2,2,4,True,607284,9,15,18,False,-1,COL2
179693,396971,8,8,1,True,217278,9,21,35,False,-1,COL2
179719,917971,7,7,4,True,738252,9,10,1,False,1,COL1
179779,977971,4,4,7,True,798192,9,33,24,False,1,COL1
179819,918971,8,8,1,True,739152,9,36,2,False,-1,COL2
179827,728971,7,7,4,True,549144,9,7,34,False,1,COL1
179849,948971,2,2,4,True,769122,9,29,32,False,-1,COL2
179909,909971,8,8,1,True,730062,9,15,30,False,-1,COL2
179939,939971,2,2,4,True,760032,9,8,23,False,-1,COL2
179947,749971,1,1,1,True,570024,9,16,18,False,1,COL1
179989,989971,7,7,4,True,809982,9,21,36,False,1,COL1
180007,700081,7,7,4,True,520074,9,2,4,False,1,COL1
180023,320081,5,5,7,True,140058,9,18,31,False,-1,COL2
180073,370081,1,1,1,True,190008,9,31,7,False,1,COL1
180181,181081,1,1,1,True,900,9,28,3,False,1,COL1
180233,332081,8,8,1,True,151848,9,6,6,True,-1,COL2
180239,932081,5,5,7,True,751842,9,12,14,False,-1,COL2
180263,362081,2,2,4,True,181818,9,36,36,True,-1,COL2
180307,703081,1,1,1,True,522774,9,6,7,False,1,COL1
180379,973081,1,1,1,True,792702,9,4,18,False,1,COL1
180533,335081,2,2,4,True,154548,9,10,9,False,-1,COL2
180799,997081,7,7,4,True,816282,9,17,5,False,1,COL1
180883,388081,1,1,1,True,207198,9,27,25,False,1,COL1
181063,360181,1,1,1,True,179118,9,22,23,False,1,COL1
181157,751181,5,5,7,True,570024,9,5,7,False,-1,COL2
181183,381181,4,4,7,True,199998,9,31,7,False,1,COL1
181199,991181,2,2,4,True,809982,9,10,25,False,-1,COL2
181253,352181,2,2,4,True,170928,9,27,15,False,-1,COL2
181277,772181,8,8,1,True,590904,9,14,28,False,-1,COL2
181397,793181,2,2,4,True,611784,9,23,12,False,-1,COL2
181409,904181,5,5,7,True,722772,9,35,12,False,-1,COL2
181457,754181,8,8,1,True,572724,9,9,10,False,-1,COL2
181459,954181,1,1,1,True,772722,9,11,25,False,1,COL1
181499,994181,5,5,7,True,812682,9,14,28,False,-1,COL2
181513,315181,1,1,1,True,133668,9,28,15,False,1,COL1
181523,325181,2,2,4,True,143658,9,1,25,False,-1,COL2
181537,735181,7,7,4,True,553644,9,15,28,False,1,COL1
181639,936181,1,1,1,True,754542,9,6,7,False,1,COL1
181693,396181,1,1,1,True,214488,9,23,22,False,1,COL1
181757,757181,2,2,4,True,575424,9,13,13,True,-1,COL2
181759,957181,4,4,7,True,775422,9,15,28,False,1,COL1
181763,367181,8,8,1,True,185418,9,19,30,False,-1,COL2
181777,777181,4,4,7,True,595404,9,33,33,True,1,COL1
181787,787181,5,5,7,True,605394,9,6,6,True,-1,COL2
181813,318181,4,4,7,True,136368,9,32,18,False,1,COL1
181957,759181,4,4,7,True,577224,9,28,15,False,1,COL1
182027,720281,2,2,4,True,538254,9,24,2,False,-1,COL2
182029,920281,4,4,7,True,738252,9,26,17,False,1,COL1
182059,950281,7,7,4,True,768222,9,19,10,False,1,COL1
182099,990281,2,2,4,True,808182,9,22,13,False,-1,COL2
182159,951281,8,8,1,True,769122,9,8,11,False,-1,COL2
182179,971281,1,1,1,True,789102,9,28,31,False,1,COL1
182209,902281,4,4,7,True,720072,9,21,36,False,1,COL1
182243,342281,2,2,4,True,160038,9,18,31,False,-1,COL2
182503,305281,1,1,1,True,122778,9,19,31,False,1,COL1
182579,975281,5,5,7,True,792702,9,21,35,False,-1,COL2
182639,936281,2,2,4,True,753642,9,7,33,False,-1,COL2
182657,756281,2,2,4,True,573624,9,25,1,False,-1,COL2
182659,956281,4,4,7,True,773622,9,27,16,False,1,COL1
182813,318281,5,5,7,True,135468,9,33,7,False,-1,COL2
182899,998281,1,1,1,True,815382,9,8,21,False,1,COL1
182929,929281,4,4,7,True,746352,9,1,26,False,1,COL1
183167,761381,8,8,1,True,578214,9,17,32,False,-1,COL2
183247,742381,7,7,4,True,559134,9,23,13,False,1,COL1
183259,952381,1,1,1,True,769122,9,35,1,False,1,COL1
183263,362381,5,5,7,True,179118,9,2,3,False,-1,COL2
183289,982381,4,4,7,True,799092,9,28,31,False,1,COL1
183317,713381,5,5,7,True,530064,9,19,21,False,-1,COL2
183343,343381,4,4,7,True,160038,9,8,21,False,1,COL1
183437,734381,8,8,1,True,550944,9,28,5,False,-1,COL2
183509,905381,8,8,1,True,721872,9,26,28,False,-1,COL2
183527,725381,8,8,1,True,541854,9,7,33,False,-1,COL2
183637,736381,1,1,1,True,552744,9,6,7,False,1,COL1
183683,386381,2,2,4,True,202698,9,15,27,False,-1,COL2
183809,908381,2,2,4,True,724572,9,30,31,False,-1,COL2
183823,328381,7,7,4,True,144558,9,7,6,False,1,COL1
183907,709381,1,1,1,True,525474,9,17,17,True,1,COL1
183919,919381,4,4,7,True,735462,9,29,5,False,1,COL1
183943,349381,1,1,1,True,165438,9,16,27,False,1,COL1
183949,949381,7,7,4,True,765432,9,22,35,False,1,COL1
184003,300481,7,7,4,True,116478,9,2,4,False,1,COL1
184013,310481,8,8,1,True,126468,9,12,14,False,-1,COL2
184039,930481,7,7,4,True,746442,9,1,5,False,1,COL1
184043,340481,2,2,4,True,156438,9,5,7,False,-1,COL2
184157,751481,8,8,1,True,567324,9,8,11,False,-1,COL2
184187,781481,2,2,4,True,597294,9,1,4,False,-1,COL2
184189,981481,4,4,7,True,797292,9,3,19,False,1,COL1
184259,952481,2,2,4,True,768222,9,36,27,False,-1,COL2
184273,372481,7,7,4,True,188208,9,13,2,False,1,COL1
184279,972481,4,4,7,True,788202,9,19,10,False,1,COL1
184369,963481,4,4,7,True,779112,9,35,1,False,1,COL1
184417,714481,7,7,4,True,530064,9,9,11,False,1,COL1
184487,784481,5,5,7,True,599994,9,5,7,False,-1,COL2
184489,984481,7,7,4,True,799992,9,7,22,False,1,COL1
184559,955481,5,5,7,True,770922,9,3,30,False,-1,COL2
184607,706481,8,8,1,True,521874,9,14,3,False,-1,COL2
184609,906481,1,1,1,True,721872,9,16,18,False,1,COL1
184669,966481,7,7,4,True,781812,9,2,4,False,1,COL1
184703,307481,5,5,7,True,122778,9,36,11,False,-1,COL2
184823,328481,8,8,1,True,143658,9,8,32,False,-1,COL2
184859,958481,8,8,1,True,773622,9,7,33,False,-1,COL2
184903,309481,7,7,4,True,124578,9,14,13,False,1,COL1
184969,969481,1,1,1,True,784512,9,6,7,False,1,COL1
184993,399481,7,7,4,True,214488,9,30,29,False,1,COL1
184997,799481,2,2,4,True,614484,9,34,22,False,-1,COL2
185069,960581,2,2,4,True,775512,9,32,24,False,-1,COL2
185291,192581,8,8,1,True,7290,9,32,33,False,-1,COL2
185303,303581,2,2,4,True,118278,9,7,33,False,-1,COL2
185323,323581,4,4,7,True,138258,9,27,16,False,1,COL1
185363,363581,8,8,1,True,178218,9,30,19,False,-1,COL2
185369,963581,5,5,7,True,778212,9,36,27,False,-1,COL2
185483,384581,2,2,4,True,199098,9,2,3,False,-1,COL2
185491,194581,1,1,1,True,9090,9,10,35,False,1,COL1
185539,935581,4,4,7,True,750042,9,21,36,False,1,COL1
185543,345581,8,8,1,True,160038,9,25,1,False,-1,COL2
185567,765581,5,5,7,True,580014,9,12,14,False,-1,COL2
185593,395581,4,4,7,True,209988,9,1,14,False,1,COL1
185681,186581,2,2,4,True,900,9,15,27,False,-1,COL2
185693,396581,5,5,7,True,210888,9,27,15,False,-1,COL2
185723,327581,8,8,1,True,141858,9,20,20,True,-1,COL2
185797,797581,1,1,1,True,611784,9,20,9,False,1,COL1
185813,318581,8,8,1,True,132768,9,36,11,False,-1,COL2
185819,918581,5,5,7,True,732762,9,5,19,False,-1,COL2
185833,338581,1,1,1,True,152748,9,19,31,False,1,COL1
185849,948581,8,8,1,True,762732,9,35,12,False,-1,COL2
185893,398581,7,7,4,True,212688,9,5,17,False,1,COL1
185957,759581,8,8,1,True,573624,9,32,8,False,-1,COL2
186007,700681,4,4,7,True,514674,9,8,12,False,1,COL1
186103,301681,1,1,1,True,115578,9,30,20,False,1,COL1
186107,701681,5,5,7,True,515574,9,34,13,False,-1,COL2
186113,311681,2,2,4,True,125568,9,3,30,False,-1,COL2
186119,911681,8,8,1,True,725562,9,9,1,False,-1,COL2
186187,781681,4,4,7,True,595494,9,3,19,False,1,COL1
186229,922681,1,1,1,True,736452,9,8,12,False,1,COL1
186239,932681,2,2,4,True,746442,9,18,22,False,-1,COL2
186247,742681,1,1,1,True,556434,9,26,17,False,1,COL1
186259,952681,4,4,7,True,766422,9,1,5,False,1,COL1
186317,713681,8,8,1,True,527364,9,22,25,False,-1,COL2
186377,773681,5,5,7,True,587304,9,8,11,False,-1,COL2
186379,973681,7,7,4,True,787302,9,10,26,False,1,COL1
186649,946681,7,7,4,True,760032,9,21,36,False,1,COL1
186733,337681,1,1,1,True,150948,9,31,19,False,1,COL1
186773,377681,5,5,7,True,190908,9,34,22,False,-1,COL2
186799,997681,4,4,7,True,810882,9,23,13,False,1,COL1
186877,778681,1,1,1,True,591804,9,27,16,False,1,COL1
186889,988681,4,4,7,True,801792,9,2,4,False,1,COL1
186917,719681,5,5,7,True,532764,9,30,31,False,-1,COL2
186959,959681,2,2,4,True,772722,9,35,12,False,-1,COL2
187049,940781,2,2,4,True,753732,9,14,19,False,-1,COL2
187133,331781,5,5,7,True,144648,9,24,2,False,-1,COL2
187139,931781,2,2,4,True,744642,9,30,10,False,-1,COL2
187177,771781,4,4,7,True,584604,9,31,35,False,1,COL1
187217,712781,8,8,1,True,525564,9,34,13,False,-1,COL2
187223,322781,5,5,7,True,135558,9,3,30,False,-1,COL2
187303,303781,4,4,7,True,116478,9,9,11,False,1,COL1
187339,933781,4,4,7,True,746442,9,8,12,False,1,COL1
187349,943781,5,5,7,True,756432,9,18,22,False,-1,COL2
187379,973781,8,8,1,True,786402,9,11,15,False,-1,COL2
187387,783781,7,7,4,True,596394,9,19,10,False,1,COL1
187409,904781,2,2,4,True,717372,9,4,20,False,-1,COL2
187417,714781,1,1,1,True,527364,9,12,15,False,1,COL1
187423,324781,7,7,4,True,137358,9,18,32,False,1,COL1
187507,705781,1,1,1,True,518274,9,28,6,False,1,COL1
187559,955781,8,8,1,True,768222,9,6,34,False,-1,COL2
187669,966781,1,1,1,True,779112,9,5,8,False,1,COL1
187699,996781,4,4,7,True,809082,9,35,1,False,1,COL1
187763,367781,5,5,7,True,180018,9,25,1,False,-1,COL2
187823,328781,2,2,4,True,140958,9,11,36,False,-1,COL2
187883,388781,8,8,1,True,200898,9,34,22,False,-1,COL2
187897,798781,4,4,7,True,610884,9,11,25,False,1,COL1
188107,701881,7,7,4,True,513774,9,36,28,False,1,COL1
188137,731881,1,1,1,True,543744,9,29,21,False,1,COL1
188273,372881,2,2,4,True,184608,9,17,32,False,-1,COL2
188359,953881,7,7,4,True,765522,9,29,21,False,1,COL1
188389,983881,1,1,1,True,795492,9,22,14,False,1,COL1
188417,714881,2,2,4,True,526464,9,13,4,False,-1,COL2
188519,915881,5,5,7,True,727362,9,4,20,False,-1,COL2
188609,906881,5,5,7,True,718272,9,20,11,False,-1,COL2
188687,786881,2,2,4,True,598194,9,24,2,False,-1,COL2
188693,396881,8,8,1,True,208188,9,30,19,False,-1,COL2
188767,767881,1,1,1,True,579114,9,30,20,False,1,COL1
188779,977881,4,4,7,True,789102,9,5,8,False,1,COL1
188827,728881,7,7,4,True,540054,9,16,18,False,1,COL1
188863,368881,7,7,4,True,180018,9,15,28,False,1,COL1
188939,939881,2,2,4,True,750942,9,17,7,False,-1,COL2
188957,759881,2,2,4,True,570924,9,35,12,False,-1,COL2
189019,910981,1,1,1,True,721962,9,23,4,False,1,COL1
189139,931981,4,4,7,True,742842,9,32,25,False,1,COL1
189149,941981,5,5,7,True,752832,9,5,35,False,-1,COL2
189169,961981,7,7,4,True,772812,9,25,18,False,1,COL1
189199,991981,1,1,1,True,802782,9,18,11,False,1,COL1
189307,703981,1,1,1,True,514674,9,15,19,False,1,COL1
189337,733981,4,4,7,True,544644,9,8,12,False,1,COL1
189439,934981,7,7,4,True,745542,9,36,28,False,1,COL1
189473,374981,5,5,7,True,185508,9,33,23,False,-1,COL2
189491,194981,5,5,7,True,5490,9,14,28,False,-1,COL2
189493,394981,7,7,4,True,205488,9,16,6,False,1,COL1
189547,745981,7,7,4,True,556434,9,33,24,False,1,COL1
189617,716981,5,5,7,True,527364,9,29,32,False,-1,COL2
189653,356981,5,5,7,True,167328,9,28,5,False,-1,COL2
189697,796981,4,4,7,True,607284,9,35,1,False,1,COL1
189743,347981,5,5,7,True,158238,9,7,33,False,-1,COL2
189823,328981,4,4,7,True,139158,9,13,14,False,1,COL1
189913,319981,4,4,7,True,130068,9,29,5,False,1,COL1
189977,779981,5,5,7,True,590004,9,19,21,False,-1,COL2
189983,389981,2,2,4,True,199998,9,25,1,False,-1,COL2
189989,989981,8,8,1,True,799992,9,31,9,False,-1,COL2
190027,720091,1,1,1,True,530064,9,32,34,False,1,COL1
190063,360091,1,1,1,True,170028,9,31,7,False,1,COL1
190129,921091,4,4,7,True,730962,9,23,13,False,1,COL1
190159,951091,7,7,4,True,760932,9,16,6,False,1,COL1
190249,942091,7,7,4,True,751842,9,32,34,False,1,COL1
190357,753091,7,7,4,True,562734,9,29,30,False,1,COL1
190403,304091,8,8,1,True,113688,9,1,25,False,-1,COL2
190573,375091,7,7,4,True,184518,9,23,22,False,1,COL1
190577,775091,2,2,4,True,584514,9,27,15,False,-1,COL2
190649,946091,2,2,4,True,755442,9,25,1,False,-1,COL2
190667,766091,2,2,4,True,575424,9,6,6,True,-1,COL2
190717,717091,7,7,4,True,526374,9,19,31,False,1,COL1
190759,957091,4,4,7,True,766332,9,24,12,False,1,COL1
190787,787091,5,5,7,True,596304,9,15,27,False,-1,COL2
190807,708091,7,7,4,True,517284,9,35,22,False,1,COL1
190891,198091,1,1,1,True,7200,9,8,30,False,1,COL1
190909,909091,1,1,1,True,718182,9,26,1,False,1,COL1
190997,799091,8,8,1,True,608094,9,3,2,False,-1,COL2
191039,930191,5,5,7,True,739152,9,8,11,False,-1,COL2
191047,740191,4,4,7,True,549144,9,16,6,False,1,COL1
191137,731191,4,4,7,True,540054,9,32,34,False,1,COL1
191143,341191,1,1,1,True,150048,9,1,14,False,1,COL1
191173,371191,4,4,7,True,180018,9,31,7,False,1,COL1
191237,732191,5,5,7,True,540954,9,21,35,False,-1,COL2
191449,944191,1,1,1,True,752742,9,11,25,False,1,COL1
191497,794191,4,4,7,True,602694,9,22,23,False,1,COL1
191507,705191,5,5,7,True,513684,9,32,8,False,-1,COL2
191519,915191,8,8,1,True,723672,9,7,33,False,-1,COL2
191627,726191,8,8,1,True,534564,9,4,29,False,-1,COL2
191657,756191,2,2,4,True,564534,9,34,22,False,-1,COL2
191669,966191,5,5,7,True,774522,9,9,10,False,-1,COL2
191689,986191,7,7,4,True,794502,9,29,30,False,1,COL1
191707,707191,7,7,4,True,515484,9,10,10,True,1,COL1
191717,717191,8,8,1,True,525474,9,20,20,True,-1,COL2
191827,728191,1,1,1,True,536364,9,19,31,False,1,COL1
192013,310291,7,7,4,True,118278,9,20,9,False,1,COL1
192029,920291,5,5,7,True,728262,9,36,27,False,-1,COL2
192097,790291,1,1,1,True,598194,9,30,8,False,1,COL1
192113,311291,8,8,1,True,119178,9,9,10,False,-1,COL2
192173,371291,5,5,7,True,179118,9,32,33,False,-1,COL2
192193,391291,7,7,4,True,199098,9,15,16,False,1,COL1
192229,922291,7,7,4,True,730062,9,14,29,False,1,COL1
192259,952291,1,1,1,True,760032,9,7,22,False,1,COL1
192263,362291,5,5,7,True,170028,9,11,24,False,-1,COL2
192373,373291,7,7,4,True,180918,9,10,35,False,1,COL1
192383,383291,8,8,1,True,190908,9,20,8,False,-1,COL2
192463,364291,7,7,4,True,171828,9,26,26,True,1,COL1
192529,925291,1,1,1,True,732762,9,18,32,False,1,COL1
192583,385291,1,1,1,True,192708,9,35,10,False,1,COL1
192613,316291,4,4,7,True,123678,9,28,15,False,1,COL1
192617,716291,8,8,1,True,523674,9,32,8,False,-1,COL2
192697,796291,7,7,4,True,603594,9,1,14,False,1,COL1
192737,737291,2,2,4,True,544554,9,4,29,False,-1,COL2
192757,757291,4,4,7,True,564534,9,24,12,False,1,COL1
192853,358291,1,1,1,True,165438,9,9,20,False,1,COL1
192979,979291,1,1,1,True,786312,9,24,12,False,1,COL1
193093,390391,7,7,4,True,197298,9,27,4,False,1,COL1
193133,331391,2,2,4,True,138258,9,30,19,False,-1,COL2
193153,351391,4,4,7,True,158238,9,13,2,False,1,COL1
193189,981391,4,4,7,True,788202,9,12,3,False,1,COL1
193283,382391,8,8,1,True,189108,9,32,33,False,-1,COL2
193327,723391,7,7,4,True,530064,9,2,4,False,1,COL1
193337,733391,8,8,1,True,540054,9,12,14,False,-1,COL2
193367,763391,2,2,4,True,570024,9,5,7,False,-1,COL2
193423,324391,4,4,7,True,130968,9,24,12,False,1,COL1
193447,744391,1,1,1,True,550944,9,11,25,False,1,COL1
193549,945391,4,4,7,True,751842,9,2,4,False,1,COL1
193559,955391,5,5,7,True,761832,9,12,14,False,-1,COL2
193573,375391,1,1,1,True,181818,9,26,26,True,1,COL1
193649,946391,5,5,7,True,752742,9,28,5,False,-1,COL2
193763,367391,2,2,4,True,173628,9,31,18,False,-1,COL2
193789,987391,1,1,1,True,793602,9,20,9,False,1,COL1
193799,997391,2,2,4,True,803592,9,30,19,False,-1,COL2
193877,778391,8,8,1,True,584514,9,34,22,False,-1,COL2
193883,388391,5,5,7,True,194508,9,3,2,False,-1,COL2
193891,198391,4,4,7,True,4500,9,11,34,False,1,COL1
193937,739391,5,5,7,True,545454,9,20,20,True,-1,COL2
193939,939391,7,7,4,True,745452,9,22,35,False,1,COL1
193993,399391,7,7,4,True,205398,9,2,13,False,1,COL1
194003,300491,8,8,1,True,106488,9,12,14,False,-1,COL2
194017,710491,4,4,7,True,516474,9,26,17,False,1,COL1
194027,720491,5,5,7,True,526464,9,36,27,False,-1,COL2
194093,390491,8,8,1,True,196398,9,28,30,False,-1,COL2
194149,941491,1,1,1,True,747342,9,10,26,False,1,COL1
194179,971491,4,4,7,True,777312,9,3,19,False,1,COL1
194267,762491,2,2,4,True,568224,9,17,32,False,-1,COL2
194377,773491,4,4,7,True,579114,9,16,6,False,1,COL1
194413,314491,4,4,7,True,120078,9,15,28,False,1,COL1
194507,705491,8,8,1,True,510984,9,35,12,False,-1,COL2
194569,965491,7,7,4,True,770922,9,23,13,False,1,COL1
194687,786491,8,8,1,True,591804,9,30,19,False,-1,COL2
194713,317491,7,7,4,True,122778,9,19,31,False,1,COL1
194717,717491,2,2,4,True,522774,9,23,24,False,-1,COL2
194723,327491,8,8,1,True,132768,9,29,4,False,-1,COL2
194729,927491,5,5,7,True,732762,9,35,12,False,-1,COL2
194809,908491,4,4,7,True,713682,9,4,30,False,1,COL1
194839,938491,7,7,4,True,743652,9,34,23,False,1,COL1
194863,368491,4,4,7,True,173628,9,21,8,False,1,COL1
194867,768491,8,8,1,True,573624,9,25,1,False,-1,COL2
194891,198491,5,5,7,True,3600,9,12,23,False,-1,COL2
194933,339491,2,2,4,True,144558,9,17,16,False,-1,COL2
194963,369491,5,5,7,True,174528,9,10,9,False,-1,COL2
195023,320591,2,2,4,True,125568,9,33,23,False,-1,COL2
195043,340591,4,4,7,True,145548,9,16,6,False,1,COL1
195047,740591,8,8,1,True,545544,9,20,36,False,-1,COL2
195077,770591,2,2,4,True,575514,9,13,29,False,-1,COL2
195089,980591,5,5,7,True,785502,9,25,17,False,-1,COL2
195103,301591,1,1,1,True,106488,9,2,4,False,1,COL1
195277,772591,4,4,7,True,577314,9,28,31,False,1,COL1
195329,923591,2,2,4,True,728262,9,6,34,False,-1,COL2
195343,343591,7,7,4,True,148248,9,20,9,False,1,COL1
195413,314591,5,5,7,True,119178,9,16,17,False,-1,COL2
195479,974591,8,8,1,True,779112,9,8,11,False,-1,COL2
195539,935591,5,5,7,True,740052,9,31,9,False,-1,COL2
195599,995591,2,2,4,True,799992,9,17,32,False,-1,COL2
195697,796591,1,1,1,True,600894,9,4,18,False,1,COL1
195737,737591,5,5,7,True,541854,9,7,33,False,-1,COL2
195739,937591,7,7,4,True,741852,9,9,11,False,1,COL1
195743,347591,2,2,4,True,151848,9,13,13,True,-1,COL2
195809,908591,5,5,7,True,712782,9,5,19,False,-1,COL2
195893,398591,8,8,1,True,202698,9,15,27,False,-1,COL2
195913,319591,1,1,1,True,123678,9,35,22,False,1,COL1
195919,919591,7,7,4,True,723672,9,4,30,False,1,COL1
195967,769591,1,1,1,True,573624,9,15,28,False,1,COL1
195977,779591,2,2,4,True,583614,9,25,1,False,-1,COL2
196003,300691,1,1,1,True,104688,9,14,29,False,1,COL1
196117,711691,7,7,4,True,515574,9,17,33,False,1,COL1
196139,931691,2,2,4,True,735552,9,2,31,False,-1,COL2
196169,961691,5,5,7,True,765522,9,32,24,False,-1,COL2
196177,771691,4,4,7,True,575514,9,3,19,False,1,COL1
196193,391691,2,2,4,True,195498,9,19,9,False,-1,COL2
196277,772691,5,5,7,True,576414,9,29,20,False,-1,COL2
196303,303691,4,4,7,True,107388,9,18,32,False,1,COL1
196307,703691,8,8,1,True,507384,9,22,25,False,-1,COL2
196379,973691,8,8,1,True,777312,9,20,36,False,-1,COL2
196387,783691,7,7,4,True,587304,9,28,31,False,1,COL1
196477,774691,7,7,4,True,578214,9,7,22,False,1,COL1
196499,994691,2,2,4,True,798192,9,29,20,False,-1,COL2
196523,325691,8,8,1,True,129168,9,16,17,False,-1,COL2
196579,975691,1,1,1,True,779112,9,35,1,False,1,COL1
196613,316691,8,8,1,True,120078,9,32,8,False,-1,COL2
196687,786691,1,1,1,True,590004,9,32,34,False,1,COL1
196709,907691,5,5,7,True,710982,9,17,7,False,-1,COL2
196727,727691,5,5,7,True,530964,9,35,12,False,-1,COL2
196817,718691,5,5,7,True,521874,9,14,3,False,-1,COL2
196853,358691,5,5,7,True,161838,9,13,13,True,-1,COL2
196873,378691,7,7,4,True,181818,9,33,33,True,1,COL1
196907,709691,5,5,7,True,512784,9,30,31,False,-1,COL2
196919,919691,8,8,1,True,722772,9,5,19,False,-1,COL2
196993,399691,1,1,1,True,202698,9,5,17,False,1,COL1
197023,320791,4,4,7,True,123768,9,35,1,False,1,COL1
197033,330791,5,5,7,True,133758,9,8,11,False,-1,COL2
197059,950791,4,4,7,True,753732,9,34,2,False,1,COL1
197159,951791,5,5,7,True,754632,9,23,3,False,-1,COL2
197203,302791,4,4,7,True,105588,9,30,20,False,1,COL1
197233,332791,7,7,4,True,135558,9,23,13,False,1,COL1
197243,342791,8,8,1,True,145548,9,33,23,False,-1,COL2
197269,962791,7,7,4,True,765522,9,22,14,False,1,COL1
197347,743791,4,4,7,True,546444,9,26,17,False,1,COL1
197359,953791,7,7,4,True,756432,9,1,5,False,1,COL1
197383,383791,4,4,7,True,186408,9,25,27,False,1,COL1
197389,983791,1,1,1,True,786402,9,31,35,False,1,COL1
197419,914791,4,4,7,True,717372,9,24,3,False,1,COL1
197423,324791,8,8,1,True,127368,9,28,5,False,-1,COL2
197453,354791,2,2,4,True,157338,9,21,35,False,-1,COL2
197539,935791,7,7,4,True,738252,9,33,24,False,1,COL1
197569,965791,1,1,1,True,768222,9,26,17,False,1,COL1
197597,795791,2,2,4,True,598194,9,17,32,False,-1,COL2
197599,995791,4,4,7,True,798192,9,19,10,False,1,COL1
197647,746791,7,7,4,True,549144,9,30,20,False,1,COL1
197779,977791,4,4,7,True,780012,9,14,29,False,1,COL1
197837,738791,8,8,1,True,540954,9,35,12,False,-1,COL2
197909,909791,8,8,1,True,711882,9,33,35,False,-1,COL2
197927,729791,8,8,1,True,531864,9,14,3,False,-1,COL2
197963,369791,8,8,1,True,171828,9,13,13,True,-1,COL2
197969,969791,5,5,7,True,771822,9,19,21,False,-1,COL2
198047,740891,2,2,4,True,542844,9,23,3,False,-1,COL2
198073,370891,1,1,1,True,172818,9,12,3,False,1,COL1
198109,901891,1,1,1,True,703782,9,11,16,False,1,COL1
198127,721891,1,1,1,True,523764,9,29,21,False,1,COL1
198193,391891,4,4,7,True,193698,9,21,24,False,1,COL1
198197,791891,8,8,1,True,593694,9,25,17,False,-1,COL2
198223,322891,7,7,4,True,124668,9,14,29,False,1,COL1
198257,752891,5,5,7,True,554634,9,11,15,False,-1,COL2
198347,743891,5,5,7,True,545544,9,27,6,False,-1,COL2
198439,934891,7,7,4,True,736452,9,8,12,False,1,COL1
198463,364891,4,4,7,True,166428,9,32,34,False,1,COL1
198479,974891,2,2,4,True,776412,9,11,15,False,-1,COL2
198529,925891,7,7,4,True,727362,9,24,3,False,1,COL1
198553,355891,4,4,7,True,157338,9,11,25,False,1,COL1
198593,395891,8,8,1,True,197298,9,14,28,False,-1,COL2
198613,316891,1,1,1,True,118278,9,34,23,False,1,COL1
198647,746891,8,8,1,True,548244,9,31,9,False,-1,COL2
198673,376891,7,7,4,True,178218,9,20,9,False,1,COL1
198733,337891,4,4,7,True,139158,9,6,7,False,1,COL1
198823,328891,4,4,7,True,130068,9,22,35,False,1,COL1
198827,728891,8,8,1,True,530064,9,26,28,False,-1,COL2
198929,929891,2,2,4,True,730962,9,17,7,False,-1,COL2
198997,799891,7,7,4,True,600894,9,11,25,False,1,COL1
199039,930991,4,4,7,True,731952,9,16,34,False,1,COL1
199103,301991,5,5,7,True,102888,9,6,34,False,-1,COL2
199153,351991,1,1,1,True,152838,9,19,10,False,1,COL1
199207,702991,1,1,1,True,503784,9,36,28,False,1,COL1
199247,742991,5,5,7,True,543744,9,2,31,False,-1,COL2
199313,313991,8,8,1,True,114678,9,31,9,False,-1,COL2
199337,733991,5,5,7,True,534654,9,18,22,False,-1,COL2
199417,714991,4,4,7,True,515574,9,24,3,False,1,COL1
199457,754991,8,8,1,True,555534,9,27,6,False,-1,COL2
199499,994991,5,5,7,True,795492,9,32,24,False,-1,COL2
199559,955991,2,2,4,True,756432,9,18,22,False,-1,COL2
199567,765991,1,1,1,True,566424,9,26,17,False,1,COL1
199583,385991,8,8,1,True,186408,9,5,7,False,-1,COL2
199603,306991,1,1,1,True,107388,9,25,2,False,1,COL1
199669,966991,4,4,7,True,767322,9,17,33,False,1,COL1
199679,976991,5,5,7,True,777312,9,27,6,False,-1,COL2
199739,937991,2,2,4,True,738252,9,13,4,False,-1,COL2
199799,997991,8,8,1,True,798192,9,36,27,False,-1,COL2
199807,708991,7,7,4,True,509184,9,7,34,False,1,COL1
199933,339991,7,7,4,True,140058,9,22,35,False,1,COL1
300073,370003,4,4,7,True,69930,9,3,3,True,1,COL1
300119,911003,5,5,7,True,610884,9,12,26,False,-1,COL2
300163,361003,4,4,7,True,60840,9,19,31,False,1,COL1
300187,781003,1,1,1,True,480816,9,6,7,False,1,COL1
300239,932003,8,8,1,True,631764,9,21,10,False,-1,COL2
300277,772003,1,1,1,True,471726,9,22,35,False,1,COL1
300323,323003,2,2,4,True,22680,9,31,30,False,-1,COL2
300413,314003,2,2,4,True,13590,9,10,21,False,-1,COL2
300589,985003,7,7,4,True,684414,9,1,26,False,1,COL1
300649,946003,4,4,7,True,645354,9,24,24,True,1,COL1
300673,376003,1,1,1,True,75330,9,11,9,False,1,COL1
300719,917003,2,2,4,True,616284,9,20,32,False,-1,COL2
300739,937003,4,4,7,True,636264,9,3,15,False,1,COL1
300743,347003,8,8,1,True,46260,9,7,17,False,-1,COL2
300809,908003,2,2,4,True,607194,9,36,23,False,-1,COL2
300857,758003,5,5,7,True,457146,9,10,21,False,-1,COL2
300869,968003,8,8,1,True,667134,9,22,9,False,-1,COL2
300929,929003,5,5,7,True,628074,9,8,7,False,-1,COL2
300953,359003,2,2,4,True,58050,9,32,29,False,-1,COL2
300967,769003,7,7,4,True,468036,9,9,32,False,1,COL1
300977,779003,8,8,1,True,478026,9,19,5,False,-1,COL2
300997,799003,1,1,1,True,498006,9,2,25,False,1,COL1
301073,370103,5,5,7,True,69030,9,4,29,False,-1,COL2
301183,381103,7,7,4,True,79920,9,3,3,True,1,COL1
301219,912103,7,7,4,True,610884,9,2,16,False,1,COL1
301319,913103,8,8,1,True,611784,9,28,17,False,-1,COL2
301333,333103,4,4,7,True,31770,9,5,29,False,1,COL1
301409,904103,8,8,1,True,602694,9,7,8,False,-1,COL2
301459,954103,4,4,7,True,652644,9,20,21,False,1,COL1
301463,364103,8,8,1,True,62640,9,24,23,False,-1,COL2
301487,784103,5,5,7,True,482616,9,11,36,False,-1,COL2
301619,916103,2,2,4,True,614484,9,32,20,False,-1,COL2
301703,307103,5,5,7,True,5400,9,5,3,False,-1,COL2
301753,357103,1,1,1,True,55350,9,18,16,False,1,COL1
301813,318103,7,7,4,True,16290,9,4,14,False,1,COL1
301933,339103,1,1,1,True,37170,9,13,35,False,1,COL1
301979,979103,2,2,4,True,677124,9,22,9,False,-1,COL2
301997,799103,2,2,4,True,497106,9,3,14,False,-1,COL2
302123,321203,2,2,4,True,19080,9,18,6,False,-1,COL2
302143,341203,4,4,7,True,39060,9,1,26,False,1,COL1
302167,761203,1,1,1,True,459036,9,25,2,False,1,COL1
302213,312203,2,2,4,True,9990,9,34,34,True,-1,COL2
302329,923203,1,1,1,True,620874,9,2,16,False,1,COL1
302399,993203,8,8,1,True,690804,9,35,12,False,-1,COL2
302459,954203,5,5,7,True,651744,9,21,10,False,-1,COL2
302483,384203,2,2,4,True,81720,9,8,32,False,-1,COL2
302567,765203,5,5,7,True,462636,9,18,6,False,-1,COL2
302573,375203,2,2,4,True,72630,9,24,23,False,-1,COL2
302587,785203,7,7,4,True,482616,9,1,26,False,1,COL1
302597,795203,8,8,1,True,492606,9,11,36,False,-1,COL2
302609,906203,2,2,4,True,603594,9,23,36,False,-1,COL2
302629,926203,4,4,7,True,623574,9,6,19,False,1,COL1
302647,746203,4,4,7,True,443556,9,24,24,True,1,COL1
302723,327203,8,8,1,True,24480,9,26,12,False,-1,COL2
302747,747203,5,5,7,True,444456,9,13,25,False,-1,COL2
302767,767203,7,7,4,True,464436,9,33,8,False,1,COL1
302779,977203,1,1,1,True,674424,9,8,33,False,1,COL1
302833,338203,1,1,1,True,35370,9,25,23,False,1,COL1
302857,758203,7,7,4,True,455346,9,12,36,False,1,COL1
302909,909203,5,5,7,True,606294,9,27,2,False,-1,COL2
302927,729203,5,5,7,True,426276,9,8,7,False,-1,COL2
303007,700303,4,4,7,True,397296,9,14,4,False,1,COL1
303119,911303,8,8,1,True,608184,9,15,30,False,-1,COL2
303139,931303,1,1,1,True,628164,9,35,13,False,1,COL1
303143,341303,5,5,7,True,38160,9,2,15,False,-1,COL2
303217,712303,7,7,4,True,409086,9,2,16,False,1,COL1
303257,752303,2,2,4,True,449046,9,5,19,False,-1,COL2
303283,382303,1,1,1,True,79020,9,31,19,False,1,COL1
303367,763303,4,4,7,True,459936,9,4,30,False,1,COL1
303409,904303,1,1,1,True,600894,9,9,23,False,1,COL1
303463,364303,1,1,1,True,60840,9,26,1,False,1,COL1
303469,964303,7,7,4,True,660834,9,32,9,False,1,COL1
303539,935303,5,5,7,True,631764,9,28,17,False,-1,COL2
303587,785303,8,8,1,True,481716,9,2,15,False,-1,COL2
303593,395303,5,5,7,True,91710,9,8,32,False,-1,COL2
303643,346303,1,1,1,True,42660,9,21,20,False,1,COL1
303647,746303,5,5,7,True,442656,9,25,13,False,-1,COL2
303679,976303,1,1,1,True,672624,9,20,21,False,1,COL1
303683,386303,5,5,7,True,82620,9,24,23,False,-1,COL2
303803,308303,8,8,1,True,4500,9,33,19,False,-1,COL2
303817,718303,4,4,7,True,414486,9,10,22,False,1,COL1
303827,728303,5,5,7,True,424476,9,20,32,False,-1,COL2
303937,739303,7,7,4,True,435366,9,19,6,False,1,COL1
303983,389303,8,8,1,True,85320,9,28,26,False,-1,COL2
303997,799303,4,4,7,True,495306,9,5,29,False,1,COL1
304049,940403,2,2,4,True,636354,9,20,11,False,-1,COL2
304193,391403,2,2,4,True,87210,9,16,17,False,-1,COL2
304223,322403,5,5,7,True,18180,9,9,22,False,-1,COL2
304253,352403,8,8,1,True,48150,9,2,15,False,-1,COL2
304279,972403,7,7,4,True,668124,9,28,6,False,1,COL1
304349,943403,5,5,7,True,639054,9,24,14,False,-1,COL2
304363,363403,1,1,1,True,59040,9,1,26,False,1,COL1
304393,393403,4,4,7,True,89010,9,31,19,False,1,COL1
304429,924403,4,4,7,True,619974,9,30,32,False,1,COL1
304433,334403,8,8,1,True,29970,9,34,34,True,-1,COL2
304439,934403,5,5,7,True,629964,9,3,5,False,-1,COL2
304609,906403,4,4,7,True,601794,9,25,14,False,1,COL1
304729,927403,7,7,4,True,622674,9,34,35,False,1,COL1
304757,757403,8,8,1,True,452646,9,25,13,False,-1,COL2
304807,708403,4,4,7,True,403596,9,1,1,True,1,COL1
304813,318403,1,1,1,True,13590,9,7,18,False,1,COL1
304849,948403,1,1,1,True,643554,9,6,19,False,1,COL1
304879,978403,4,4,7,True,673524,9,36,12,False,1,COL1
304883,388403,8,8,1,True,83520,9,3,14,False,-1,COL2
304897,798403,4,4,7,True,493506,9,17,17,True,1,COL1
304903,309403,1,1,1,True,4500,9,23,9,False,1,COL1
304943,349403,5,5,7,True,44460,9,26,12,False,-1,COL2
304979,979403,5,5,7,True,674424,9,25,13,False,-1,COL2
305017,710503,7,7,4,True,405486,9,26,29,False,1,COL1
305093,390503,2,2,4,True,85410,9,28,5,False,-1,COL2
305119,911503,1,1,1,True,606384,9,17,8,False,1,COL1
305423,324503,8,8,1,True,19080,9,25,13,False,-1,COL2
305597,795503,2,2,4,True,489906,9,14,3,False,-1,COL2
305603,306503,8,8,1,True,900,9,20,32,False,-1,COL2
305633,336503,2,2,4,True,30870,9,13,25,False,-1,COL2
305719,917503,7,7,4,True,611784,9,25,14,False,1,COL1
305783,387503,8,8,1,True,81720,9,15,2,False,-1,COL2
305857,758503,1,1,1,True,452646,9,15,3,False,1,COL1
305867,768503,2,2,4,True,462636,9,25,13,False,-1,COL2
305873,378503,8,8,1,True,72630,9,31,30,False,-1,COL2
305917,719503,7,7,4,True,413586,9,1,1,True,1,COL1
305927,729503,8,8,1,True,423576,9,11,11,True,-1,COL2
306133,331603,7,7,4,True,25470,9,32,9,False,1,COL1
306167,761603,5,5,7,True,455436,9,29,32,False,-1,COL2
306329,923603,5,5,7,True,617274,9,6,9,False,-1,COL2
306349,943603,7,7,4,True,637254,9,26,29,False,1,COL1
306377,773603,8,8,1,True,467226,9,17,7,False,-1,COL2
306407,704603,2,2,4,True,398196,9,10,12,False,-1,COL2
306473,374603,5,5,7,True,68130,9,2,15,False,-1,COL2
306577,775603,1,1,1,True,469026,9,32,9,False,1,COL1
306749,947603,2,2,4,True,640854,9,19,33,False,-1,COL2
306763,367603,7,7,4,True,60840,9,33,8,False,1,COL1
306809,908603,8,8,1,True,601794,9,5,31,False,-1,COL2
306847,748603,1,1,1,True,441756,9,6,19,False,1,COL1
307033,330703,7,7,4,True,23670,9,7,34,False,1,COL1
307093,390703,4,4,7,True,83610,9,30,20,False,1,COL1
307129,921703,4,4,7,True,614574,9,29,33,False,1,COL1
307169,961703,8,8,1,True,654534,9,32,36,False,-1,COL2
307189,981703,1,1,1,True,674514,9,15,19,False,1,COL1
307277,772703,8,8,1,True,465426,9,29,32,False,-1,COL2
307283,382703,5,5,7,True,75420,9,35,12,False,-1,COL2
307289,982703,2,2,4,True,675414,9,4,20,False,-1,COL2
307339,933703,7,7,4,True,626364,9,17,8,False,1,COL1
307399,993703,4,4,7,True,686304,9,3,31,False,1,COL1
307589,985703,5,5,7,True,678114,9,8,23,False,-1,COL2
307633,336703,4,4,7,True,29070,9,15,3,False,1,COL1
307687,786703,4,4,7,True,479016,9,32,9,False,1,COL1
307693,396703,1,1,1,True,89010,9,1,26,False,1,COL1
307759,957703,4,4,7,True,649944,9,30,32,False,1,COL1
307817,718703,8,8,1,True,410886,9,14,15,False,-1,COL2
307919,919703,2,2,4,True,611784,9,5,31,False,-1,COL2
308137,731803,4,4,7,True,423666,9,1,17,False,1,COL1
308153,351803,2,2,4,True,43650,9,17,7,False,-1,COL2
308293,392803,7,7,4,True,84510,9,9,11,False,1,COL1
308309,903803,5,5,7,True,595494,9,25,4,False,-1,COL2
308323,323803,1,1,1,True,15480,9,2,16,False,1,COL1
308327,723803,5,5,7,True,415476,9,6,9,False,-1,COL2
308333,333803,2,2,4,True,25470,9,12,26,False,-1,COL2
308437,734803,7,7,4,True,426366,9,5,20,False,1,COL1
308509,905803,7,7,4,True,597294,9,3,6,False,1,COL1
308587,785803,4,4,7,True,477216,9,7,34,False,1,COL1
308597,795803,5,5,7,True,487206,9,17,7,False,-1,COL2
308923,329803,7,7,4,True,20880,9,10,22,False,1,COL1
308989,989803,1,1,1,True,680814,9,2,16,False,1,COL1
309079,970903,1,1,1,True,661824,9,18,23,False,1,COL1
309107,701903,2,2,4,True,392796,9,9,13,False,-1,COL2
309193,391903,7,7,4,True,82710,9,21,36,False,1,COL1
309269,962903,2,2,4,True,653634,9,23,15,False,-1,COL2
309277,772903,1,1,1,True,463626,9,31,10,False,1,COL1
309289,982903,4,4,7,True,673614,9,6,35,False,1,COL1
309317,713903,5,5,7,True,404586,9,34,25,False,-1,COL2
309457,754903,1,1,1,True,445446,9,26,29,False,1,COL1
309539,935903,2,2,4,True,626364,9,34,25,False,-1,COL2
309599,995903,8,8,1,True,686304,9,20,11,False,-1,COL2
309623,326903,5,5,7,True,17280,9,7,8,False,-1,COL2
309629,926903,2,2,4,True,617274,9,13,16,False,-1,COL2
309637,736903,1,1,1,True,427266,9,21,11,False,1,COL1
309713,317903,5,5,7,True,8190,9,23,36,False,-1,COL2
309769,967903,7,7,4,True,658134,9,5,20,False,1,COL1
309853,358903,1,1,1,True,49050,9,15,3,False,1,COL1
309877,778903,7,7,4,True,469026,9,2,16,False,1,COL1
310127,721013,5,5,7,True,410886,9,30,31,False,-1,COL2
310129,921013,7,7,4,True,610884,9,32,9,False,1,COL1
310223,322013,2,2,4,True,11790,9,15,2,False,-1,COL2
310273,372013,7,7,4,True,61740,9,28,15,False,1,COL1
310507,705013,7,7,4,True,394506,9,3,15,False,1,COL1
310547,745013,2,2,4,True,434466,9,6,18,False,-1,COL2
310627,726013,1,1,1,True,415386,9,12,36,False,1,COL1
310643,346013,8,8,1,True,35370,9,28,26,False,-1,COL2
310663,366013,1,1,1,True,55350,9,11,9,False,1,COL1
310729,927013,4,4,7,True,616284,9,3,15,False,1,COL1
310733,337013,8,8,1,True,26280,9,7,17,False,-1,COL2
310789,987013,1,1,1,True,676224,9,26,1,False,1,COL1
310867,768013,7,7,4,True,457146,9,30,4,False,1,COL1
311137,731113,7,7,4,True,419976,9,4,30,False,1,COL1
311279,972113,5,5,7,True,660834,9,35,12,False,-1,COL2
311293,392113,1,1,1,True,80820,9,12,24,False,1,COL1
311299,992113,7,7,4,True,680814,9,18,32,False,1,COL1
311447,744113,2,2,4,True,432666,9,18,6,False,-1,COL2
311533,335113,7,7,4,True,23580,9,30,4,False,1,COL1
311537,735113,2,2,4,True,423576,9,34,34,True,-1,COL2
311539,935113,4,4,7,True,623574,9,36,12,False,1,COL1
311569,965113,7,7,4,True,653544,9,29,5,False,1,COL1
311653,356113,1,1,1,True,44460,9,2,25,False,1,COL1
311659,956113,7,7,4,True,644454,9,8,33,False,1,COL1
311747,747113,5,5,7,True,435366,9,22,9,False,-1,COL2
311827,728113,4,4,7,True,416286,9,28,27,False,1,COL1
311869,968113,1,1,1,True,656244,9,33,8,False,1,COL1
311957,759113,8,8,1,True,447156,9,10,21,False,-1,COL2
312023,320213,2,2,4,True,8190,9,2,15,False,-1,COL2
312073,370213,7,7,4,True,58140,9,15,28,False,1,COL1
312289,982213,7,7,4,True,669924,9,9,11,False,1,COL1
312349,943213,4,4,7,True,630864,9,32,9,False,1,COL1
312407,704213,8,8,1,True,391806,9,16,29,False,-1,COL2
312413,314213,5,5,7,True,1800,9,22,9,False,-1,COL2
312469,964213,7,7,4,True,651744,9,4,30,False,1,COL1
312509,905213,2,2,4,True,592704,9,7,8,False,-1,COL2
312563,365213,2,2,4,True,52650,9,24,23,False,-1,COL2
312589,985213,1,1,1,True,672624,9,13,14,False,1,COL1
312619,916213,4,4,7,True,603594,9,6,19,False,1,COL1
312709,907213,4,4,7,True,594504,9,22,10,False,1,COL1
312887,788213,2,2,4,True,475326,9,15,2,False,-1,COL2
312899,998213,5,5,7,True,685314,9,27,27,True,-1,COL2
313163,361313,8,8,1,True,48150,9,32,8,False,-1,COL2
313207,702313,7,7,4,True,389106,9,2,16,False,1,COL1
313249,942313,4,4,7,True,629064,9,7,34,False,1,COL1
313273,372313,1,1,1,True,59040,9,31,19,False,1,COL1
313343,343313,8,8,1,True,29970,9,27,27,True,-1,COL2
313477,774313,7,7,4,True,460836,9,13,14,False,1,COL1
313517,715313,2,2,4,True,401796,9,16,29,False,-1,COL2
313567,765313,7,7,4,True,451746,9,29,5,False,1,COL1
313669,966313,1,1,1,True,652644,9,20,21,False,1,COL1
313727,727313,5,5,7,True,413586,9,4,4,True,-1,COL2
313763,367313,5,5,7,True,53550,9,3,14,False,-1,COL2
313777,777313,1,1,1,True,463536,9,17,17,True,1,COL1
313783,387313,7,7,4,True,73530,9,23,34,False,1,COL1
313829,928313,8,8,1,True,614484,9,32,20,False,-1,COL2
313853,358313,5,5,7,True,44460,9,19,5,False,-1,COL2
313883,388313,8,8,1,True,74430,9,12,35,False,-1,COL2
313889,988313,5,5,7,True,674424,9,18,6,False,-1,COL2
313979,979313,5,5,7,True,665334,9,34,34,True,-1,COL2
313997,799313,5,5,7,True,485316,9,15,2,False,-1,COL2
314107,701413,7,7,4,True,387306,9,14,4,False,1,COL1
314137,731413,1,1,1,True,417276,9,7,34,False,1,COL1
314159,951413,5,5,7,True,637254,9,29,32,False,-1,COL2
314219,912413,2,2,4,True,598194,9,15,30,False,-1,COL2
314239,932413,4,4,7,True,618174,9,35,13,False,1,COL1
314243,342413,8,8,1,True,28170,9,2,15,False,-1,COL2
314257,752413,4,4,7,True,438156,9,16,18,False,1,COL1
314497,794413,1,1,1,True,479916,9,34,23,False,1,COL1
314543,345413,2,2,4,True,30870,9,6,18,False,-1,COL2
314627,726413,5,5,7,True,411786,9,16,29,False,-1,COL2
314693,396413,8,8,1,True,81720,9,8,32,False,-1,COL2
314779,977413,4,4,7,True,662634,9,20,21,False,1,COL1
314879,978413,5,5,7,True,663534,9,9,22,False,-1,COL2
314917,719413,7,7,4,True,404496,9,10,22,False,1,COL1
314927,729413,8,8,1,True,414486,9,20,32,False,-1,COL2
314933,339413,5,5,7,True,24480,9,26,12,False,-1,COL2
315047,740513,2,2,4,True,425466,9,29,32,False,-1,COL2
315097,790513,7,7,4,True,475416,9,5,8,False,1,COL1
315109,901513,1,1,1,True,586404,9,17,8,False,1,COL1
315179,971513,8,8,1,True,656334,9,13,4,False,-1,COL2
315223,322513,7,7,4,True,7290,9,20,21,False,1,COL1
315247,742513,4,4,7,True,427266,9,7,34,False,1,COL1
315257,752513,5,5,7,True,437256,9,17,7,False,-1,COL2
315389,983513,2,2,4,True,668124,9,1,16,False,-1,COL2
315409,904513,4,4,7,True,589104,9,21,11,False,1,COL1
315529,925513,7,7,4,True,609984,9,30,32,False,1,COL1
315593,395513,8,8,1,True,79920,9,20,20,True,-1,COL2
315599,995513,5,5,7,True,679914,9,26,28,False,-1,COL2
315677,776513,2,2,4,True,460836,9,30,31,False,-1,COL2
315743,347513,5,5,7,True,31770,9,22,9,False,-1,COL2
315779,977513,5,5,7,True,661734,9,21,10,False,-1,COL2
315829,928513,1,1,1,True,612684,9,34,35,False,1,COL1
315899,998513,8,8,1,True,682614,9,30,31,False,-1,COL2
315937,739513,1,1,1,True,423576,9,31,31,True,1,COL1
315949,949513,4,4,7,True,633564,9,6,19,False,1,COL1
316073,370613,2,2,4,True,54540,9,19,21,False,-1,COL2
316087,780613,7,7,4,True,464526,9,33,24,False,1,COL1
316097,790613,8,8,1,True,474516,9,6,34,False,-1,COL2
316109,901613,2,2,4,True,585504,9,18,34,False,-1,COL2
316133,331613,8,8,1,True,15480,9,5,19,False,-1,COL2
316193,391613,5,5,7,True,75420,9,28,5,False,-1,COL2
316223,322613,8,8,1,True,6390,9,21,10,False,-1,COL2
316297,792613,1,1,1,True,476316,9,21,36,False,1,COL1
316339,933613,7,7,4,True,617274,9,26,29,False,1,COL1
316373,373613,5,5,7,True,57240,9,23,24,False,-1,COL2
316439,934613,8,8,1,True,618174,9,15,30,False,-1,COL2
316507,705613,4,4,7,True,389106,9,9,23,False,1,COL1
316567,765613,1,1,1,True,449046,9,32,9,False,1,COL1
316577,775613,2,2,4,True,459036,9,5,19,False,-1,COL2
316633,336613,4,4,7,True,19980,9,24,24,True,1,COL1
316753,357613,7,7,4,True,40860,9,33,8,False,1,COL1
316783,387613,1,1,1,True,70830,9,26,1,False,1,COL1
316819,918613,1,1,1,True,601794,9,25,14,False,1,COL1
316847,748613,2,2,4,True,431766,9,16,29,False,-1,COL2
316853,358613,8,8,1,True,41760,9,22,9,False,-1,COL2
316919,919613,2,2,4,True,602694,9,14,15,False,-1,COL2
317047,740713,4,4,7,True,423666,9,31,10,False,1,COL1
317179,971713,1,1,1,True,654534,9,15,19,False,1,COL1
317189,981713,2,2,4,True,664524,9,25,29,False,-1,COL2
317227,722713,4,4,7,True,405486,9,26,29,False,1,COL1
317333,333713,2,2,4,True,16380,9,21,10,False,-1,COL2
317419,914713,7,7,4,True,597294,9,33,36,False,1,COL1
317459,954713,2,2,4,True,637254,9,36,2,False,-1,COL2
317599,995713,7,7,4,True,678114,9,28,6,False,1,COL1
317609,906713,8,8,1,True,589104,9,1,28,False,-1,COL2
317617,716713,7,7,4,True,399096,9,9,23,False,1,COL1
317663,366713,8,8,1,True,49050,9,18,6,False,-1,COL2
317693,396713,2,2,4,True,79020,9,11,36,False,-1,COL2
317789,987713,8,8,1,True,669924,9,33,35,False,-1,COL2
317827,728713,1,1,1,True,410886,9,34,35,False,1,COL1
317839,938713,4,4,7,True,620874,9,9,23,False,1,COL1
317857,758713,4,4,7,True,440856,9,27,28,False,1,COL1
317969,969713,8,8,1,True,651744,9,28,17,False,-1,COL2
317983,389713,4,4,7,True,71730,9,5,29,False,1,COL1
317987,789713,8,8,1,True,471726,9,9,22,False,-1,COL2
318077,770813,8,8,1,True,452736,9,25,29,False,-1,COL2
318229,922813,7,7,4,True,604584,9,29,33,False,1,COL1
318259,952813,1,1,1,True,634554,9,22,26,False,1,COL1
318337,733813,7,7,4,True,415476,9,26,29,False,1,COL1
318419,914813,8,8,1,True,596394,9,34,25,False,-1,COL2
318523,325813,4,4,7,True,7290,9,27,28,False,1,COL1
318557,755813,2,2,4,True,437256,9,24,14,False,-1,COL2
318559,955813,4,4,7,True,637254,9,26,29,False,1,COL1
318677,776813,5,5,7,True,458136,9,33,35,False,-1,COL2
318743,347813,8,8,1,True,29070,9,25,13,False,-1,COL2
318809,908813,2,2,4,True,590004,9,17,19,False,-1,COL2
318817,718813,1,1,1,True,399996,9,25,14,False,1,COL1
318823,328813,7,7,4,True,9990,9,31,31,True,1,COL1
318883,388813,4,4,7,True,69930,9,17,17,True,1,COL1
318917,719813,2,2,4,True,400896,9,14,15,False,-1,COL2
319027,720913,4,4,7,True,401886,9,13,5,False,1,COL1
319037,730913,5,5,7,True,411876,9,23,15,False,-1,COL2
319049,940913,8,8,1,True,621864,9,35,3,False,-1,COL2
319117,711913,4,4,7,True,392796,9,29,33,False,1,COL1
319129,921913,7,7,4,True,602784,9,4,21,False,1,COL1
319147,741913,7,7,4,True,422766,9,22,26,False,1,COL1
319327,723913,7,7,4,True,404586,9,17,8,False,1,COL1
319343,343913,5,5,7,True,24570,9,33,35,False,-1,COL2
319399,993913,7,7,4,True,674514,9,15,19,False,1,COL1
319469,964913,5,5,7,True,645444,9,11,27,False,-1,COL2
319483,384913,1,1,1,True,65430,9,25,2,False,1,COL1
319489,984913,7,7,4,True,665424,9,31,10,False,1,COL1
319499,994913,8,8,1,True,675414,9,4,20,False,-1,COL2
319567,765913,4,4,7,True,446346,9,35,13,False,1,COL1
319607,706913,8,8,1,True,387306,9,1,28,False,-1,COL2
319819,918913,4,4,7,True,599094,9,28,18,False,1,COL1
319829,928913,5,5,7,True,609084,9,1,28,False,-1,COL2
319919,919913,5,5,7,True,599994,9,17,19,False,-1,COL2
319927,729913,4,4,7,True,409986,9,25,14,False,1,COL1
319973,379913,5,5,7,True,59940,9,34,34,True,-1,COL2
319993,399913,7,7,4,True,79920,9,17,17,True,1,COL1
320027,720023,5,5,7,True,399996,9,14,3,False,-1,COL2
320063,360023,5,5,7,True,39960,9,13,13,True,-1,COL2
320107,701023,4,4,7,True,380916,9,20,21,False,1,COL1
320119,911023,7,7,4,True,590904,9,32,9,False,1,COL1
320149,941023,1,1,1,True,620874,9,25,2,False,1,COL1
320153,351023,5,5,7,True,30870,9,29,4,False,-1,COL2
320237,732023,8,8,1,True,411786,9,2,15,False,-1,COL2
320273,372023,8,8,1,True,51750,9,1,25,False,-1,COL2
320329,923023,1,1,1,True,602694,9,20,21,False,1,COL1
320377,773023,4,4,7,True,452646,9,31,19,False,1,COL1
320387,783023,5,5,7,True,462636,9,4,29,False,-1,COL2
320477,774023,5,5,7,True,453546,9,20,20,True,-1,COL2
320539,935023,4,4,7,True,614484,9,8,33,False,1,COL1
320609,906023,2,2,4,True,585414,9,4,4,True,-1,COL2
320627,726023,2,2,4,True,405396,9,22,9,False,-1,COL2
320647,746023,4,4,7,True,425376,9,5,29,False,1,COL1
320657,756023,5,5,7,True,435366,9,15,2,False,-1,COL2
320839,938023,7,7,4,True,617184,9,12,36,False,1,COL1
320927,729023,5,5,7,True,408096,9,26,12,False,-1,COL2
321047,740123,8,8,1,True,419076,9,35,12,False,-1,COL2
321077,770123,2,2,4,True,449046,9,28,5,False,-1,COL2
321143,341123,5,5,7,True,19980,9,20,20,True,-1,COL2
321169,961123,4,4,7,True,639954,9,9,11,False,1,COL1
321227,722123,8,8,1,True,400896,9,30,31,False,-1,COL2
321323,323123,5,5,7,True,1800,9,15,2,False,-1,COL2
321329,923123,2,2,4,True,601794,9,21,10,False,-1,COL2
321367,763123,4,4,7,True,441756,9,22,35,False,1,COL1
321397,793123,7,7,4,True,471726,9,15,28,False,1,COL1
321427,724123,1,1,1,True,402696,9,8,33,False,1,COL1
321449,944123,5,5,7,True,622674,9,30,31,False,-1,COL2
321509,905123,2,2,4,True,583614,9,16,29,False,-1,COL2
321617,716123,2,2,4,True,394506,9,13,25,False,-1,COL2
321799,997123,4,4,7,True,675324,9,10,10,True,1,COL1
322057,750223,1,1,1,True,428166,9,9,11,False,1,COL1
322093,390223,1,1,1,True,68130,9,8,21,False,1,COL1
322229,922223,2,2,4,True,599994,9,33,35,False,-1,COL2
322249,942223,4,4,7,True,619974,9,16,18,False,1,COL1
322417,714223,1,1,1,True,391806,9,36,12,False,1,COL1
322463,364223,2,2,4,True,41760,9,8,32,False,-1,COL2
322519,915223,4,4,7,True,592704,9,27,28,False,1,COL1
322559,955223,8,8,1,True,632664,9,30,31,False,-1,COL2
322573,375223,4,4,7,True,52650,9,7,6,False,1,COL1
322583,385223,5,5,7,True,62640,9,17,16,False,-1,COL2
322633,336223,1,1,1,True,13590,9,30,4,False,1,COL1
322649,946223,8,8,1,True,623574,9,9,22,False,-1,COL2
322709,907223,5,5,7,True,584514,9,32,20,False,-1,COL2
322747,747223,7,7,4,True,424476,9,33,8,False,1,COL1
322807,708223,4,4,7,True,385416,9,19,6,False,1,COL1
322877,778223,2,2,4,True,455346,9,15,2,False,-1,COL2
322919,919223,8,8,1,True,596304,9,20,32,False,-1,COL2
322997,799223,5,5,7,True,476226,9,24,23,False,-1,COL2
323087,780323,5,5,7,True,457236,9,3,30,False,-1,COL2
323093,390323,2,2,4,True,67230,9,9,10,False,-1,COL2
323149,941323,4,4,7,True,618174,9,28,6,False,1,COL1
323207,702323,8,8,1,True,379116,9,12,26,False,-1,COL2
323333,333323,8,8,1,True,9990,9,27,27,True,-1,COL2
323369,963323,8,8,1,True,639954,9,26,28,False,-1,COL2
323579,975323,2,2,4,True,651744,9,14,3,False,-1,COL2
323597,795323,2,2,4,True,471726,9,32,8,False,-1,COL2
323623,326323,1,1,1,True,2700,9,21,20,False,1,COL1
323699,996323,5,5,7,True,672624,9,23,24,False,-1,COL2
323717,717323,5,5,7,True,393606,9,4,4,True,-1,COL2
323767,767323,1,1,1,True,443556,9,17,17,True,1,COL1
323879,978323,5,5,7,True,654444,9,18,6,False,-1,COL2
323933,339323,5,5,7,True,15390,9,35,33,False,-1,COL2
323987,789323,5,5,7,True,465336,9,15,2,False,-1,COL2
324053,350423,8,8,1,True,26370,9,7,33,False,-1,COL2
324067,760423,4,4,7,True,436356,9,21,36,False,1,COL1
324073,370423,1,1,1,True,46350,9,27,16,False,1,COL1
324089,980423,8,8,1,True,656334,9,6,34,False,-1,COL2
324143,341423,8,8,1,True,17280,9,23,24,False,-1,COL2
324293,392423,5,5,7,True,68130,9,25,1,False,-1,COL2
324437,734423,5,5,7,True,409986,9,21,10,False,-1,COL2
324469,964423,1,1,1,True,639954,9,16,18,False,1,COL1
324517,715423,4,4,7,True,390906,9,27,28,False,1,COL1
324529,925423,7,7,4,True,600894,9,2,16,False,1,COL1
324587,785423,2,2,4,True,460836,9,23,24,False,-1,COL2
324869,968423,5,5,7,True,643554,9,9,22,False,-1,COL2
324893,398423,2,2,4,True,73530,9,33,7,False,-1,COL2
324949,949423,4,4,7,True,624474,9,15,3,False,1,COL1
324979,979423,7,7,4,True,654444,9,8,33,False,1,COL1
325019,910523,2,2,4,True,585504,9,11,27,False,-1,COL2
325133,331523,8,8,1,True,6390,9,14,3,False,-1,COL2
325163,361523,2,2,4,True,36360,9,7,33,False,-1,COL2
325187,781523,8,8,1,True,456336,9,31,9,False,-1,COL2
325189,981523,1,1,1,True,656334,9,33,24,False,1,COL1
325219,912523,4,4,7,True,587304,9,26,29,False,1,COL1
325379,973523,2,2,4,True,648144,9,1,16,False,-1,COL2
325439,934523,8,8,1,True,609084,9,24,14,False,-1,COL2
325463,364523,5,5,7,True,39060,9,11,36,False,-1,COL2
325477,774523,1,1,1,True,449046,9,25,2,False,1,COL1
325517,715523,5,5,7,True,390006,9,28,17,False,-1,COL2
325607,706523,5,5,7,True,380916,9,7,8,False,-1,COL2
325693,396523,1,1,1,True,70830,9,19,31,False,1,COL1
325877,778523,5,5,7,True,452646,9,18,6,False,-1,COL2
325957,759523,4,4,7,True,433566,9,24,24,True,1,COL1
325993,399523,4,4,7,True,73530,9,23,34,False,1,COL1
326083,380623,4,4,7,True,54540,9,2,4,False,1,COL1
326143,341623,1,1,1,True,15480,9,25,2,False,1,COL1
326159,951623,8,8,1,True,625464,9,4,20,False,-1,COL2
326189,981623,2,2,4,True,655434,9,34,13,False,-1,COL2
326467,764623,1,1,1,True,438156,9,16,18,False,1,COL1
326567,765623,2,2,4,True,439056,9,5,19,False,-1,COL2
326693,396623,2,2,4,True,69930,9,20,20,True,-1,COL2
326773,377623,1,1,1,True,50850,9,26,1,False,1,COL1
326867,768623,5,5,7,True,441756,9,9,22,False,-1,COL2
326939,939623,5,5,7,True,612684,9,7,8,False,-1,COL2
326999,999623,2,2,4,True,672624,9,30,31,False,-1,COL2
327059,950723,8,8,1,True,623664,9,16,8,False,-1,COL2
327163,361723,4,4,7,True,34560,9,9,11,False,1,COL1
327179,971723,2,2,4,True,644544,9,25,29,False,-1,COL2
327209,902723,5,5,7,True,575514,9,18,34,False,-1,COL2
327247,742723,7,7,4,True,415476,9,19,22,False,1,COL1
327263,362723,5,5,7,True,35460,9,35,12,False,-1,COL2
327319,913723,7,7,4,True,586404,9,17,8,False,1,COL1
327419,914723,8,8,1,True,587304,9,6,9,False,-1,COL2
327499,994723,7,7,4,True,667224,9,12,15,False,1,COL1
327553,355723,7,7,4,True,28170,9,29,5,False,1,COL1
327647,746723,2,2,4,True,419076,9,12,26,False,-1,COL2
327707,707723,8,8,1,True,380016,9,35,24,False,-1,COL2
327779,977723,8,8,1,True,649944,9,33,35,False,-1,COL2
327809,908723,2,2,4,True,580914,9,26,3,False,-1,COL2
327827,728723,2,2,4,True,400896,9,7,8,False,-1,COL2
327853,358723,1,1,1,True,30870,9,33,8,False,1,COL1
327917,719723,2,2,4,True,391806,9,23,36,False,-1,COL2
327923,329723,8,8,1,True,1800,9,29,16,False,-1,COL2
327967,769723,7,7,4,True,441756,9,36,12,False,1,COL1
327983,389723,5,5,7,True,61740,9,15,2,False,-1,COL2
328037,730823,5,5,7,True,402786,9,32,36,False,-1,COL2
328063,360823,4,4,7,True,32760,9,21,36,False,1,COL1
328327,723823,7,7,4,True,395496,9,26,29,False,1,COL1
328343,343823,5,5,7,True,15480,9,5,19,False,-1,COL2
328373,373823,8,8,1,True,45450,9,35,12,False,-1,COL2
328379,973823,5,5,7,True,645444,9,4,20,False,-1,COL2
328543,345823,7,7,4,True,17280,9,20,21,False,1,COL1
328579,975823,7,7,4,True,647244,9,19,22,False,1,COL1
328633,336823,7,7,4,True,8190,9,36,12,False,1,COL1
328637,736823,2,2,4,True,408186,9,3,5,False,-1,COL2
328687,786823,7,7,4,True,458136,9,16,18,False,1,COL1
328753,357823,1,1,1,True,29070,9,8,33,False,1,COL1
328787,787823,8,8,1,True,459036,9,5,19,False,-1,COL2
328847,748823,5,5,7,True,419976,9,28,17,False,-1,COL2
328883,388823,5,5,7,True,59940,9,27,27,True,-1,COL2
328897,798823,1,1,1,True,469926,9,4,30,False,1,COL1
328919,919823,5,5,7,True,590904,9,26,3,False,-1,COL2
329293,392923,1,1,1,True,63630,9,30,20,False,1,COL1
329299,992923,7,7,4,True,663624,9,36,28,False,1,COL1
329333,333923,5,5,7,True,4590,9,33,35,False,-1,COL2
329347,743923,1,1,1,True,414576,9,10,1,False,1,COL1
329489,984923,8,8,1,True,655434,9,4,20,False,-1,COL2
329587,785923,7,7,4,True,456336,9,28,6,False,1,COL1
329627,726923,2,2,4,True,397296,9,31,21,False,-1,COL2
329657,756923,5,5,7,True,427266,9,24,14,False,-1,COL2
329663,366923,2,2,4,True,37260,9,30,31,False,-1,COL2
329717,717923,2,2,4,True,388206,9,10,12,False,-1,COL2
329779,977923,1,1,1,True,648144,9,35,13,False,1,COL1
329867,768923,8,8,1,True,439056,9,12,26,False,-1,COL2
329947,749923,7,7,4,True,419976,9,18,7,False,1,COL1
329957,759923,8,8,1,True,429966,9,28,17,False,-1,COL2
329969,969923,2,2,4,True,639954,9,3,5,False,-1,COL2
330037,730033,7,7,4,True,399996,9,34,23,False,1,COL1
330053,350033,5,5,7,True,19980,9,13,13,True,-1,COL2
330097,790033,4,4,7,True,459936,9,20,9,False,1,COL1
330439,934033,4,4,7,True,603594,9,29,5,False,1,COL1
330557,755033,5,5,7,True,424476,9,36,11,False,-1,COL2
330587,785033,8,8,1,True,454446,9,29,4,False,-1,COL2
330607,706033,1,1,1,True,375426,9,12,36,False,1,COL1
330679,976033,1,1,1,True,645354,9,10,10,True,1,COL1
330749,947033,8,8,1,True,616284,9,6,18,False,-1,COL2
330839,938033,8,8,1,True,607194,9,22,9,False,-1,COL2
330887,788033,2,2,4,True,457146,9,33,7,False,-1,COL2
331027,720133,7,7,4,True,389106,9,25,2,False,1,COL1
331153,351133,7,7,4,True,19980,9,3,3,True,1,COL1
331217,712133,8,8,1,True,380916,9,30,31,False,-1,COL2
331337,733133,2,2,4,True,401796,9,2,15,False,-1,COL2
331543,345133,1,1,1,True,13590,9,23,34,False,1,COL1
331547,745133,5,5,7,True,413586,9,27,27,True,-1,COL2
331579,975133,1,1,1,True,643554,9,22,35,False,1,COL1
331609,906133,4,4,7,True,574524,9,15,3,False,1,COL1
331663,366133,4,4,7,True,34470,9,32,18,False,1,COL1
331883,388133,8,8,1,True,56250,9,30,3,False,-1,COL2
331909,909133,7,7,4,True,577224,9,19,6,False,1,COL1
331943,349133,5,5,7,True,17190,9,16,1,False,-1,COL2
331973,379133,8,8,1,True,47160,9,9,31,False,-1,COL2
331999,999133,7,7,4,True,667134,9,35,22,False,1,COL1
332009,900233,8,8,1,True,568224,9,8,23,False,-1,COL2
332147,741233,2,2,4,True,409086,9,35,12,False,-1,COL2
332183,381233,2,2,4,True,49050,9,34,22,False,-1,COL2
332263,362233,1,1,1,True,29970,9,3,3,True,1,COL1
332317,713233,1,1,1,True,380916,9,20,21,False,1,COL1
332399,993233,2,2,4,True,660834,9,28,5,False,-1,COL2
332467,764233,7,7,4,True,431766,9,22,35,False,1,COL1
332477,774233,8,8,1,True,441756,9,32,8,False,-1,COL2
332569,965233,1,1,1,True,632664,9,13,14,False,1,COL1
332573,375233,5,5,7,True,42660,9,17,16,False,-1,COL2
332729,927233,8,8,1,True,594504,9,25,13,False,-1,COL2
332743,347233,4,4,7,True,14490,9,2,25,False,1,COL1
332779,977233,4,4,7,True,644454,9,1,26,False,1,COL1
333029,920333,2,2,4,True,587304,9,29,32,False,-1,COL2
333097,790333,7,7,4,True,457236,9,23,13,False,1,COL1
333209,902333,2,2,4,True,569124,9,24,14,False,-1,COL2
333227,722333,2,2,4,True,389106,9,5,19,False,-1,COL2
333253,352333,1,1,1,True,19080,9,31,19,False,1,COL1
333337,733333,4,4,7,True,399996,9,4,30,False,1,COL1
333397,793333,1,1,1,True,459936,9,27,16,False,1,COL1
333433,334333,1,1,1,True,900,9,26,1,False,1,COL1
333457,754333,7,7,4,True,420876,9,13,14,False,1,COL1
333563,365333,5,5,7,True,31770,9,8,32,False,-1,COL2
333667,766333,1,1,1,True,432666,9,1,26,False,1,COL1
333719,917333,8,8,1,True,583614,9,16,29,False,-1,COL2
333769,967333,4,4,7,True,633564,9,29,5,False,1,COL1
333787,787333,4,4,7,True,453546,9,10,10,True,1,COL1
333929,929333,2,2,4,True,595404,9,4,4,True,-1,COL2
333959,959333,5,5,7,True,625374,9,34,34,True,-1,COL2
333973,379333,1,1,1,True,45360,9,11,9,False,1,COL1
333997,799333,7,7,4,True,465336,9,35,22,False,1,COL1
334093,390433,4,4,7,True,56340,9,20,9,False,1,COL1
334319,913433,5,5,7,True,579114,9,24,14,False,-1,COL2
334427,724433,5,5,7,True,390006,9,21,10,False,-1,COL2
334637,736433,8,8,1,True,401796,9,9,22,False,-1,COL2
334643,346433,5,5,7,True,11790,9,15,2,False,-1,COL2
334759,957433,4,4,7,True,622674,9,20,21,False,1,COL1
334777,777433,4,4,7,True,442656,9,1,26,False,1,COL1
334783,387433,1,1,1,True,52650,9,7,6,False,1,COL1
334787,787433,5,5,7,True,452646,9,11,36,False,-1,COL2
334793,397433,2,2,4,True,62640,9,17,16,False,-1,COL2
334843,348433,7,7,4,True,13590,9,30,4,False,1,COL1
334973,379433,2,2,4,True,44460,9,12,35,False,-1,COL2
334993,399433,4,4,7,True,64440,9,32,18,False,1,COL1
335047,740533,4,4,7,True,405486,9,12,15,False,1,COL1
335077,770533,7,7,4,True,435456,9,5,8,False,1,COL1
335383,383533,7,7,4,True,48150,9,15,28,False,1,COL1
335449,944533,1,1,1,True,609084,9,7,34,False,1,COL1
335453,354533,5,5,7,True,19080,9,11,36,False,-1,COL2
335507,705533,5,5,7,True,370026,9,28,17,False,-1,COL2
335519,915533,8,8,1,True,580014,9,3,5,False,-1,COL2
335567,765533,2,2,4,True,429966,9,14,3,False,-1,COL2
335633,336533,5,5,7,True,900,9,6,18,False,-1,COL2
335653,356533,7,7,4,True,20880,9,26,1,False,1,COL1
335689,986533,7,7,4,True,650844,9,25,2,False,1,COL1
335693,396533,2,2,4,True,60840,9,29,4,False,-1,COL2
335729,927533,2,2,4,True,591804,9,28,17,False,-1,COL2
335743,347533,7,7,4,True,11790,9,5,29,False,1,COL1
335809,908533,1,1,1,True,572724,9,34,35,False,1,COL1
335897,798533,8,8,1,True,462636,9,11,36,False,-1,COL2
335917,719533,1,1,1,True,383616,9,31,31,True,1,COL1
336059,950633,8,8,1,True,614574,9,25,29,False,-1,COL2
336079,970633,1,1,1,True,634554,9,8,12,False,1,COL1
336157,751633,7,7,4,True,415476,9,12,15,False,1,COL1
336199,991633,4,4,7,True,655434,9,17,33,False,1,COL1
336227,722633,5,5,7,True,386406,9,8,23,False,-1,COL2
336253,352633,4,4,7,True,16380,9,34,23,False,1,COL1
336263,362633,5,5,7,True,26370,9,7,33,False,-1,COL2
336397,793633,4,4,7,True,457236,9,30,20,False,1,COL1
336577,775633,4,4,7,True,439056,9,25,2,False,1,COL1
336689,986633,8,8,1,True,649944,9,26,28,False,-1,COL2
336727,727633,1,1,1,True,390906,9,27,28,False,1,COL1
336757,757633,4,4,7,True,420876,9,20,21,False,1,COL1
336767,767633,5,5,7,True,430866,9,30,31,False,-1,COL2
336773,377633,2,2,4,True,40860,9,36,11,False,-1,COL2
336793,397633,4,4,7,True,60840,9,19,31,False,1,COL1
336857,758633,5,5,7,True,421776,9,9,22,False,-1,COL2
336863,368633,2,2,4,True,31770,9,15,2,False,-1,COL2
336899,998633,2,2,4,True,661734,9,14,3,False,-1,COL2
336997,799633,1,1,1,True,462636,9,1,26,False,1,COL1
337049,940733,8,8,1,True,603684,9,16,8,False,-1,COL2
337097,790733,2,2,4,True,453636,9,27,6,False,-1,COL2
337153,351733,4,4,7,True,14580,9,9,11,False,1,COL1
337397,793733,5,5,7,True,456336,9,31,9,False,-1,COL2
337427,724733,8,8,1,True,387306,9,24,14,False,-1,COL2
337489,984733,7,7,4,True,647244,9,12,15,False,1,COL1
337529,925733,2,2,4,True,588204,9,15,30,False,-1,COL2
337537,735733,1,1,1,True,398196,9,23,25,False,1,COL1
337543,345733,7,7,4,True,8190,9,29,5,False,1,COL1
337607,706733,8,8,1,True,369126,9,19,33,False,-1,COL2
337853,358733,2,2,4,True,20880,9,6,18,False,-1,COL2
337873,378733,4,4,7,True,40860,9,26,1,False,1,COL1
337949,949733,8,8,1,True,611784,9,28,17,False,-1,COL2
338167,761833,1,1,1,True,423666,9,24,3,False,1,COL1
338237,732833,8,8,1,True,394596,9,20,11,False,-1,COL2
338279,972833,5,5,7,True,634554,9,25,29,False,-1,COL2
338347,743833,1,1,1,True,405486,9,19,22,False,1,COL1
338383,383833,1,1,1,True,45450,9,18,32,False,1,COL1
338407,704833,7,7,4,True,366426,9,5,20,False,1,COL1
338449,944833,4,4,7,True,606384,9,10,1,False,1,COL1
338477,774833,5,5,7,True,436356,9,1,16,False,-1,COL2
338573,375833,2,2,4,True,37260,9,23,24,False,-1,COL2
338687,786833,8,8,1,True,448146,9,26,28,False,-1,COL2
338747,747833,5,5,7,True,409086,9,12,26,False,-1,COL2
338893,398833,7,7,4,True,59940,9,10,10,True,1,COL1
338909,909833,5,5,7,True,570924,9,26,3,False,-1,COL2
339067,760933,1,1,1,True,421866,9,36,28,False,1,COL1
339137,731933,8,8,1,True,392796,9,32,36,False,-1,COL2
339139,931933,1,1,1,True,592794,9,34,14,False,1,COL1
339257,752933,2,2,4,True,413676,9,4,20,False,-1,COL2
339653,356933,2,2,4,True,17280,9,30,31,False,-1,COL2
339673,376933,4,4,7,True,37260,9,13,14,False,1,COL1
339679,976933,1,1,1,True,637254,9,19,22,False,1,COL1
339707,707933,2,2,4,True,368226,9,10,12,False,-1,COL2
339727,727933,4,4,7,True,388206,9,30,32,False,1,COL1
339799,997933,4,4,7,True,658134,9,28,6,False,1,COL1
339887,788933,2,2,4,True,449046,9,5,19,False,-1,COL2
339943,349933,4,4,7,True,9990,9,24,24,True,1,COL1
340079,970043,5,5,7,True,629964,9,12,14,False,-1,COL2
340127,721043,8,8,1,True,380916,9,23,24,False,-1,COL2
340369,963043,7,7,4,True,622674,9,6,7,False,1,COL1
340387,783043,7,7,4,True,442656,9,24,12,False,1,COL1
340397,793043,8,8,1,True,452646,9,34,22,False,-1,COL2
340429,924043,4,4,7,True,583614,9,29,5,False,1,COL1
340447,744043,4,4,7,True,403596,9,10,10,True,1,COL1
340453,354043,1,1,1,True,13590,9,16,27,False,1,COL1
340573,375043,4,4,7,True,34470,9,25,11,False,1,COL1
340577,775043,8,8,1,True,434466,9,29,4,False,-1,COL2
340643,346043,2,2,4,True,5400,9,21,19,False,-1,COL2
340657,756043,7,7,4,True,415386,9,35,22,False,1,COL1
340693,396043,7,7,4,True,55350,9,34,32,False,1,COL1
340787,787043,2,2,4,True,446256,9,17,16,False,-1,COL2
340789,987043,4,4,7,True,646254,9,19,31,False,1,COL1
340859,958043,2,2,4,True,617184,9,15,2,False,-1,COL2
340897,798043,4,4,7,True,457146,9,16,27,False,1,COL1
340909,909043,7,7,4,True,568134,9,28,27,False,1,COL1
340999,999043,7,7,4,True,658044,9,7,6,False,1,COL1
341179,971143,7,7,4,True,629964,9,2,4,False,1,COL1
341293,392143,4,4,7,True,50850,9,5,17,False,1,COL1
341347,743143,4,4,7,True,401796,9,22,35,False,1,COL1
341357,753143,5,5,7,True,411786,9,32,8,False,-1,COL2
341477,774143,8,8,1,True,432666,9,4,29,False,-1,COL2
341543,345143,2,2,4,True,3600,9,33,7,False,-1,COL2
341557,755143,7,7,4,True,413586,9,10,10,True,1,COL1
341587,785143,1,1,1,True,443556,9,3,3,True,1,COL1
341617,716143,4,4,7,True,374526,9,33,8,False,1,COL1
341659,956143,1,1,1,True,614484,9,1,26,False,1,COL1
341743,347143,4,4,7,True,5400,9,11,9,False,1,COL1
341777,777143,2,2,4,True,435366,9,8,32,False,-1,COL2
341927,729143,8,8,1,True,387216,9,10,21,False,-1,COL2
341947,749143,1,1,1,True,407196,9,30,4,False,1,COL1
341953,359143,7,7,4,True,17190,9,36,21,False,1,COL1
341959,959143,4,4,7,True,617184,9,5,29,False,1,COL1
341963,369143,8,8,1,True,27180,9,9,31,False,-1,COL2
342187,781243,7,7,4,True,439056,9,11,25,False,1,COL1
342343,343243,1,1,1,True,900,9,19,31,False,1,COL1
342359,953243,8,8,1,True,610884,9,35,12,False,-1,COL2
342389,983243,2,2,4,True,640854,9,28,5,False,-1,COL2
342547,745243,7,7,4,True,402696,9,1,26,False,1,COL1
342593,395243,8,8,1,True,52650,9,10,9,False,-1,COL2
342599,995243,5,5,7,True,652644,9,16,17,False,-1,COL2
342647,746243,8,8,1,True,403596,9,27,27,True,-1,COL2
342653,356243,5,5,7,True,13590,9,33,7,False,-1,COL2
342757,757243,1,1,1,True,414486,9,26,1,False,1,COL1
342863,368243,8,8,1,True,25380,9,21,19,False,-1,COL2
342889,988243,7,7,4,True,645354,9,10,10,True,1,COL1
342899,998243,8,8,1,True,655344,9,20,20,True,-1,COL2
342949,949243,4,4,7,True,606294,9,33,8,False,1,COL1
343087,780343,7,7,4,True,437256,9,23,13,False,1,COL1
343153,351343,1,1,1,True,8190,9,15,28,False,1,COL1
343199,991343,2,2,4,True,648144,9,24,2,False,-1,COL2
343219,912343,4,4,7,True,569124,9,7,34,False,1,COL1
343289,982343,2,2,4,True,639054,9,3,30,False,-1,COL2
343373,373343,5,5,7,True,29970,9,13,13,True,-1,COL2
343547,745343,8,8,1,True,401796,9,2,15,False,-1,COL2
343579,975343,4,4,7,True,631764,9,34,23,False,1,COL1
343727,727343,8,8,1,True,383616,9,34,34,True,-1,COL2
343799,997343,8,8,1,True,653544,9,32,8,False,-1,COL2
343817,718343,8,8,1,True,374526,9,13,25,False,-1,COL2
343943,349343,8,8,1,True,5400,9,28,26,False,-1,COL2
343997,799343,8,8,1,True,455346,9,8,32,False,-1,COL2
344017,710443,1,1,1,True,366426,9,28,6,False,1,COL1
344053,350443,1,1,1,True,6390,9,27,16,False,1,COL1
344167,761443,7,7,4,True,417276,9,30,20,False,1,COL1
344189,981443,2,2,4,True,637254,9,15,18,False,-1,COL2
344263,362443,4,4,7,True,18180,9,15,28,False,1,COL1
344273,372443,5,5,7,True,28170,9,25,1,False,-1,COL2
344293,392443,7,7,4,True,48150,9,8,21,False,1,COL1
344353,353443,4,4,7,True,9090,9,31,19,False,1,COL1
344417,714443,5,5,7,True,370026,9,21,10,False,-1,COL2
344453,354443,5,5,7,True,9990,9,20,20,True,-1,COL2
344479,974443,4,4,7,True,629964,9,9,11,False,1,COL1
344599,995443,7,7,4,True,650844,9,18,32,False,1,COL1
344653,356443,7,7,4,True,11790,9,35,22,False,1,COL1
344693,396443,2,2,4,True,51750,9,1,25,False,-1,COL2
344719,917443,1,1,1,True,572724,9,27,28,False,1,COL1
344819,918443,2,2,4,True,573624,9,16,29,False,-1,COL2
344843,348443,8,8,1,True,3600,9,3,14,False,-1,COL2
344863,368443,1,1,1,True,23580,9,23,34,False,1,COL1
344969,969443,8,8,1,True,624474,9,18,6,False,-1,COL2
344987,789443,8,8,1,True,444456,9,36,11,False,-1,COL2
345139,931543,7,7,4,True,586404,9,3,31,False,1,COL1
345329,923543,8,8,1,True,578214,9,8,23,False,-1,COL2
345463,364543,7,7,4,True,19080,9,31,19,False,1,COL1
345487,784543,4,4,7,True,439056,9,18,32,False,1,COL1
345547,745543,1,1,1,True,399996,9,4,30,False,1,COL1
345643,346543,7,7,4,True,900,9,26,1,False,1,COL1
345689,986543,8,8,1,True,640854,9,35,12,False,-1,COL2
345707,707543,8,8,1,True,361836,9,16,29,False,-1,COL2
345757,757543,4,4,7,True,411786,9,29,5,False,1,COL1
345773,377543,2,2,4,True,31770,9,8,32,False,-1,COL2
345979,979543,1,1,1,True,633564,9,29,5,False,1,COL1
345997,799543,1,1,1,True,453546,9,10,10,True,1,COL1
346079,970643,2,2,4,True,624564,9,18,22,False,-1,COL2
346169,961643,2,2,4,True,615474,9,34,13,False,-1,COL2
346369,963643,4,4,7,True,617274,9,12,15,False,1,COL1
346429,924643,1,1,1,True,578214,9,35,13,False,1,COL1
346453,354643,7,7,4,True,8190,9,22,35,False,1,COL1
346553,355643,8,8,1,True,9090,9,11,36,False,-1,COL2
346793,397643,5,5,7,True,50850,9,29,4,False,-1,COL2
346867,768643,7,7,4,True,421776,9,29,5,False,1,COL1
346877,778643,8,8,1,True,431766,9,2,15,False,-1,COL2
347059,950743,1,1,1,True,603684,9,36,28,False,1,COL1
347129,921743,8,8,1,True,574614,9,32,36,False,-1,COL2
347317,713743,7,7,4,True,366426,9,35,13,False,1,COL1
347329,923743,1,1,1,True,576414,9,10,1,False,1,COL1
347437,734743,1,1,1,True,387306,9,7,34,False,1,COL1
347579,975743,8,8,1,True,628164,9,1,16,False,-1,COL2
347729,927743,5,5,7,True,580014,9,3,5,False,-1,COL2
347747,747743,5,5,7,True,399996,9,21,10,False,-1,COL2
347899,998743,4,4,7,True,650844,9,25,2,False,1,COL1
347929,929743,7,7,4,True,581814,9,18,7,False,1,COL1
347969,969743,2,2,4,True,621774,9,21,10,False,-1,COL2
347983,389743,7,7,4,True,41760,9,35,22,False,1,COL1
347989,989743,4,4,7,True,641754,9,4,30,False,1,COL1
348053,350843,5,5,7,True,2790,9,31,9,False,-1,COL2
348077,770843,2,2,4,True,422766,9,18,22,False,-1,COL2
348083,380843,8,8,1,True,32760,9,24,2,False,-1,COL2
348097,790843,4,4,7,True,442746,9,1,5,False,1,COL1
348163,361843,7,7,4,True,13680,9,30,20,False,1,COL1
348217,712843,7,7,4,True,364626,9,10,1,False,1,COL1
348259,952843,4,4,7,True,604584,9,15,19,False,1,COL1
348367,763843,4,4,7,True,415476,9,12,15,False,1,COL1
348419,914843,2,2,4,True,566424,9,27,18,False,-1,COL2
348583,385843,4,4,7,True,37260,9,6,7,False,1,COL1
348629,926843,5,5,7,True,578214,9,15,30,False,-1,COL2
348637,736843,4,4,7,True,388206,9,23,25,False,1,COL1
348709,907843,4,4,7,True,559134,9,21,11,False,1,COL1
348769,967843,1,1,1,True,619074,9,7,34,False,1,COL1
348827,728843,5,5,7,True,380016,9,28,17,False,-1,COL2
348839,938843,8,8,1,True,590004,9,3,5,False,-1,COL2
349079,970943,5,5,7,True,621864,9,21,26,False,-1,COL2
349183,381943,1,1,1,True,32760,9,14,29,False,1,COL1
349199,991943,8,8,1,True,642744,9,30,10,False,-1,COL2
349369,963943,7,7,4,True,614574,9,15,19,False,1,COL1
349373,373943,2,2,4,True,24570,9,19,21,False,-1,COL2
349399,993943,1,1,1,True,644544,9,8,12,False,1,COL1
349493,394943,5,5,7,True,45450,9,28,5,False,-1,COL2
349529,925943,5,5,7,True,576414,9,27,18,False,-1,COL2
349579,975943,1,1,1,True,626364,9,3,31,False,1,COL1
349667,766943,8,8,1,True,417276,9,17,7,False,-1,COL2
349819,918943,7,7,4,True,569124,9,21,11,False,1,COL1
349849,948943,1,1,1,True,599094,9,14,4,False,1,COL1
349927,729943,7,7,4,True,380016,9,18,7,False,1,COL1
349967,769943,2,2,4,True,419976,9,21,10,False,-1,COL2
350029,920053,1,1,1,True,570024,9,9,11,False,1,COL1
350137,731053,1,1,1,True,380916,9,6,7,False,1,COL1
350159,951053,5,5,7,True,600894,9,28,5,False,-1,COL2
350179,971053,7,7,4,True,620874,9,11,25,False,1,COL1
350219,912053,2,2,4,True,561834,9,14,3,False,-1,COL2
350257,752053,4,4,7,True,401796,9,15,28,False,1,COL1
350293,392053,4,4,7,True,41760,9,14,1,False,1,COL1
350587,785053,1,1,1,True,434466,9,12,24,False,1,COL1
350657,756053,8,8,1,True,405396,9,8,32,False,-1,COL2
350663,366053,5,5,7,True,15390,9,14,12,False,-1,COL2
350719,917053,7,7,4,True,566334,9,33,8,False,1,COL1
350737,737053,7,7,4,True,386316,9,14,13,False,1,COL1
350747,747053,8,8,1,True,396306,9,24,23,False,-1,COL2
350789,987053,5,5,7,True,636264,9,29,4,False,-1,COL2
350809,908053,7,7,4,True,557244,9,12,36,False,1,COL1
351047,740153,2,2,4,True,389106,9,28,5,False,-1,COL2
351179,971153,8,8,1,True,619974,9,12,14,False,-1,COL2
351293,392153,5,5,7,True,40860,9,15,27,False,-1,COL2
351383,383153,5,5,7,True,31770,9,31,18,False,-1,COL2
351427,724153,4,4,7,True,372726,9,1,26,False,1,COL1
351457,754153,7,7,4,True,402696,9,31,19,False,1,COL1
351469,964153,1,1,1,True,612684,9,6,7,False,1,COL1
351497,794153,2,2,4,True,442656,9,34,22,False,-1,COL2
351517,715153,4,4,7,True,363636,9,17,17,True,1,COL1
351529,925153,7,7,4,True,573624,9,29,5,False,1,COL1
351587,785153,2,2,4,True,433566,9,13,13,True,-1,COL2
351707,707153,5,5,7,True,355446,9,22,9,False,-1,COL2
351829,928153,1,1,1,True,576324,9,33,8,False,1,COL1
351863,368153,8,8,1,True,16290,9,30,3,False,-1,COL2
351887,788153,5,5,7,True,436266,9,17,16,False,-1,COL2
351919,919153,1,1,1,True,567234,9,12,36,False,1,COL1
351929,929153,2,2,4,True,577224,9,22,9,False,-1,COL2
352109,901253,2,2,4,True,549144,9,17,7,False,-1,COL2
352267,762253,7,7,4,True,409986,9,27,16,False,1,COL1
352369,963253,1,1,1,True,610884,9,18,32,False,1,COL1
352399,993253,4,4,7,True,640854,9,11,25,False,1,COL1
352459,954253,1,1,1,True,601794,9,34,23,False,1,COL1
352483,384253,7,7,4,True,31770,9,21,8,False,1,COL1
352489,984253,4,4,7,True,631764,9,27,16,False,1,COL1
352589,985253,5,5,7,True,632664,9,16,17,False,-1,COL2
352607,706253,5,5,7,True,353646,9,34,34,True,-1,COL2
352739,937253,2,2,4,True,584514,9,18,6,False,-1,COL2
352883,388253,2,2,4,True,35370,9,14,12,False,-1,COL2
352909,909253,1,1,1,True,556344,9,3,15,False,1,COL1
352949,949253,5,5,7,True,596304,9,6,18,False,-1,COL2
353057,750353,5,5,7,True,397296,9,3,30,False,-1,COL2
353069,960353,8,8,1,True,607284,9,15,18,False,-1,COL2
353117,711353,2,2,4,True,358236,9,26,28,False,-1,COL2
353173,371353,4,4,7,True,18180,9,8,21,False,1,COL1
353179,971353,1,1,1,True,618174,9,14,29,False,1,COL1
353263,362353,4,4,7,True,9090,9,24,12,False,1,COL1
353317,713353,4,4,7,True,360036,9,4,30,False,1,COL1
353453,354353,5,5,7,True,900,9,29,4,False,-1,COL2
353489,984353,5,5,7,True,630864,9,28,5,False,-1,COL2
353567,765353,2,2,4,True,411786,9,32,8,False,-1,COL2
353629,926353,1,1,1,True,572724,9,20,21,False,1,COL1
353737,737353,1,1,1,True,383616,9,17,17,True,1,COL1
353777,777353,5,5,7,True,423576,9,20,20,True,-1,COL2
353797,797353,7,7,4,True,443556,9,3,3,True,1,COL1
353807,708353,8,8,1,True,354546,9,13,25,False,-1,COL2
353819,918353,2,2,4,True,564534,9,25,13,False,-1,COL2
353867,768353,5,5,7,True,414486,9,36,11,False,-1,COL2
353869,968353,7,7,4,True,614484,9,1,26,False,1,COL1
353917,719353,1,1,1,True,365436,9,12,36,False,1,COL1
353963,369353,2,2,4,True,15390,9,21,19,False,-1,COL2
354149,941453,8,8,1,True,587304,9,22,25,False,-1,COL2
354169,961453,1,1,1,True,607284,9,5,8,False,1,COL1
354329,923453,8,8,1,True,569124,9,17,7,False,-1,COL2
354373,373453,7,7,4,True,19080,9,24,12,False,1,COL1
354377,773453,2,2,4,True,419076,9,28,5,False,-1,COL2
354667,766453,4,4,7,True,411786,9,22,35,False,1,COL1
354677,776453,5,5,7,True,421776,9,32,8,False,-1,COL2
354763,367453,1,1,1,True,12690,9,7,6,False,1,COL1
354799,997453,1,1,1,True,642654,9,6,7,False,1,COL1
354829,928453,4,4,7,True,573624,9,36,12,False,1,COL1
354839,938453,5,5,7,True,583614,9,9,22,False,-1,COL2
354847,748453,4,4,7,True,393606,9,17,17,True,1,COL1
354997,799453,1,1,1,True,444456,9,19,31,False,1,COL1
355009,900553,4,4,7,True,545544,9,31,10,False,1,COL1
355037,730553,5,5,7,True,375516,9,22,25,False,-1,COL2
355049,940553,8,8,1,True,585504,9,34,13,False,-1,COL2
355057,750553,7,7,4,True,395496,9,5,8,False,1,COL1
355087,780553,1,1,1,True,425466,9,35,1,False,1,COL1
355093,390553,7,7,4,True,35460,9,4,18,False,1,COL1
355193,391553,8,8,1,True,36360,9,30,19,False,-1,COL2
355297,792553,4,4,7,True,437256,9,23,13,False,1,COL1
355339,933553,1,1,1,True,578214,9,28,6,False,1,COL1
355427,724553,8,8,1,True,369126,9,5,19,False,-1,COL2
355573,375553,1,1,1,True,19980,9,3,3,True,1,COL1
355679,976553,8,8,1,True,620874,9,35,12,False,-1,COL2
355697,796553,8,8,1,True,440856,9,16,17,False,-1,COL2
355799,997553,2,2,4,True,641754,9,7,33,False,-1,COL2
355937,739553,5,5,7,True,383616,9,34,34,True,-1,COL2
355967,769553,8,8,1,True,413586,9,27,27,True,-1,COL2
356039,930653,8,8,1,True,574614,9,25,29,False,-1,COL2
356093,390653,8,8,1,True,34560,9,5,7,False,-1,COL2
356479,974653,7,7,4,True,618174,9,21,36,False,1,COL1
356647,746653,4,4,7,True,390006,9,4,30,False,1,COL1
356819,918653,5,5,7,True,561834,9,28,17,False,-1,COL2
356947,749653,7,7,4,True,392706,9,8,33,False,1,COL1
356999,999653,5,5,7,True,642654,9,23,24,False,-1,COL2
357083,380753,8,8,1,True,23670,9,33,23,False,-1,COL2
357179,971753,5,5,7,True,614574,9,18,22,False,-1,COL2
357263,362753,8,8,1,True,5490,9,28,5,False,-1,COL2
357319,913753,1,1,1,True,556434,9,10,1,False,1,COL1
357473,374753,2,2,4,True,17280,9,16,17,False,-1,COL2
357517,715753,1,1,1,True,358236,9,23,25,False,1,COL1
357587,785753,8,8,1,True,428166,9,19,21,False,-1,COL2
357649,946753,7,7,4,True,589104,9,7,34,False,1,COL1
357677,776753,8,8,1,True,419076,9,35,12,False,-1,COL2
357737,737753,5,5,7,True,380016,9,21,10,False,-1,COL2
357793,397753,7,7,4,True,39960,9,3,3,True,1,COL1
357989,989753,5,5,7,True,631764,9,14,3,False,-1,COL2
357997,799753,4,4,7,True,441756,9,22,35,False,1,COL1
358157,751853,2,2,4,True,393696,9,34,13,False,-1,COL2
358219,912853,1,1,1,True,554634,9,22,26,False,1,COL1
358229,922853,2,2,4,True,564624,9,32,36,False,-1,COL2
358277,772853,5,5,7,True,414576,9,6,34,False,-1,COL2
358417,714853,1,1,1,True,356436,9,35,13,False,1,COL1
358427,724853,2,2,4,True,366426,9,8,23,False,-1,COL2
358459,954853,7,7,4,True,596394,9,3,31,False,1,COL1
358499,994853,2,2,4,True,636354,9,6,34,False,-1,COL2
358697,796853,2,2,4,True,438156,9,19,21,False,-1,COL2
358747,747853,7,7,4,True,389106,9,32,9,False,1,COL1
358783,387853,7,7,4,True,29070,9,31,19,False,1,COL1
358867,768853,1,1,1,True,409986,9,4,30,False,1,COL1
358879,978853,4,4,7,True,619974,9,16,18,False,1,COL1
358907,709853,5,5,7,True,350946,9,7,8,False,-1,COL2
358973,379853,8,8,1,True,20880,9,36,11,False,-1,COL2
358993,399853,1,1,1,True,40860,9,19,31,False,1,COL1
358999,999853,7,7,4,True,640854,9,25,2,False,1,COL1
359063,360953,8,8,1,True,1890,9,15,18,False,-1,COL2
359209,902953,1,1,1,True,543744,9,13,5,False,1,COL1
359263,362953,1,1,1,True,3690,9,30,20,False,1,COL1
359377,773953,7,7,4,True,414576,9,33,24,False,1,COL1
359449,944953,7,7,4,True,585504,9,31,10,False,1,COL1
359663,366953,5,5,7,True,7290,9,23,24,False,-1,COL2
359747,747953,8,8,1,True,388206,9,33,35,False,-1,COL2
359783,387953,8,8,1,True,28170,9,32,8,False,-1,COL2
359837,738953,8,8,1,True,379116,9,12,26,False,-1,COL2
359929,929953,1,1,1,True,570024,9,30,32,False,1,COL1
360169,961063,7,7,4,True,600894,9,11,25,False,1,COL1
360187,781063,7,7,4,True,420876,9,29,30,False,1,COL1
360193,391063,4,4,7,True,30870,9,35,10,False,1,COL1
360289,982063,1,1,1,True,621774,9,20,9,False,1,COL1
360497,794063,2,2,4,True,433566,9,6,6,True,-1,COL2
360589,985063,4,4,7,True,624474,9,24,12,False,1,COL1
360637,736063,7,7,4,True,375426,9,35,22,False,1,COL1
360869,968063,5,5,7,True,607194,9,8,32,False,-1,COL2
360977,779063,5,5,7,True,418086,9,5,28,False,-1,COL2
360979,979063,7,7,4,True,618084,9,7,6,False,1,COL1
361279,972163,1,1,1,True,610884,9,11,25,False,1,COL1
361499,994163,5,5,7,True,632664,9,9,10,False,-1,COL2
361507,705163,4,4,7,True,343656,9,17,17,True,1,COL1
361577,775163,2,2,4,True,413586,9,13,13,True,-1,COL2
361649,946163,2,2,4,True,584514,9,11,36,False,-1,COL2
361763,367163,8,8,1,True,5400,9,14,12,False,-1,COL2
361799,997163,8,8,1,True,635364,9,13,13,True,-1,COL2
361807,708163,7,7,4,True,346356,9,21,20,False,1,COL1
361873,378163,1,1,1,True,16290,9,13,23,False,1,COL1
361877,778163,5,5,7,True,416286,9,17,16,False,-1,COL2
361973,379163,2,2,4,True,17190,9,2,24,False,-1,COL2
361979,979163,8,8,1,True,617184,9,8,32,False,-1,COL2
361993,399163,4,4,7,True,37170,9,22,7,False,1,COL1
362093,390263,5,5,7,True,28170,9,11,24,False,-1,COL2
362293,392263,7,7,4,True,29970,9,26,26,True,1,COL1
362339,933263,8,8,1,True,570924,9,35,12,False,-1,COL2
362347,743263,7,7,4,True,380916,9,6,7,False,1,COL1
362449,944263,1,1,1,True,581814,9,34,23,False,1,COL1
362459,954263,2,2,4,True,591804,9,7,33,False,-1,COL2
362749,947263,4,4,7,True,584514,9,1,26,False,1,COL1
362759,957263,5,5,7,True,594504,9,11,36,False,-1,COL2
362867,768263,5,5,7,True,405396,9,8,32,False,-1,COL2
362897,798263,8,8,1,True,435366,9,1,25,False,-1,COL2
363037,730363,4,4,7,True,367326,9,30,20,False,1,COL1
363059,950363,8,8,1,True,587304,9,15,18,False,-1,COL2
363119,911363,5,5,7,True,548244,9,1,16,False,-1,COL2
363157,751363,7,7,4,True,388206,9,2,4,False,1,COL1
363269,962363,2,2,4,True,599094,9,3,30,False,-1,COL2
363373,373363,7,7,4,True,9990,9,33,33,True,1,COL1
363497,794363,5,5,7,True,430866,9,9,10,False,-1,COL2
363577,775363,4,4,7,True,411786,9,15,28,False,1,COL1
363683,386363,2,2,4,True,22680,9,10,9,False,-1,COL2
363719,917363,2,2,4,True,553644,9,9,22,False,-1,COL2
363757,757363,4,4,7,True,393606,9,10,10,True,1,COL1
363809,908363,2,2,4,True,544554,9,25,13,False,-1,COL2
363887,788363,8,8,1,True,424476,9,29,4,False,-1,COL2
363959,959363,8,8,1,True,595404,9,27,27,True,-1,COL2
364073,370463,5,5,7,True,6390,9,30,19,False,-1,COL2
364129,921463,7,7,4,True,557334,9,12,15,False,1,COL1
364373,373463,8,8,1,True,9090,9,34,22,False,-1,COL2
364417,714463,7,7,4,True,350046,9,4,30,False,1,COL1
364607,706463,8,8,1,True,341856,9,9,22,False,-1,COL2
364627,726463,1,1,1,True,361836,9,29,5,False,1,COL1
364657,756463,4,4,7,True,391806,9,22,35,False,1,COL1
364669,966463,7,7,4,True,601794,9,34,23,False,1,COL1
364717,717463,1,1,1,True,352746,9,8,33,False,1,COL1
364739,937463,5,5,7,True,572724,9,30,31,False,-1,COL2
364747,747463,4,4,7,True,382716,9,1,26,False,1,COL1
364829,928463,5,5,7,True,563634,9,9,22,False,-1,COL2
364873,378463,4,4,7,True,13590,9,16,27,False,1,COL1
364879,978463,1,1,1,True,613584,9,22,35,False,1,COL1
364909,909463,4,4,7,True,544554,9,15,3,False,1,COL1
364937,739463,5,5,7,True,374526,9,6,18,False,-1,COL2
365129,921563,8,8,1,True,556434,9,13,4,False,-1,COL2
365147,741563,8,8,1,True,376416,9,31,9,False,-1,COL2
365179,971563,4,4,7,True,606384,9,26,17,False,1,COL1
365297,792563,5,5,7,True,427266,9,33,23,False,-1,COL2
365327,723563,8,8,1,True,358236,9,26,28,False,-1,COL2
365467,764563,4,4,7,True,399096,9,18,32,False,1,COL1
365479,974563,7,7,4,True,609084,9,30,20,False,1,COL1
365489,984563,8,8,1,True,619074,9,3,30,False,-1,COL2
365689,986563,1,1,1,True,620874,9,18,32,False,1,COL1
365699,996563,2,2,4,True,630864,9,28,5,False,-1,COL2
365747,747563,5,5,7,True,381816,9,2,15,False,-1,COL2
365759,957563,8,8,1,True,591804,9,14,3,False,-1,COL2
365773,377563,4,4,7,True,11790,9,28,15,False,1,COL1
365839,938563,7,7,4,True,572724,9,20,21,False,1,COL1
365983,389563,7,7,4,True,23580,9,16,27,False,1,COL1
366077,770663,2,2,4,True,404586,9,36,27,False,-1,COL2
366127,721663,7,7,4,True,355536,9,12,15,False,1,COL1
366169,961663,4,4,7,True,595494,9,17,33,False,1,COL1
366173,371663,8,8,1,True,5490,9,21,35,False,-1,COL2
366199,991663,7,7,4,True,625464,9,10,26,False,1,COL1
366227,722663,8,8,1,True,356436,9,1,16,False,-1,COL2
366239,932663,2,2,4,True,566424,9,13,4,False,-1,COL2
366277,772663,4,4,7,True,406386,9,14,29,False,1,COL1
366293,392663,2,2,4,True,26370,9,30,19,False,-1,COL2
366307,703663,7,7,4,True,337356,9,7,34,False,1,COL1
366409,904663,1,1,1,True,538254,9,35,13,False,1,COL1
366437,734663,2,2,4,True,368226,9,26,28,False,-1,COL2
366599,995663,2,2,4,True,629064,9,3,30,False,-1,COL2
366869,968663,2,2,4,True,601794,9,14,3,False,-1,COL2
366907,709663,4,4,7,True,342756,9,15,3,False,1,COL1
366967,769663,1,1,1,True,402696,9,1,26,False,1,COL1
366973,379663,7,7,4,True,12690,9,7,6,False,1,COL1
366983,389663,8,8,1,True,22680,9,17,16,False,-1,COL2
367027,720763,7,7,4,True,353736,9,24,3,False,1,COL1
367069,960763,4,4,7,True,593694,9,29,21,False,1,COL1
367219,912763,1,1,1,True,545544,9,31,10,False,1,COL1
367273,372763,1,1,1,True,5490,9,11,25,False,1,COL1
367307,703763,8,8,1,True,336456,9,8,23,False,-1,COL2
367369,963763,7,7,4,True,596394,9,33,24,False,1,COL1
367519,915763,4,4,7,True,548244,9,35,13,False,1,COL1
367597,795763,1,1,1,True,428166,9,2,4,False,1,COL1
367687,786763,1,1,1,True,419076,9,18,32,False,1,COL1
367699,996763,4,4,7,True,629064,9,30,20,False,1,COL1
367819,918763,7,7,4,True,550944,9,2,16,False,1,COL1
367889,988763,5,5,7,True,620874,9,35,12,False,-1,COL2
367957,759763,1,1,1,True,391806,9,29,5,False,1,COL1
368029,920863,1,1,1,True,552834,9,27,7,False,1,COL1
368077,770863,4,4,7,True,402786,9,1,5,False,1,COL1
368107,701863,7,7,4,True,333756,9,31,10,False,1,COL1
368369,963863,8,8,1,True,595494,9,34,13,False,-1,COL2
368507,705863,2,2,4,True,337356,9,24,14,False,-1,COL2
368729,927863,8,8,1,True,559134,9,24,14,False,-1,COL2
368947,749863,1,1,1,True,380916,9,20,21,False,1,COL1
369007,700963,7,7,4,True,331956,9,6,35,False,1,COL1
369029,920963,2,2,4,True,551934,9,28,33,False,-1,COL2
369269,962963,8,8,1,True,593694,9,9,1,False,-1,COL2
369293,392963,5,5,7,True,23670,9,33,23,False,-1,COL2
369673,376963,7,7,4,True,7290,9,6,7,False,1,COL1
369793,397963,1,1,1,True,28170,9,15,28,False,1,COL1
369877,778963,4,4,7,True,409086,9,25,2,False,1,COL1
370169,961073,8,8,1,True,590904,9,21,35,False,-1,COL2
370193,391073,5,5,7,True,20880,9,8,20,False,-1,COL2
370199,991073,2,2,4,True,620874,9,14,28,False,-1,COL2
370247,742073,5,5,7,True,371826,9,25,1,False,-1,COL2
370373,373073,5,5,7,True,2700,9,3,2,False,-1,COL2
370477,774073,1,1,1,True,403596,9,33,33,True,1,COL1
370493,394073,8,8,1,True,23580,9,12,23,False,-1,COL2
370529,925073,8,8,1,True,554544,9,11,36,False,-1,COL2
370537,735073,7,7,4,True,364536,9,19,31,False,1,COL1
370619,916073,8,8,1,True,545454,9,27,27,True,-1,COL2
370793,397073,2,2,4,True,26280,9,16,26,False,-1,COL2
370879,978073,7,7,4,True,607194,9,28,15,False,1,COL1
371027,720173,2,2,4,True,349146,9,28,5,False,-1,COL2
371057,750173,5,5,7,True,379116,9,21,35,False,-1,COL2
371069,960173,8,8,1,True,589104,9,33,23,False,-1,COL2
371087,780173,8,8,1,True,409086,9,14,28,False,-1,COL2
371227,722173,4,4,7,True,350946,9,6,7,False,1,COL1
371339,933173,8,8,1,True,561834,9,7,33,False,-1,COL2
371389,983173,4,4,7,True,611784,9,20,9,False,1,COL1
371617,716173,7,7,4,True,344556,9,26,1,False,1,COL1
371699,996173,8,8,1,True,624474,9,34,22,False,-1,COL2
371719,917173,1,1,1,True,545454,9,17,17,True,1,COL1
371837,738173,2,2,4,True,366336,9,24,23,False,-1,COL2
371869,968173,7,7,4,True,596304,9,19,31,False,1,COL1
371897,798173,8,8,1,True,426276,9,10,9,False,-1,COL2
371927,729173,2,2,4,True,357246,9,3,14,False,-1,COL2
371957,759173,5,5,7,True,387216,9,33,7,False,-1,COL2
372067,760273,7,7,4,True,388206,9,32,34,False,1,COL1
372179,971273,2,2,4,True,599094,9,33,23,False,-1,COL2
372277,772273,1,1,1,True,399996,9,20,9,False,1,COL1
372289,982273,4,4,7,True,609984,9,32,34,False,1,COL1
372377,773273,2,2,4,True,400896,9,9,10,False,-1,COL2
372629,926273,2,2,4,True,553644,9,2,15,False,-1,COL2
372637,736273,1,1,1,True,363636,9,10,10,True,1,COL1
372667,766273,4,4,7,True,393606,9,3,3,True,1,COL1
372797,797273,8,8,1,True,424476,9,22,34,False,-1,COL2
372829,928273,4,4,7,True,555444,9,17,17,True,1,COL1
372847,748273,4,4,7,True,375426,9,35,22,False,1,COL1
372973,379273,4,4,7,True,6300,9,13,23,False,1,COL1
372979,979273,1,1,1,True,606294,9,19,31,False,1,COL1
373183,381373,7,7,4,True,8190,9,1,14,False,1,COL1
373193,391373,8,8,1,True,18180,9,11,24,False,-1,COL2
373349,943373,2,2,4,True,570024,9,19,21,False,-1,COL2
373357,753373,1,1,1,True,380016,9,27,16,False,1,COL1
373379,973373,5,5,7,True,599994,9,12,14,False,-1,COL2
373393,393373,1,1,1,True,19980,9,26,26,True,1,COL1
373487,784373,5,5,7,True,410886,9,9,10,False,-1,COL2
373517,715373,8,8,1,True,341856,9,2,15,False,-1,COL2
373657,756373,4,4,7,True,382716,9,31,19,False,1,COL1
373669,966373,7,7,4,True,592704,9,6,7,False,1,COL1
373693,396373,4,4,7,True,22680,9,30,29,False,1,COL1
373777,777373,7,7,4,True,403596,9,3,3,True,1,COL1
373837,738373,4,4,7,True,364536,9,26,1,False,1,COL1
373937,739373,5,5,7,True,365436,9,15,2,False,-1,COL2
374029,920473,7,7,4,True,546444,9,33,24,False,1,COL1
374047,740473,7,7,4,True,366426,9,14,29,False,1,COL1
374177,771473,2,2,4,True,397296,9,33,23,False,-1,COL2
374189,981473,5,5,7,True,607284,9,8,11,False,-1,COL2
374239,932473,1,1,1,True,558234,9,21,36,False,1,COL1
374287,782473,4,4,7,True,408186,9,32,34,False,1,COL1
374293,392473,1,1,1,True,18180,9,1,14,False,1,COL1
374359,953473,4,4,7,True,579114,9,30,20,False,1,COL1
374483,384473,2,2,4,True,9990,9,6,6,True,-1,COL2
374537,735473,2,2,4,True,360936,9,23,24,False,-1,COL2
374557,755473,4,4,7,True,380916,9,6,7,False,1,COL1
374789,987473,2,2,4,True,612684,9,16,17,False,-1,COL2
374797,797473,1,1,1,True,422676,9,24,12,False,1,COL1
374807,708473,2,2,4,True,333666,9,34,34,True,-1,COL2
374879,978473,2,2,4,True,603594,9,32,8,False,-1,COL2
374893,398473,7,7,4,True,23580,9,9,20,False,1,COL1
374987,789473,2,2,4,True,414486,9,29,4,False,-1,COL2
374993,399473,8,8,1,True,24480,9,35,21,False,-1,COL2
375017,710573,5,5,7,True,335556,9,22,25,False,-1,COL2
375049,940573,1,1,1,True,565524,9,17,33,False,1,COL1
375149,941573,2,2,4,True,566424,9,6,34,False,-1,COL2
375259,952573,4,4,7,True,577314,9,5,8,False,1,COL1
375367,763573,4,4,7,True,388206,9,2,4,False,1,COL1
375457,754573,4,4,7,True,379116,9,18,32,False,1,COL1
375673,376573,4,4,7,True,900,9,12,24,False,1,COL1
375707,707573,2,2,4,True,331866,9,9,22,False,-1,COL2
375787,787573,1,1,1,True,411786,9,15,28,False,1,COL1
375799,997573,4,4,7,True,621774,9,27,16,False,1,COL1
375857,758573,8,8,1,True,382716,9,11,36,False,-1,COL2
375997,799573,4,4,7,True,423576,9,3,3,True,1,COL1
376009,900673,7,7,4,True,524664,9,15,19,False,1,COL1
376099,990673,7,7,4,True,614574,9,31,35,False,1,COL1
376183,381673,1,1,1,True,5490,9,4,18,False,1,COL1
376237,732673,1,1,1,True,356436,9,21,36,False,1,COL1
376307,703673,8,8,1,True,327366,9,17,7,False,-1,COL2
376417,714673,1,1,1,True,338256,9,16,18,False,1,COL1
376483,384673,4,4,7,True,8190,9,8,21,False,1,COL1
376547,745673,5,5,7,True,369126,9,35,12,False,-1,COL2
376609,906673,4,4,7,True,530064,9,23,25,False,1,COL1
376639,936673,7,7,4,True,560034,9,16,18,False,1,COL1
376657,756673,7,7,4,True,380016,9,34,23,False,1,COL1
376687,786673,1,1,1,True,409986,9,27,16,False,1,COL1
376793,397673,8,8,1,True,20880,9,22,34,False,-1,COL2
376949,949673,2,2,4,True,572724,9,30,31,False,-1,COL2
377197,791773,7,7,4,True,414576,9,19,10,False,1,COL1
377219,912773,2,2,4,True,535554,9,4,20,False,-1,COL2
377329,923773,4,4,7,True,546444,9,3,31,False,1,COL1
377477,774773,8,8,1,True,397296,9,3,30,False,-1,COL2
377737,737773,7,7,4,True,360036,9,4,30,False,1,COL1
377749,947773,1,1,1,True,570024,9,16,18,False,1,COL1
377999,999773,8,8,1,True,621774,9,7,33,False,-1,COL2
378193,391873,4,4,7,True,13680,9,16,6,False,1,COL1
378283,382873,4,4,7,True,4590,9,32,34,False,1,COL1
378317,713873,2,2,4,True,335556,9,29,32,False,-1,COL2
378449,944873,8,8,1,True,566424,9,13,4,False,-1,COL2
378593,395873,8,8,1,True,17280,9,9,10,False,-1,COL2
378667,766873,1,1,1,True,388206,9,9,11,False,1,COL1
378977,779873,5,5,7,True,400896,9,23,24,False,-1,COL2
378997,799873,7,7,4,True,420876,9,6,7,False,1,COL1
379009,900973,1,1,1,True,521964,9,18,23,False,1,COL1
379039,930973,4,4,7,True,551934,9,11,16,False,1,COL1
379087,780973,7,7,4,True,401886,9,22,14,False,1,COL1
379147,741973,4,4,7,True,362826,9,8,12,False,1,COL1
379177,771973,7,7,4,True,392796,9,1,5,False,1,COL1
379187,781973,8,8,1,True,402786,9,11,15,False,-1,COL2
379199,991973,2,2,4,True,612774,9,23,3,False,-1,COL2
379289,982973,2,2,4,True,603684,9,2,31,False,-1,COL2
379369,963973,1,1,1,True,584604,9,8,12,False,1,COL1
379459,954973,1,1,1,True,575514,9,24,3,False,1,COL1
379607,706973,5,5,7,True,327366,9,24,14,False,-1,COL2
379699,996973,7,7,4,True,617274,9,5,8,False,1,COL1
379787,787973,5,5,7,True,408186,9,19,21,False,-1,COL2
379817,718973,8,8,1,True,339156,9,12,26,False,-1,COL2
379849,948973,4,4,7,True,569124,9,7,34,False,1,COL1
379859,958973,5,5,7,True,579114,9,17,7,False,-1,COL2
379909,909973,1,1,1,True,530064,9,30,32,False,1,COL1
380059,950083,7,7,4,True,570024,9,32,34,False,1,COL1
380287,782083,1,1,1,True,401796,9,1,14,False,1,COL1
380377,773083,1,1,1,True,392706,9,17,5,False,1,COL1
380383,383083,7,7,4,True,2700,9,23,22,False,1,COL1
380447,744083,8,8,1,True,363636,9,13,13,True,-1,COL2
380729,927083,2,2,4,True,546354,9,36,11,False,-1,COL2
380837,738083,2,2,4,True,357246,9,33,7,False,-1,COL2
380839,938083,4,4,7,True,557244,9,35,22,False,1,COL1
380929,929083,4,4,7,True,548154,9,14,13,False,1,COL1
380983,389083,4,4,7,True,8100,9,31,28,False,1,COL1
381077,770183,8,8,1,True,389106,9,14,28,False,-1,COL2
381167,761183,8,8,1,True,380016,9,30,19,False,-1,COL2
381169,961183,1,1,1,True,580014,9,32,34,False,1,COL1
381287,782183,2,2,4,True,400896,9,2,3,False,-1,COL2
381289,982183,4,4,7,True,600894,9,4,18,False,1,COL1
381319,913183,7,7,4,True,531864,9,34,23,False,1,COL1
381487,784183,4,4,7,True,402696,9,17,5,False,1,COL1
381559,955183,4,4,7,True,573624,9,15,28,False,1,COL1
381607,706183,7,7,4,True,324576,9,26,1,False,1,COL1
381629,926183,2,2,4,True,544554,9,11,36,False,-1,COL2
381737,737183,2,2,4,True,355446,9,8,32,False,-1,COL2
381749,947183,5,5,7,True,565434,9,20,20,True,-1,COL2
381793,397183,4,4,7,True,15390,9,27,25,False,1,COL1
381817,718183,1,1,1,True,336366,9,14,13,False,1,COL1
381859,958183,7,7,4,True,576324,9,19,31,False,1,COL1
381917,719183,2,2,4,True,337266,9,3,14,False,-1,COL2
381937,739183,4,4,7,True,357246,9,23,34,False,1,COL1
382037,730283,5,5,7,True,348246,9,12,14,False,-1,COL2
382189,981283,4,4,7,True,599094,9,16,6,False,1,COL1
382229,922283,8,8,1,True,540054,9,19,21,False,-1,COL2
382429,924283,1,1,1,True,541854,9,34,23,False,1,COL1
382457,754283,2,2,4,True,371826,9,25,1,False,-1,COL2
382519,915283,1,1,1,True,532764,9,13,14,False,1,COL1
382567,765283,4,4,7,True,382716,9,24,12,False,1,COL1
382747,747283,4,4,7,True,364536,9,19,31,False,1,COL1
382807,708283,1,1,1,True,325476,9,5,29,False,1,COL1
382847,748283,5,5,7,True,365436,9,8,32,False,-1,COL2
382979,979283,2,2,4,True,596304,9,29,4,False,-1,COL2
383069,960383,2,2,4,True,577314,9,8,11,False,-1,COL2
383099,990383,5,5,7,True,607284,9,1,4,False,-1,COL2
383107,701383,4,4,7,True,318276,9,9,11,False,1,COL1
383297,792383,5,5,7,True,409086,9,14,28,False,-1,COL2
383393,393383,2,2,4,True,9990,9,36,36,True,-1,COL2
383429,924383,2,2,4,True,540954,9,35,12,False,-1,COL2
383483,384383,2,2,4,True,900,9,15,27,False,-1,COL2
383489,984383,8,8,1,True,600894,9,21,35,False,-1,COL2
383609,906383,2,2,4,True,522774,9,30,31,False,-1,COL2
383659,956383,7,7,4,True,572724,9,6,7,False,1,COL1
383683,386383,4,4,7,True,2700,9,30,29,False,1,COL1
383777,777383,8,8,1,True,393606,9,13,13,True,-1,COL2
383797,797383,1,1,1,True,413586,9,33,33,True,1,COL1
383837,738383,5,5,7,True,354546,9,36,11,False,-1,COL2
383909,909383,5,5,7,True,525474,9,34,34,True,-1,COL2
384017,710483,5,5,7,True,326466,9,31,9,False,-1,COL2
384049,940483,1,1,1,True,556434,9,26,17,False,1,COL1
384187,781483,4,4,7,True,397296,9,16,6,False,1,COL1
384257,752483,2,2,4,True,368226,9,12,14,False,-1,COL2
384359,953483,5,5,7,True,569124,9,3,30,False,-1,COL2
384497,794483,8,8,1,True,409986,9,30,19,False,-1,COL2
384589,985483,1,1,1,True,600894,9,11,25,False,1,COL1
384737,737483,5,5,7,True,352746,9,11,36,False,-1,COL2
384889,988483,4,4,7,True,603594,9,15,28,False,1,COL1
385039,930583,1,1,1,True,545544,9,17,33,False,1,COL1
385079,970583,5,5,7,True,585504,9,20,36,False,-1,COL2
385087,780583,4,4,7,True,395496,9,28,31,False,1,COL1
385159,951583,4,4,7,True,566424,9,26,17,False,1,COL1
385249,942583,4,4,7,True,557334,9,5,8,False,1,COL1
385267,762583,4,4,7,True,377316,9,23,13,False,1,COL1
385393,393583,4,4,7,True,8190,9,1,14,False,1,COL1
385709,907583,5,5,7,True,521874,9,21,10,False,-1,COL2
385837,738583,7,7,4,True,352746,9,1,26,False,1,COL1
386017,710683,7,7,4,True,324666,9,33,24,False,1,COL1
386119,911683,1,1,1,True,525564,9,24,3,False,1,COL1
386149,941683,4,4,7,True,555534,9,17,33,False,1,COL1
386279,972683,8,8,1,True,586404,9,36,27,False,-1,COL2
386429,924683,5,5,7,True,538254,9,1,16,False,-1,COL2
386677,776683,1,1,1,True,390006,9,27,16,False,1,COL1
386777,777683,2,2,4,True,390906,9,16,17,False,-1,COL2
386987,789683,5,5,7,True,402696,9,4,29,False,-1,COL2
387169,961783,7,7,4,True,574614,9,1,5,False,1,COL1
387197,791783,8,8,1,True,404586,9,29,20,False,-1,COL2
387227,722783,2,2,4,True,335556,9,22,25,False,-1,COL2
387269,962783,8,8,1,True,575514,9,27,6,False,-1,COL2
387509,905783,5,5,7,True,518274,9,8,23,False,-1,COL2
387529,925783,7,7,4,True,538254,9,28,6,False,1,COL1
387749,947783,2,2,4,True,560034,9,26,28,False,-1,COL2
387799,997783,7,7,4,True,609984,9,2,4,False,1,COL1
387857,758783,2,2,4,True,370926,9,23,24,False,-1,COL2
388187,781883,8,8,1,True,393696,9,20,36,False,-1,COL2
388259,952883,8,8,1,True,564624,9,18,22,False,-1,COL2
388693,396883,1,1,1,True,8190,9,8,21,False,1,COL1
388699,996883,7,7,4,True,608184,9,14,29,False,1,COL1
388859,958883,5,5,7,True,570024,9,26,28,False,-1,COL2
388879,978883,7,7,4,True,590004,9,9,11,False,1,COL1
389027,720983,2,2,4,True,331956,9,9,1,False,-1,COL2
389057,750983,5,5,7,True,361926,9,2,31,False,-1,COL2
389117,711983,2,2,4,True,322866,9,25,29,False,-1,COL2
389167,761983,7,7,4,True,372816,9,1,5,False,1,COL1
389189,981983,2,2,4,True,592794,9,23,3,False,-1,COL2
389227,722983,4,4,7,True,333756,9,24,3,False,1,COL1
389287,782983,1,1,1,True,393696,9,10,26,False,1,COL1
389297,792983,2,2,4,True,403686,9,20,36,False,-1,COL2
389299,992983,4,4,7,True,603684,9,22,14,False,1,COL1
389357,753983,8,8,1,True,364626,9,6,34,False,-1,COL2
389399,993983,5,5,7,True,604584,9,11,15,False,-1,COL2
389479,974983,4,4,7,True,585504,9,17,33,False,1,COL1
389527,725983,7,7,4,True,336456,9,28,6,False,1,COL1
389567,765983,2,2,4,True,376416,9,31,9,False,-1,COL2
389569,965983,4,4,7,True,576414,9,33,24,False,1,COL1
389629,926983,1,1,1,True,537354,9,19,22,False,1,COL1
389687,786983,5,5,7,True,397296,9,3,30,False,-1,COL2
389839,938983,4,4,7,True,549144,9,7,34,False,1,COL1
389867,768983,5,5,7,True,379116,9,35,12,False,-1,COL2
389999,999983,2,2,4,True,609984,9,19,21,False,-1,COL2
390067,760093,7,7,4,True,370026,9,13,2,False,1,COL1
390097,790093,1,1,1,True,399996,9,6,32,False,1,COL1
390109,901093,4,4,7,True,510984,9,18,32,False,1,COL1
390359,953093,2,2,4,True,562734,9,9,10,False,-1,COL2
390367,763093,1,1,1,True,372726,9,17,5,False,1,COL1
390499,994093,7,7,4,True,603594,9,1,14,False,1,COL1
390539,935093,2,2,4,True,544554,9,4,29,False,-1,COL2
390889,988093,1,1,1,True,597204,9,21,8,False,1,COL1
390959,959093,8,8,1,True,568134,9,17,16,False,-1,COL2
391159,951193,1,1,1,True,560034,9,32,34,False,1,COL1
391219,912193,7,7,4,True,520974,9,18,32,False,1,COL1
391247,742193,8,8,1,True,350946,9,9,10,False,-1,COL2
391387,783193,4,4,7,True,391806,9,1,14,False,1,COL1
391537,735193,1,1,1,True,343656,9,3,3,True,1,COL1
391579,975193,7,7,4,True,583614,9,8,21,False,1,COL1
391679,976193,8,8,1,True,584514,9,34,22,False,-1,COL2
391789,987193,1,1,1,True,595404,9,33,33,True,1,COL1
391939,939193,7,7,4,True,547254,9,35,22,False,1,COL1
392069,960293,2,2,4,True,568224,9,17,32,False,-1,COL2
392099,990293,5,5,7,True,598194,9,10,25,False,-1,COL2
392177,771293,2,2,4,True,379116,9,14,28,False,-1,COL2
392297,792293,5,5,7,True,399996,9,23,12,False,-1,COL2
392339,933293,2,2,4,True,540954,9,28,5,False,-1,COL2
392467,764293,4,4,7,True,371826,9,8,21,False,1,COL1
392549,945293,5,5,7,True,552744,9,16,17,False,-1,COL2
392593,395293,4,4,7,True,2700,9,23,22,False,1,COL1
392629,926293,4,4,7,True,533664,9,22,35,False,1,COL1
392669,966293,8,8,1,True,573624,9,25,1,False,-1,COL2
392699,996293,2,2,4,True,603594,9,18,31,False,-1,COL2
392737,737293,4,4,7,True,344556,9,19,31,False,1,COL1
392767,767293,7,7,4,True,374526,9,12,24,False,1,COL1
392807,708293,2,2,4,True,315486,9,15,2,False,-1,COL2
392827,728293,4,4,7,True,335466,9,35,22,False,1,COL1
392849,948293,8,8,1,True,555444,9,20,20,True,-1,COL2
392927,729293,5,5,7,True,336366,9,24,23,False,-1,COL2
392929,929293,7,7,4,True,536364,9,26,1,False,1,COL1
392957,759293,8,8,1,True,366336,9,17,16,False,-1,COL2
393007,700393,4,4,7,True,307386,9,30,20,False,1,COL1
393059,950393,2,2,4,True,557334,9,8,11,False,-1,COL2
393247,742393,1,1,1,True,349146,9,11,25,False,1,COL1
393287,782393,5,5,7,True,389106,9,14,28,False,-1,COL2
393299,992393,8,8,1,True,599094,9,26,16,False,-1,COL2
393377,773393,5,5,7,True,380016,9,30,19,False,-1,COL2
393539,935393,5,5,7,True,541854,9,7,33,False,-1,COL2
393557,755393,5,5,7,True,361836,9,25,1,False,-1,COL2
393577,775393,7,7,4,True,381816,9,8,21,False,1,COL1
393667,766393,7,7,4,True,372726,9,24,12,False,1,COL1
393709,907393,4,4,7,True,513684,9,29,5,False,1,COL1
393857,758393,8,8,1,True,364536,9,29,4,False,-1,COL2
393859,958393,1,1,1,True,564534,9,31,19,False,1,COL1
393919,919393,7,7,4,True,525474,9,17,17,True,1,COL1
393929,929393,8,8,1,True,535464,9,27,27,True,-1,COL2
393947,749393,8,8,1,True,355446,9,8,32,False,-1,COL2
394187,781493,5,5,7,True,387306,9,26,16,False,-1,COL2
394327,723493,1,1,1,True,329166,9,18,32,False,1,COL1
394367,763493,5,5,7,True,369126,9,21,35,False,-1,COL2
394507,705493,1,1,1,True,310986,9,13,14,False,1,COL1
394579,975493,1,1,1,True,580914,9,11,25,False,1,COL1
394747,747493,7,7,4,True,352746,9,31,19,False,1,COL1
394817,718493,5,5,7,True,323676,9,27,27,True,-1,COL2
394987,789493,4,4,7,True,394506,9,12,24,False,1,COL1
394993,399493,1,1,1,True,4500,9,18,4,False,1,COL1
395039,930593,2,2,4,True,535554,9,27,6,False,-1,COL2
395069,960593,5,5,7,True,565524,9,20,36,False,-1,COL2
395089,980593,7,7,4,True,585504,9,3,19,False,1,COL1
395107,701593,7,7,4,True,306486,9,21,36,False,1,COL1
395119,911593,1,1,1,True,516474,9,33,24,False,1,COL1
395137,731593,1,1,1,True,336456,9,14,29,False,1,COL1
395147,741593,2,2,4,True,346446,9,24,2,False,-1,COL2
395407,704593,1,1,1,True,309186,9,25,2,False,1,COL1
395657,756593,8,8,1,True,360936,9,16,17,False,-1,COL2
395719,917593,7,7,4,True,521874,9,4,30,False,1,COL1
395737,737593,7,7,4,True,341856,9,22,35,False,1,COL1
395849,948593,2,2,4,True,552744,9,23,24,False,-1,COL2
396199,991693,1,1,1,True,595494,9,3,19,False,1,COL1
396217,712693,1,1,1,True,316476,9,21,36,False,1,COL1
396349,943693,7,7,4,True,547344,9,5,8,False,1,COL1
396377,773693,8,8,1,True,377316,9,33,23,False,-1,COL2
396437,734693,5,5,7,True,338256,9,19,21,False,-1,COL2
396509,905693,5,5,7,True,509184,9,17,7,False,-1,COL2
396709,907693,7,7,4,True,510984,9,32,9,False,1,COL1
396919,919693,1,1,1,True,522774,9,20,21,False,1,COL1
396937,739693,1,1,1,True,342756,9,1,26,False,1,COL1
397027,720793,1,1,1,True,323766,9,17,33,False,1,COL1
397127,721793,2,2,4,True,324666,9,6,34,False,-1,COL2
397297,792793,1,1,1,True,395496,9,28,31,False,1,COL1
397337,733793,5,5,7,True,336456,9,31,9,False,-1,COL2
397357,753793,7,7,4,True,356436,9,14,29,False,1,COL1
397429,924793,7,7,4,True,527364,9,12,15,False,1,COL1
397469,964793,2,2,4,True,567324,9,15,18,False,-1,COL2
397597,795793,4,4,7,True,398196,9,32,34,False,1,COL1
397757,757793,2,2,4,True,360036,9,7,33,False,-1,COL2
397799,997793,8,8,1,True,599994,9,12,14,False,-1,COL2
397829,928793,2,2,4,True,530964,9,5,19,False,-1,COL2
397867,768793,4,4,7,True,370926,9,6,7,False,1,COL1
397939,939793,4,4,7,True,541854,9,4,30,False,1,COL1
398119,911893,4,4,7,True,513774,9,36,28,False,1,COL1
398207,702893,2,2,4,True,304686,9,13,4,False,-1,COL2
398267,762893,8,8,1,True,364626,9,36,27,False,-1,COL2
398339,933893,8,8,1,True,535554,9,34,13,False,-1,COL2
398417,714893,5,5,7,True,316476,9,1,16,False,-1,COL2
398467,764893,1,1,1,True,366426,9,14,29,False,1,COL1
398569,965893,4,4,7,True,567324,9,5,8,False,1,COL1
398627,726893,8,8,1,True,328266,9,26,28,False,-1,COL2
398669,966893,5,5,7,True,568224,9,31,9,False,-1,COL2
398857,758893,4,4,7,True,360036,9,34,23,False,1,COL1
398917,719893,1,1,1,True,320976,9,20,21,False,1,COL1
399059,950993,8,8,1,True,551934,9,14,19,False,-1,COL2
399067,760993,7,7,4,True,361926,9,22,14,False,1,COL1
399197,791993,2,2,4,True,392796,9,4,8,False,-1,COL2
399389,983993,5,5,7,True,584604,9,11,15,False,-1,COL2
399527,725993,8,8,1,True,326466,9,1,16,False,-1,COL2
399719,917993,2,2,4,True,518274,9,8,23,False,-1,COL2
399757,757993,4,4,7,True,358236,9,9,11,False,1,COL1
399787,787993,7,7,4,True,388206,9,2,4,False,1,COL1
399887,788993,8,8,1,True,389106,9,28,5,False,-1,COL2
700027,720007,7,7,4,True,19980,9,24,24,True,1,COL1
700067,760007,2,2,4,True,59940,9,27,27,True,-1,COL2
700109,901007,8,8,1,True,200898,9,32,20,False,-1,COL2
700129,921007,1,1,1,True,220878,9,15,3,False,1,COL1
700387,783007,7,7,4,True,82620,9,14,13,False,1,COL1
700459,954007,7,7,4,True,253548,9,12,36,False,1,COL1
700577,775007,8,8,1,True,74430,9,19,5,False,-1,COL2
700597,795007,1,1,1,True,94410,9,2,25,False,1,COL1
700627,726007,4,4,7,True,25380,9,32,30,False,1,COL1
700639,936007,7,7,4,True,235368,9,7,18,False,1,COL1
700849,948007,1,1,1,True,247158,9,32,30,False,1,COL1
701089,980107,7,7,4,True,279018,9,13,14,False,1,COL1
701159,951107,5,5,7,True,249948,9,9,22,False,-1,COL2
701257,752107,4,4,7,True,50850,9,33,8,False,1,COL1
701329,923107,4,4,7,True,221778,9,31,31,True,1,COL1
701399,993107,2,2,4,True,291708,9,27,27,True,-1,COL2
701417,714107,2,2,4,True,12690,9,8,7,False,-1,COL2
701479,974107,1,1,1,True,272628,9,33,8,False,1,COL1
701609,906107,5,5,7,True,204498,9,15,14,False,-1,COL2
701627,726107,5,5,7,True,24480,9,33,19,False,-1,COL2
701837,738107,8,8,1,True,36270,9,21,31,False,-1,COL2
702017,710207,8,8,1,True,8190,9,16,29,False,-1,COL2
702077,770207,5,5,7,True,68130,9,2,15,False,-1,COL2
702127,721207,1,1,1,True,19080,9,15,3,False,1,COL1
702179,971207,8,8,1,True,269028,9,30,31,False,-1,COL2
702239,932207,5,5,7,True,229968,9,16,29,False,-1,COL2
702257,752207,5,5,7,True,49950,9,34,34,True,-1,COL2
702469,964207,1,1,1,True,261738,9,24,24,True,1,COL1
702497,794207,2,2,4,True,91710,9,15,2,False,-1,COL2
702587,785207,2,2,4,True,82620,9,31,30,False,-1,COL2
702607,706207,4,4,7,True,3600,9,14,25,False,1,COL1
702787,787207,4,4,7,True,84420,9,9,32,False,1,COL1
702827,728207,8,8,1,True,25380,9,12,10,False,-1,COL2
702847,748207,1,1,1,True,45360,9,32,30,False,1,COL1
703117,711307,1,1,1,True,8190,9,6,19,False,1,COL1
703127,721307,2,2,4,True,18180,9,16,29,False,-1,COL2
703349,943307,8,8,1,True,239958,9,16,29,False,-1,COL2
703357,753307,7,7,4,True,49950,9,24,24,True,1,COL1
703459,954307,1,1,1,True,250848,9,15,3,False,1,COL1
703489,984307,4,4,7,True,280818,9,8,33,False,1,COL1
703499,994307,5,5,7,True,290808,9,18,6,False,-1,COL2
703537,735307,7,7,4,True,31770,9,19,6,False,1,COL1
703559,955307,2,2,4,True,251748,9,4,4,True,-1,COL2
703679,976307,5,5,7,True,272628,9,13,25,False,-1,COL2
703907,709307,8,8,1,True,5400,9,19,17,False,-1,COL2
703949,949307,5,5,7,True,245358,9,24,35,False,-1,COL2
704027,720407,2,2,4,True,16380,9,28,17,False,-1,COL2
704029,920407,4,4,7,True,216378,9,30,32,False,1,COL1
704279,972407,2,2,4,True,268128,9,21,10,False,-1,COL2
704309,903407,5,5,7,True,199098,9,14,15,False,-1,COL2
704399,993407,5,5,7,True,289008,9,30,31,False,-1,COL2
704447,744407,8,8,1,True,39960,9,4,4,True,-1,COL2
704569,965407,4,4,7,True,260838,9,15,3,False,1,COL1
704687,786407,5,5,7,True,81720,9,22,9,False,-1,COL2
704719,917407,1,1,1,True,212688,9,17,29,False,1,COL1
704747,747407,2,2,4,True,42660,9,8,7,False,-1,COL2
704779,977407,7,7,4,True,272628,9,3,15,False,1,COL1
704849,948407,5,5,7,True,243558,9,36,23,False,-1,COL2
705119,911507,5,5,7,True,206388,9,10,12,False,-1,COL2
705169,961507,1,1,1,True,256338,9,23,25,False,1,COL1
705209,902507,5,5,7,True,197298,9,26,3,False,-1,COL2
705247,742507,7,7,4,True,37260,9,27,28,False,1,COL1
705259,952507,1,1,1,True,247248,9,2,16,False,1,COL1
705689,986507,8,8,1,True,280818,9,25,13,False,-1,COL2
705737,737507,2,2,4,True,31770,9,36,23,False,-1,COL2
705769,967507,7,7,4,True,261738,9,31,31,True,1,COL1
705779,977507,8,8,1,True,271728,9,4,4,True,-1,COL2
705937,739507,4,4,7,True,33570,9,14,25,False,1,COL1
705989,989507,2,2,4,True,283518,9,29,16,False,-1,COL2
706009,900607,4,4,7,True,194598,9,12,27,False,1,COL1
706049,940607,8,8,1,True,234558,9,15,30,False,-1,COL2
706067,760607,8,8,1,True,54540,9,33,35,False,-1,COL2
706309,903607,7,7,4,True,197298,9,16,30,False,1,COL1
706369,963607,4,4,7,True,257238,9,2,16,False,1,COL1
706679,976607,8,8,1,True,269928,9,16,29,False,-1,COL2
706757,757607,5,5,7,True,50850,9,20,32,False,-1,COL2
706829,928607,5,5,7,True,221778,9,18,18,True,-1,COL2
706907,709607,2,2,4,True,2700,9,22,21,False,-1,COL2
707029,920707,7,7,4,True,213678,9,33,36,False,1,COL1
707099,990707,5,5,7,True,283608,9,29,32,False,-1,COL2
707117,711707,5,5,7,True,4590,9,10,12,False,-1,COL2
707299,992707,7,7,4,True,285408,9,7,34,False,1,COL1
707359,953707,4,4,7,True,246348,9,30,32,False,1,COL1
707437,734707,1,1,1,True,27270,9,34,35,False,1,COL1
707627,726707,2,2,4,True,19080,9,2,27,False,-1,COL2
707689,986707,1,1,1,True,279018,9,27,28,False,1,COL1
707767,767707,7,7,4,True,59940,9,31,31,True,1,COL1
707849,948707,8,8,1,True,240858,9,2,27,False,-1,COL2
707857,758707,7,7,4,True,50850,9,10,22,False,1,COL1
707939,939707,8,8,1,True,231768,9,18,18,True,-1,COL2
708137,731807,8,8,1,True,23670,9,31,21,False,-1,COL2
708229,922807,1,1,1,True,214578,9,12,27,False,1,COL1
708269,962807,5,5,7,True,254538,9,15,30,False,-1,COL2
708437,734807,2,2,4,True,26370,9,35,24,False,-1,COL2
708527,725807,2,2,4,True,17280,9,14,15,False,-1,COL2
708559,955807,7,7,4,True,247248,9,9,23,False,1,COL1
708647,746807,5,5,7,True,38160,9,23,36,False,-1,COL2
708667,766807,7,7,4,True,58140,9,6,19,False,1,COL1
708839,938807,8,8,1,True,229968,9,30,6,False,-1,COL2
708859,958807,1,1,1,True,249948,9,13,26,False,1,COL1
708979,979807,4,4,7,True,270828,9,22,10,False,1,COL1
708997,799807,4,4,7,True,90810,9,3,15,False,1,COL1
709139,931907,2,2,4,True,222768,9,34,25,False,-1,COL2
709409,904907,2,2,4,True,195498,9,8,35,False,-1,COL2
709417,714907,1,1,1,True,5490,9,16,30,False,1,COL1
709879,978907,4,4,7,True,269028,9,34,35,False,1,COL1
709909,909907,7,7,4,True,199998,9,27,3,False,1,COL1
709927,729907,7,7,4,True,19980,9,8,8,True,1,COL1
710189,981017,8,8,1,True,270828,9,11,36,False,-1,COL2
710449,944017,7,7,4,True,233568,9,12,36,False,1,COL1
710519,915017,5,5,7,True,204498,9,8,7,False,-1,COL2
710839,938017,1,1,1,True,227178,9,32,30,False,1,COL1
710987,789017,5,5,7,True,78030,9,32,29,False,-1,COL2
711089,980117,8,8,1,True,269028,9,23,24,False,-1,COL2
711187,781117,7,7,4,True,69930,9,10,10,True,1,COL1
711259,952117,7,7,4,True,240858,9,8,33,False,1,COL1
711317,713117,2,2,4,True,1800,9,29,16,False,-1,COL2
711409,904117,4,4,7,True,192708,9,10,22,False,1,COL1
711427,724117,4,4,7,True,12690,9,28,27,False,1,COL1
711617,716117,5,5,7,True,4500,9,33,19,False,-1,COL2
711679,976117,4,4,7,True,264438,9,21,20,False,1,COL1
711839,938117,2,2,4,True,226278,9,33,19,False,-1,COL2
711899,998117,8,8,1,True,286218,9,19,5,False,-1,COL2
711937,739117,1,1,1,True,27180,9,20,5,False,1,COL1
711967,769117,4,4,7,True,57150,9,13,35,False,1,COL1
712157,751217,5,5,7,True,39060,9,18,6,False,-1,COL2
712199,991217,2,2,4,True,279018,9,23,24,False,-1,COL2
712219,912217,4,4,7,True,199998,9,6,19,False,1,COL1
712237,732217,4,4,7,True,19980,9,24,24,True,1,COL1
712289,982217,2,2,4,True,269928,9,2,15,False,-1,COL2
712319,913217,5,5,7,True,200898,9,32,20,False,-1,COL2
712339,933217,7,7,4,True,220878,9,15,3,False,1,COL1
712409,904217,5,5,7,True,191808,9,11,11,True,-1,COL2
712477,774217,1,1,1,True,61740,9,5,29,False,1,COL1
712697,796217,5,5,7,True,83520,9,3,14,False,-1,COL2
712837,738217,1,1,1,True,25380,9,32,30,False,1,COL1
712847,748217,2,2,4,True,35370,9,5,3,False,-1,COL2
712889,988217,8,8,1,True,275328,9,10,21,False,-1,COL2
712909,909217,1,1,1,True,196308,9,30,16,False,1,COL1
712927,729217,1,1,1,True,16290,9,11,21,False,1,COL1
713227,722317,4,4,7,True,9090,9,15,3,False,1,COL1
713239,932317,7,7,4,True,219078,9,27,28,False,1,COL1
713389,983317,4,4,7,True,269928,9,29,5,False,1,COL1
713467,764317,1,1,1,True,50850,9,33,8,False,1,COL1
713477,774317,2,2,4,True,60840,9,6,18,False,-1,COL2
713569,965317,4,4,7,True,251748,9,24,24,True,1,COL1
713827,728317,1,1,1,True,14490,9,23,9,False,1,COL1
713939,939317,5,5,7,True,225378,9,24,35,False,-1,COL2
714139,931417,7,7,4,True,217278,9,2,16,False,1,COL1
714227,722417,5,5,7,True,8190,9,16,29,False,-1,COL2
714377,773417,2,2,4,True,59040,9,18,6,False,-1,COL2
714479,974417,5,5,7,True,259938,9,9,22,False,-1,COL2
714517,715417,7,7,4,True,900,9,10,22,False,1,COL1
714577,775417,4,4,7,True,60840,9,33,8,False,1,COL1
714619,916417,1,1,1,True,201798,9,1,1,True,1,COL1
714797,797417,8,8,1,True,82620,9,31,30,False,-1,COL2
714809,908417,2,2,4,True,193608,9,6,30,False,-1,COL2
714827,728417,2,2,4,True,13590,9,24,35,False,-1,COL2
714919,919417,4,4,7,True,204498,9,5,4,False,1,COL1
715109,901517,5,5,7,True,186408,9,10,12,False,-1,COL2
715189,981517,4,4,7,True,266328,9,16,18,False,1,COL1
715229,922517,8,8,1,True,207288,9,19,33,False,-1,COL2
715397,793517,5,5,7,True,78120,9,2,15,False,-1,COL2
715439,934517,2,2,4,True,219078,9,7,8,False,-1,COL2
715577,775517,5,5,7,True,59940,9,34,34,True,-1,COL2
715849,948517,7,7,4,True,232668,9,10,22,False,1,COL1
716389,983617,7,7,4,True,267228,9,32,9,False,1,COL1
716399,993617,8,8,1,True,277218,9,5,19,False,-1,COL2
716629,926617,4,4,7,True,209988,9,13,26,False,1,COL1
716659,956617,7,7,4,True,239958,9,6,19,False,1,COL1
716809,908617,4,4,7,True,191808,9,8,8,True,1,COL1
716857,758617,7,7,4,True,41760,9,19,6,False,1,COL1
716899,998617,4,4,7,True,281718,9,24,24,True,1,COL1
716959,959617,1,1,1,True,242658,9,10,22,False,1,COL1
717047,740717,8,8,1,True,23670,9,24,14,False,-1,COL2
717089,980717,5,5,7,True,263628,9,29,32,False,-1,COL2
717109,901717,7,7,4,True,184608,9,12,27,False,1,COL1
717229,922717,1,1,1,True,205488,9,21,11,False,1,COL1
717397,793717,7,7,4,True,76320,9,4,30,False,1,COL1
717449,944717,5,5,7,True,227268,9,19,33,False,-1,COL2
717539,935717,5,5,7,True,218178,9,35,24,False,-1,COL2
717817,718717,4,4,7,True,900,9,17,29,False,1,COL1
717917,719717,5,5,7,True,1800,9,6,30,False,-1,COL2
717979,979717,4,4,7,True,261738,9,31,31,True,1,COL1
718049,940817,2,2,4,True,222768,9,27,18,False,-1,COL2
718087,780817,4,4,7,True,62730,9,28,6,False,1,COL1
718169,961817,5,5,7,True,243648,9,36,2,False,-1,COL2
718187,781817,5,5,7,True,63630,9,17,7,False,-1,COL2
718547,745817,5,5,7,True,27270,9,7,8,False,-1,COL2
718847,748817,8,8,1,True,29970,9,11,11,True,-1,COL2
718919,919817,8,8,1,True,200898,9,9,34,False,-1,COL2
719009,900917,8,8,1,True,181908,9,25,4,False,-1,COL2
719057,750917,2,2,4,True,31860,9,36,2,False,-1,COL2
719119,911917,1,1,1,True,192798,9,24,15,False,1,COL1
719177,771917,5,5,7,True,52740,9,8,23,False,-1,COL2
719179,971917,7,7,4,True,252738,9,10,1,False,1,COL1
719239,932917,4,4,7,True,213678,9,33,36,False,1,COL1
719267,762917,5,5,7,True,43650,9,24,14,False,-1,COL2
719447,744917,5,5,7,True,25470,9,19,33,False,-1,COL2
719597,795917,2,2,4,True,76320,9,21,10,False,-1,COL2
719639,936917,8,8,1,True,217278,9,26,3,False,-1,COL2
719749,947917,1,1,1,True,228168,9,25,14,False,1,COL1
719989,989917,7,7,4,True,269928,9,6,19,False,1,COL1
720089,980027,8,8,1,True,259938,9,32,8,False,-1,COL2
720179,971027,8,8,1,True,250848,9,11,36,False,-1,COL2
720229,922027,4,4,7,True,201798,9,24,24,True,1,COL1
720319,913027,4,4,7,True,192708,9,3,15,False,1,COL1
720367,763027,7,7,4,True,42660,9,14,13,False,1,COL1
720547,745027,7,7,4,True,24480,9,9,32,False,1,COL1
720869,968027,5,5,7,True,247158,9,35,33,False,-1,COL2
720877,778027,4,4,7,True,57150,9,6,28,False,1,COL1
720887,788027,5,5,7,True,67140,9,16,1,False,-1,COL2
720899,998027,8,8,1,True,277128,9,28,26,False,-1,COL2
720947,749027,2,2,4,True,28080,9,2,36,False,-1,COL2
721087,780127,7,7,4,True,59040,9,31,19,False,1,COL1
721139,931127,5,5,7,True,209988,9,9,22,False,-1,COL2
721199,991127,2,2,4,True,269928,9,32,8,False,-1,COL2
721337,733127,5,5,7,True,11790,9,22,9,False,-1,COL2
721439,934127,8,8,1,True,212688,9,13,25,False,-1,COL2
721597,795127,4,4,7,True,73530,9,23,34,False,1,COL1
721619,916127,8,8,1,True,194508,9,8,7,False,-1,COL2
721687,786127,4,4,7,True,64440,9,2,25,False,1,COL1
721739,937127,2,2,4,True,215388,9,17,28,False,-1,COL2
722047,740227,4,4,7,True,18180,9,29,5,False,1,COL1
722077,770227,7,7,4,True,48150,9,22,35,False,1,COL1
722119,911227,4,4,7,True,189108,9,27,28,False,1,COL1
722147,741227,5,5,7,True,19080,9,18,6,False,-1,COL2
722167,761227,7,7,4,True,39060,9,1,26,False,1,COL1
722369,963227,2,2,4,True,240858,9,18,6,False,-1,COL2
722509,905227,7,7,4,True,182718,9,10,22,False,1,COL1
722599,995227,7,7,4,True,272628,9,26,1,False,1,COL1
722639,936227,2,2,4,True,213588,9,29,16,False,-1,COL2
722669,966227,5,5,7,True,243558,9,22,9,False,-1,COL2
723049,940327,7,7,4,True,217278,9,32,9,False,1,COL1
723089,980327,2,2,4,True,257238,9,35,12,False,-1,COL2
723119,911327,5,5,7,True,188208,9,28,17,False,-1,COL2
723157,751327,7,7,4,True,28170,9,29,5,False,1,COL1
723319,913327,7,7,4,True,190008,9,6,19,False,1,COL1
723467,764327,2,2,4,True,40860,9,6,18,False,-1,COL2
723727,727327,1,1,1,True,3600,9,7,18,False,1,COL1
723799,997327,1,1,1,True,273528,9,5,29,False,1,COL1
723859,958327,7,7,4,True,234468,9,28,27,False,1,COL1
723977,779327,8,8,1,True,55350,9,35,33,False,-1,COL2
724187,781427,2,2,4,True,57240,9,23,24,False,-1,COL2
724597,795427,7,7,4,True,70830,9,26,1,False,1,COL1
724609,906427,1,1,1,True,181818,9,1,1,True,1,COL1
724747,747427,4,4,7,True,22680,9,28,27,False,1,COL1
724769,967427,8,8,1,True,242658,9,13,25,False,-1,COL2
724879,978427,1,1,1,True,253548,9,12,36,False,1,COL1
724949,949427,8,8,1,True,224478,9,8,7,False,-1,COL2
725077,770527,1,1,1,True,45450,9,25,2,False,1,COL1
725119,911527,7,7,4,True,186408,9,30,32,False,1,COL1
725189,981527,5,5,7,True,256338,9,26,28,False,-1,COL2
725357,753527,2,2,4,True,28170,9,9,22,False,-1,COL2
725399,993527,8,8,1,True,268128,9,14,3,False,-1,COL2
725449,944527,4,4,7,True,219078,9,27,28,False,1,COL1
725519,915527,2,2,4,True,190008,9,23,36,False,-1,COL2
725587,785527,7,7,4,True,59940,9,17,17,True,1,COL1
725597,795527,8,8,1,True,69930,9,27,27,True,-1,COL2
725639,936527,5,5,7,True,210888,9,32,20,False,-1,COL2
725827,728527,4,4,7,True,2700,9,35,34,False,1,COL1
725897,798527,2,2,4,True,72630,9,31,30,False,-1,COL2
725929,929527,7,7,4,True,203598,9,26,13,False,1,COL1
726157,751627,1,1,1,True,25470,9,32,9,False,1,COL1
726169,961627,4,4,7,True,235458,9,7,34,False,1,COL1
726367,763627,4,4,7,True,37260,9,20,21,False,1,COL1
726457,754627,4,4,7,True,28170,9,36,12,False,1,COL1
726487,784627,7,7,4,True,58140,9,29,5,False,1,COL1
726797,797627,2,2,4,True,70830,9,6,18,False,-1,COL2
726809,908627,5,5,7,True,181818,9,18,18,True,-1,COL2
727049,940727,2,2,4,True,213678,9,36,2,False,-1,COL2
727157,751727,2,2,4,True,24570,9,33,35,False,-1,COL2
727249,942727,4,4,7,True,215478,9,14,4,False,1,COL1
727409,904727,2,2,4,True,177318,9,26,3,False,-1,COL2
727459,954727,7,7,4,True,227268,9,2,16,False,1,COL1
727487,784727,8,8,1,True,57240,9,30,31,False,-1,COL2
727729,927727,7,7,4,True,199998,9,13,26,False,1,COL1
727799,997727,5,5,7,True,269928,9,9,22,False,-1,COL2
727877,778727,2,2,4,True,50850,9,13,25,False,-1,COL2
727879,978727,4,4,7,True,250848,9,15,3,False,1,COL1
727997,799727,5,5,7,True,71730,9,22,9,False,-1,COL2
728209,902827,1,1,1,True,174618,9,12,27,False,1,COL1
728579,975827,2,2,4,True,247248,9,12,26,False,-1,COL2
728639,936827,8,8,1,True,208188,9,35,24,False,-1,COL2
728747,747827,8,8,1,True,19080,9,32,20,False,-1,COL2
728837,738827,8,8,1,True,9990,9,11,11,True,-1,COL2
728839,938827,1,1,1,True,209988,9,13,26,False,1,COL1
728869,968827,4,4,7,True,239958,9,6,19,False,1,COL1
729059,950927,5,5,7,True,221868,9,11,27,False,-1,COL2
729199,991927,1,1,1,True,262728,9,3,31,False,1,COL1
729367,763927,7,7,4,True,34560,9,23,25,False,1,COL1
729569,965927,2,2,4,True,236358,9,3,5,False,-1,COL2
729637,736927,7,7,4,True,7290,9,34,35,False,1,COL1
729689,986927,5,5,7,True,257238,9,12,26,False,-1,COL2
729719,917927,8,8,1,True,188208,9,5,31,False,-1,COL2
729737,737927,8,8,1,True,8190,9,23,36,False,-1,COL2
729749,947927,2,2,4,True,218178,9,35,24,False,-1,COL2
729779,977927,5,5,7,True,248148,9,28,17,False,-1,COL2
729877,778927,4,4,7,True,49050,9,15,3,False,1,COL1
729919,919927,1,1,1,True,190008,9,20,33,False,1,COL1
729947,749927,2,2,4,True,19980,9,11,11,True,-1,COL2
729977,779927,5,5,7,True,49950,9,4,4,True,-1,COL2
730199,991037,2,2,4,True,260838,9,4,29,False,-1,COL2
730297,792037,1,1,1,True,61740,9,28,15,False,1,COL1
730399,993037,4,4,7,True,262638,9,19,31,False,1,COL1
730559,955037,2,2,4,True,224478,9,31,30,False,-1,COL2
730637,736037,8,8,1,True,5400,9,35,33,False,-1,COL2
730747,747037,1,1,1,True,16290,9,34,7,False,1,COL1
730799,997037,8,8,1,True,266238,9,12,35,False,-1,COL2
730879,978037,7,7,4,True,247158,9,18,16,False,1,COL1
730909,909037,1,1,1,True,178128,9,11,21,False,1,COL1
730969,969037,7,7,4,True,238068,9,34,7,False,1,COL1
731057,750137,5,5,7,True,19080,9,11,36,False,-1,COL2
731189,981137,2,2,4,True,249948,9,32,8,False,-1,COL2
731209,902137,4,4,7,True,170928,9,15,3,False,1,COL1
731257,752137,7,7,4,True,20880,9,26,1,False,1,COL1
731287,782137,1,1,1,True,50850,9,19,31,False,1,COL1
731447,744137,8,8,1,True,12690,9,31,30,False,-1,COL2
731509,905137,7,7,4,True,173628,9,19,6,False,1,COL1
731567,765137,2,2,4,True,33570,9,3,14,False,-1,COL2
731729,927137,2,2,4,True,195408,9,17,28,False,-1,COL2
731869,968137,7,7,4,True,236268,9,9,32,False,1,COL1
732079,970237,1,1,1,True,238158,9,34,23,False,1,COL1
732157,751237,7,7,4,True,19080,9,1,26,False,1,COL1
732229,922237,7,7,4,True,190008,9,36,12,False,1,COL1
732709,907237,1,1,1,True,174528,9,35,34,False,1,COL1
732877,778237,7,7,4,True,45360,9,18,16,False,1,COL1
732889,988237,1,1,1,True,255348,9,30,4,False,1,COL1
732959,959237,8,8,1,True,226278,9,26,12,False,-1,COL2
733147,741337,7,7,4,True,8190,9,29,5,False,1,COL1
733289,982337,5,5,7,True,249048,9,23,24,False,-1,COL2
733387,783337,4,4,7,True,49950,9,10,10,True,1,COL1
733477,774337,4,4,7,True,40860,9,26,1,False,1,COL1
733489,984337,7,7,4,True,250848,9,1,26,False,1,COL1
733559,955337,5,5,7,True,221778,9,34,34,True,-1,COL2
733619,916337,2,2,4,True,182718,9,20,32,False,-1,COL2
733687,786337,7,7,4,True,52650,9,14,13,False,1,COL1
733697,796337,8,8,1,True,62640,9,24,23,False,-1,COL2
733829,928337,5,5,7,True,194508,9,8,7,False,-1,COL2
733847,748337,5,5,7,True,14490,9,26,12,False,-1,COL2
733879,978337,1,1,1,True,244458,9,21,20,False,1,COL1
733919,919337,5,5,7,True,185418,9,24,35,False,-1,COL2
733937,739337,5,5,7,True,5400,9,5,3,False,-1,COL2
734057,750437,8,8,1,True,16380,9,14,3,False,-1,COL2
734159,951437,2,2,4,True,217278,9,5,19,False,-1,COL2
734177,771437,2,2,4,True,37260,9,23,24,False,-1,COL2
734189,981437,5,5,7,True,247248,9,35,12,False,-1,COL2
734329,923437,1,1,1,True,189108,9,27,28,False,1,COL1
734429,924437,2,2,4,True,190008,9,16,29,False,-1,COL2
734479,974437,7,7,4,True,239958,9,29,5,False,1,COL1
734557,755437,4,4,7,True,20880,9,33,8,False,1,COL1
734567,765437,5,5,7,True,30870,9,6,18,False,-1,COL2
734869,968437,1,1,1,True,233568,9,12,36,False,1,COL1
735067,760537,1,1,1,True,25470,9,25,2,False,1,COL1
735139,931537,1,1,1,True,196398,9,23,25,False,1,COL1
735239,932537,2,2,4,True,197298,9,12,26,False,-1,COL2
735247,742537,1,1,1,True,7290,9,20,21,False,1,COL1
735439,934537,4,4,7,True,199098,9,27,28,False,1,COL1
735479,974537,8,8,1,True,239058,9,30,31,False,-1,COL2
735739,937537,7,7,4,True,201798,9,31,31,True,1,COL1
735877,778537,1,1,1,True,42660,9,21,20,False,1,COL1
736039,930637,1,1,1,True,194598,9,35,13,False,1,COL1
736097,790637,5,5,7,True,54540,9,19,21,False,-1,COL2
736159,951637,4,4,7,True,215478,9,7,34,False,1,COL1
736249,942637,4,4,7,True,206388,9,23,25,False,1,COL1
736279,972637,7,7,4,True,236358,9,16,18,False,1,COL1
736409,904637,2,2,4,True,168228,9,35,24,False,-1,COL2
736447,744637,4,4,7,True,8190,9,36,12,False,1,COL1
736469,964637,8,8,1,True,228168,9,21,10,False,-1,COL2
736679,976637,2,2,4,True,239958,9,9,22,False,-1,COL2
736699,996637,4,4,7,True,259938,9,29,5,False,1,COL1
736847,748637,8,8,1,True,11790,9,29,16,False,-1,COL2
736937,739637,8,8,1,True,2700,9,8,7,False,-1,COL2
737039,930737,2,2,4,True,193698,9,36,2,False,-1,COL2
737047,740737,1,1,1,True,3690,9,7,34,False,1,COL1
737059,950737,4,4,7,True,213678,9,19,22,False,1,COL1
737119,911737,1,1,1,True,174618,9,5,20,False,1,COL1
737129,921737,2,2,4,True,184608,9,15,30,False,-1,COL2
737479,974737,1,1,1,True,237258,9,32,9,False,1,COL1
737719,917737,7,7,4,True,180018,9,13,26,False,1,COL1
737747,747737,8,8,1,True,9990,9,4,4,True,-1,COL2
737819,918737,8,8,1,True,180918,9,2,27,False,-1,COL2
737897,798737,5,5,7,True,60840,9,6,18,False,-1,COL2
737929,929737,1,1,1,True,191808,9,1,1,True,1,COL1
738349,943837,7,7,4,True,205488,9,14,4,False,1,COL1
738379,973837,1,1,1,True,235458,9,7,34,False,1,COL1
738487,784837,1,1,1,True,46350,9,4,30,False,1,COL1
738499,994837,4,4,7,True,256338,9,16,18,False,1,COL1
738547,745837,7,7,4,True,7290,9,27,28,False,1,COL1
738677,776837,2,2,4,True,38160,9,9,22,False,-1,COL2
738889,988837,7,7,4,True,249948,9,36,12,False,1,COL1
738977,779837,5,5,7,True,40860,9,13,25,False,-1,COL2
738989,989837,8,8,1,True,250848,9,25,13,False,-1,COL2
739069,960937,7,7,4,True,221868,9,31,10,False,1,COL1
739549,945937,1,1,1,True,206388,9,30,32,False,1,COL1
739759,957937,4,4,7,True,218178,9,18,7,False,1,COL1
740087,780047,8,8,1,True,39960,9,13,13,True,-1,COL2
740279,972047,2,2,4,True,231768,9,20,20,True,-1,COL2
740329,923047,7,7,4,True,182718,9,33,8,False,1,COL1
740477,774047,2,2,4,True,33570,9,33,7,False,-1,COL2
740687,786047,5,5,7,True,45360,9,21,19,False,-1,COL2
741079,970147,1,1,1,True,229068,9,6,7,False,1,COL1
741119,911147,5,5,7,True,170028,9,9,22,False,-1,COL2
741409,904147,7,7,4,True,162738,9,3,15,False,1,COL1
741479,974147,5,5,7,True,232668,9,36,11,False,-1,COL2
741509,905147,8,8,1,True,163638,9,29,16,False,-1,COL2
741569,965147,5,5,7,True,223578,9,15,2,False,-1,COL2
741599,995147,8,8,1,True,253548,9,8,32,False,-1,COL2
741679,976147,7,7,4,True,234468,9,14,13,False,1,COL1
741869,968147,8,8,1,True,226278,9,19,5,False,-1,COL2
741967,769147,7,7,4,True,27180,9,6,28,False,1,COL1
742229,922247,8,8,1,True,180018,9,9,22,False,-1,COL2
742499,994247,8,8,1,True,251748,9,20,20,True,-1,COL2
742519,915247,1,1,1,True,172728,9,3,15,False,1,COL1
742657,756247,4,4,7,True,13590,9,30,4,False,1,COL1
742697,796247,8,8,1,True,53550,9,33,7,False,-1,COL2
742757,757247,5,5,7,True,14490,9,19,5,False,-1,COL2
742759,957247,7,7,4,True,214488,9,21,20,False,1,COL1
742909,909247,4,4,7,True,166338,9,23,9,False,1,COL1
742967,769247,8,8,1,True,26280,9,7,17,False,-1,COL2
743059,950347,1,1,1,True,207288,9,25,2,False,1,COL1
743167,761347,1,1,1,True,18180,9,22,35,False,1,COL1
743209,902347,7,7,4,True,159138,9,27,28,False,1,COL1
743279,972347,5,5,7,True,229068,9,23,24,False,-1,COL2
743669,966347,8,8,1,True,222678,9,6,18,False,-1,COL2
743819,918347,5,5,7,True,174528,9,8,7,False,-1,COL2
743947,749347,7,7,4,True,5400,9,25,23,False,1,COL1
743989,989347,4,4,7,True,245358,9,30,4,False,1,COL1
744019,910447,7,7,4,True,166428,9,23,25,False,1,COL1
744077,770447,2,2,4,True,26370,9,7,33,False,-1,COL2
744199,991447,7,7,4,True,247248,9,18,32,False,1,COL1
744239,932447,2,2,4,True,188208,9,21,10,False,-1,COL2
744377,773447,5,5,7,True,29070,9,11,36,False,-1,COL2
744389,983447,8,8,1,True,239058,9,23,24,False,-1,COL2
744397,793447,7,7,4,True,49050,9,31,19,False,1,COL1
744539,935447,5,5,7,True,190908,9,25,13,False,-1,COL2
744599,995447,2,2,4,True,250848,9,11,36,False,-1,COL2
745357,753547,4,4,7,True,8190,9,29,5,False,1,COL1
745379,973547,8,8,1,True,228168,9,14,3,False,-1,COL2
745397,793547,8,8,1,True,48150,9,32,8,False,-1,COL2
745747,747547,7,7,4,True,1800,9,12,36,False,1,COL1
745859,958547,2,2,4,True,212688,9,13,25,False,-1,COL2
746069,960647,5,5,7,True,214578,9,1,16,False,-1,COL2
746129,921647,2,2,4,True,175518,9,24,14,False,-1,COL2
746267,762647,5,5,7,True,16380,9,14,3,False,-1,COL2
746509,905647,4,4,7,True,159138,9,34,35,False,1,COL1
746597,795647,2,2,4,True,49050,9,11,36,False,-1,COL2
746747,747647,8,8,1,True,900,9,13,25,False,-1,COL2
746749,947647,1,1,1,True,200898,9,15,3,False,1,COL1
746797,797647,4,4,7,True,50850,9,26,1,False,1,COL1
746869,968647,4,4,7,True,221778,9,24,24,True,1,COL1
746989,989647,7,7,4,True,242658,9,33,8,False,1,COL1
747139,931747,4,4,7,True,184608,9,35,13,False,1,COL1
747157,751747,4,4,7,True,4590,9,16,18,False,1,COL1
747599,995747,5,5,7,True,248148,9,14,3,False,-1,COL2
747839,938747,2,2,4,True,190908,9,32,20,False,-1,COL2
747977,779747,5,5,7,True,31770,9,22,9,False,-1,COL2
747979,979747,7,7,4,True,231768,9,24,24,True,1,COL1
748039,930847,4,4,7,True,182808,9,10,1,False,1,COL1
748169,961847,8,8,1,True,213678,9,29,32,False,-1,COL2
748249,942847,7,7,4,True,194598,9,35,13,False,1,COL1
748339,933847,7,7,4,True,185508,9,14,4,False,1,COL1
748567,765847,1,1,1,True,17280,9,20,21,False,1,COL1
748609,906847,7,7,4,True,158238,9,25,14,False,1,COL1
748729,927847,1,1,1,True,179118,9,34,35,False,1,COL1
748849,948847,4,4,7,True,199998,9,6,19,False,1,COL1
748877,778847,5,5,7,True,29970,9,34,34,True,-1,COL2
748987,789847,7,7,4,True,40860,9,33,8,False,1,COL1
749149,941947,7,7,4,True,192798,9,10,1,False,1,COL1
749299,992947,4,4,7,True,243648,9,12,15,False,1,COL1
749467,764947,1,1,1,True,15480,9,32,9,False,1,COL1
749587,785947,4,4,7,True,36360,9,4,30,False,1,COL1
749677,776947,4,4,7,True,27270,9,20,21,False,1,COL1
749899,998947,1,1,1,True,249048,9,20,21,False,1,COL1
750077,770057,8,8,1,True,19980,9,13,13,True,-1,COL2
750097,790057,1,1,1,True,39960,9,33,33,True,1,COL1
750157,751057,7,7,4,True,900,9,19,31,False,1,COL1
750229,922057,7,7,4,True,171828,9,17,17,True,1,COL1
750287,782057,2,2,4,True,31770,9,1,25,False,-1,COL2
750457,754057,1,1,1,True,3600,9,23,34,False,1,COL1
750787,787057,7,7,4,True,36270,9,20,30,False,1,COL1
750797,797057,8,8,1,True,46260,9,30,3,False,-1,COL2
750809,908057,2,2,4,True,157248,9,5,3,False,-1,COL2
750929,929057,5,5,7,True,178128,9,14,24,False,-1,COL2
751367,763157,2,2,4,True,11790,9,8,32,False,-1,COL2
751579,975157,7,7,4,True,223578,9,35,22,False,1,COL1
751669,966157,7,7,4,True,214488,9,14,13,False,1,COL1
751879,978157,1,1,1,True,226278,9,2,25,False,1,COL1
752197,791257,4,4,7,True,39060,9,24,12,False,1,COL1
752449,944257,4,4,7,True,191808,9,17,17,True,1,COL1
752459,954257,5,5,7,True,201798,9,27,27,True,-1,COL2
752699,996257,2,2,4,True,243558,9,8,32,False,-1,COL2
752819,918257,5,5,7,True,165438,9,17,28,False,-1,COL2
753187,781357,4,4,7,True,28170,9,15,28,False,1,COL1
753229,922357,1,1,1,True,169128,9,20,21,False,1,COL1
753409,904357,1,1,1,True,150948,9,15,3,False,1,COL1
753569,965357,8,8,1,True,211788,9,27,27,True,-1,COL2
753587,785357,8,8,1,True,31770,9,8,32,False,-1,COL2
753659,956357,8,8,1,True,202698,9,6,18,False,-1,COL2
753677,776357,8,8,1,True,22680,9,24,23,False,-1,COL2
753799,997357,4,4,7,True,243558,9,35,22,False,1,COL1
753859,958357,1,1,1,True,204498,9,21,20,False,1,COL1
754067,760457,2,2,4,True,6390,9,7,33,False,-1,COL2
754109,901457,8,8,1,True,147348,9,12,26,False,-1,COL2
754367,763457,5,5,7,True,9090,9,11,36,False,-1,COL2
754489,984457,1,1,1,True,229968,9,22,35,False,1,COL1
754549,945457,7,7,4,True,190908,9,8,33,False,1,COL1
754709,907457,5,5,7,True,152748,9,20,32,False,-1,COL2
754829,928457,8,8,1,True,173628,9,29,16,False,-1,COL2
754969,969457,4,4,7,True,214488,9,21,20,False,1,COL1
754979,979457,5,5,7,True,224478,9,31,30,False,-1,COL2
755077,770557,4,4,7,True,15480,9,18,32,False,1,COL1
755239,932557,4,4,7,True,177318,9,32,9,False,1,COL1
755267,762557,5,5,7,True,7290,9,23,24,False,-1,COL2
755387,783557,8,8,1,True,28170,9,32,8,False,-1,COL2
755399,993557,2,2,4,True,238158,9,7,33,False,-1,COL2
755719,917557,7,7,4,True,161838,9,31,31,True,1,COL1
755759,957557,2,2,4,True,201798,9,34,34,True,-1,COL2
755869,968557,4,4,7,True,212688,9,33,8,False,1,COL1
756139,931657,4,4,7,True,175518,9,7,34,False,1,COL1
756419,914657,5,5,7,True,158238,9,28,17,False,-1,COL2
756467,764657,8,8,1,True,8190,9,2,15,False,-1,COL2
756629,926657,8,8,1,True,170028,9,16,29,False,-1,COL2
756709,907657,7,7,4,True,150948,9,22,10,False,1,COL1
757429,924757,7,7,4,True,167328,9,2,16,False,1,COL1
757577,775757,2,2,4,True,18180,9,2,15,False,-1,COL2
757709,907757,8,8,1,True,150048,9,23,36,False,-1,COL2
758179,971857,1,1,1,True,213678,9,12,15,False,1,COL1
758299,992857,4,4,7,True,234558,9,21,36,False,1,COL1
758449,944857,1,1,1,True,186408,9,23,25,False,1,COL1
758579,975857,5,5,7,True,217278,9,5,19,False,-1,COL2
758699,996857,8,8,1,True,238158,9,14,3,False,-1,COL2
758767,767857,4,4,7,True,9090,9,8,33,False,1,COL1
758819,918857,2,2,4,True,160038,9,23,36,False,-1,COL2
758867,768857,5,5,7,True,9990,9,34,34,True,-1,COL2
758899,998857,1,1,1,True,239958,9,29,5,False,1,COL1
758987,789857,8,8,1,True,30870,9,6,18,False,-1,COL2
759019,910957,4,4,7,True,151938,9,1,17,False,1,COL1
759029,920957,5,5,7,True,161928,9,11,27,False,-1,COL2
759089,980957,2,2,4,True,221868,9,34,13,False,-1,COL2
759397,793957,4,4,7,True,34560,9,9,11,False,1,COL1
759559,955957,4,4,7,True,196398,9,23,25,False,1,COL1
759599,995957,8,8,1,True,236358,9,26,28,False,-1,COL2
759709,907957,1,1,1,True,148248,9,25,14,False,1,COL1
759797,797957,8,8,1,True,38160,9,2,15,False,-1,COL2
760169,961067,2,2,4,True,200898,9,4,29,False,-1,COL2
760229,922067,8,8,1,True,161838,9,27,27,True,-1,COL2
760289,982067,5,5,7,True,221778,9,13,13,True,-1,COL2
760297,792067,4,4,7,True,31770,9,21,8,False,1,COL1
760367,763067,2,2,4,True,2700,9,17,16,False,-1,COL2
760499,994067,8,8,1,True,233568,9,1,25,False,-1,COL2
760519,915067,1,1,1,True,154548,9,21,20,False,1,COL1
760897,798067,1,1,1,True,37170,9,29,14,False,1,COL1
761119,911167,7,7,4,True,150048,9,29,5,False,1,COL1
761249,942167,2,2,4,True,180918,9,11,36,False,-1,COL2
761459,954167,5,5,7,True,192708,9,36,11,False,-1,COL2
761489,984167,8,8,1,True,222678,9,29,4,False,-1,COL2
761777,777167,8,8,1,True,15390,9,21,19,False,-1,COL2
761779,977167,1,1,1,True,215388,9,23,34,False,1,COL1
761939,939167,8,8,1,True,177228,9,35,33,False,-1,COL2
762367,763267,4,4,7,True,900,9,19,31,False,1,COL1
762389,983267,8,8,1,True,220878,9,4,29,False,-1,COL2
762577,775267,7,7,4,True,12690,9,7,6,False,1,COL1
762919,919267,7,7,4,True,156348,9,16,2,False,1,COL1
762959,959267,2,2,4,True,196308,9,19,5,False,-1,COL2
763159,951367,4,4,7,True,188208,9,34,23,False,1,COL1
763349,943367,5,5,7,True,180018,9,2,15,False,-1,COL2
763369,963367,7,7,4,True,199998,9,22,35,False,1,COL1
763549,945367,7,7,4,True,181818,9,17,17,True,1,COL1
763579,975367,1,1,1,True,211788,9,10,10,True,1,COL1
763619,916367,5,5,7,True,152748,9,13,25,False,-1,COL2
763649,946367,8,8,1,True,182718,9,6,18,False,-1,COL2
763699,996367,4,4,7,True,232668,9,19,31,False,1,COL1
763859,958367,2,2,4,True,194508,9,31,30,False,-1,COL2
764149,941467,4,4,7,True,177318,9,25,2,False,1,COL1
764189,981467,8,8,1,True,217278,9,28,5,False,-1,COL2
764399,993467,2,2,4,True,229068,9,16,17,False,-1,COL2
764629,926467,7,7,4,True,161838,9,24,24,True,1,COL1
764887,788467,4,4,7,True,23580,9,23,34,False,1,COL1
764969,969467,5,5,7,True,204498,9,31,30,False,-1,COL2
764989,989467,7,7,4,True,224478,9,14,13,False,1,COL1
765097,790567,7,7,4,True,25470,9,11,25,False,1,COL1
765109,901567,1,1,1,True,136458,9,23,25,False,1,COL1
765169,961567,7,7,4,True,196398,9,9,11,False,1,COL1
765199,991567,1,1,1,True,226368,9,2,4,False,1,COL1
765329,923567,5,5,7,True,158238,9,21,10,False,-1,COL2
765439,934567,7,7,4,True,169128,9,20,21,False,1,COL1
765949,949567,4,4,7,True,183618,9,12,36,False,1,COL1
766039,930667,4,4,7,True,164628,9,28,6,False,1,COL1
766079,970667,8,8,1,True,204588,9,31,9,False,-1,COL2
766229,922667,5,5,7,True,156438,9,33,35,False,-1,COL2
766369,963667,1,1,1,True,197298,9,25,2,False,1,COL1
766477,774667,1,1,1,True,8190,9,22,35,False,1,COL1
766639,936667,1,1,1,True,170028,9,36,12,False,1,COL1
766739,937667,2,2,4,True,170928,9,25,13,False,-1,COL2
766769,967667,5,5,7,True,200898,9,18,6,False,-1,COL2
766877,778667,5,5,7,True,11790,9,15,2,False,-1,COL2
766999,999667,1,1,1,True,232668,9,26,1,False,1,COL1
767509,905767,7,7,4,True,138258,9,18,7,False,1,COL1
767549,945767,2,2,4,True,178218,9,21,10,False,-1,COL2
767867,768767,5,5,7,True,900,9,6,18,False,-1,COL2
767909,909767,2,2,4,True,141858,9,11,11,True,-1,COL2
768059,950867,8,8,1,True,182808,9,13,4,False,-1,COL2
768199,991867,4,4,7,True,223668,9,5,8,False,1,COL1
768377,773867,2,2,4,True,5490,9,35,12,False,-1,COL2
768409,904867,7,7,4,True,136458,9,30,32,False,1,COL1
768419,914867,8,8,1,True,146448,9,3,5,False,-1,COL2
768479,974867,5,5,7,True,206388,9,26,28,False,-1,COL2
768589,985867,7,7,4,True,217278,9,25,2,False,1,COL1
768629,926867,2,2,4,True,158238,9,28,17,False,-1,COL2
769159,951967,1,1,1,True,182808,9,3,31,False,1,COL1
769259,952967,2,2,4,True,183708,9,29,32,False,-1,COL2
769289,982967,5,5,7,True,213678,9,22,25,False,-1,COL2
769309,903967,7,7,4,True,134658,9,5,20,False,1,COL1
769339,933967,1,1,1,True,164628,9,35,13,False,1,COL1
769429,924967,1,1,1,True,155538,9,14,4,False,1,COL1
769469,964967,5,5,7,True,195498,9,17,7,False,-1,COL2
769579,975967,7,7,4,True,206388,9,16,18,False,1,COL1
769729,927967,4,4,7,True,158238,9,18,7,False,1,COL1
769987,789967,1,1,1,True,19980,9,17,17,True,1,COL1
770039,930077,8,8,1,True,160038,9,32,8,False,-1,COL2
770069,960077,2,2,4,True,190008,9,25,1,False,-1,COL2
770179,971077,4,4,7,True,200898,9,24,12,False,1,COL1
770359,953077,4,4,7,True,182718,9,19,31,False,1,COL1
770387,783077,5,5,7,True,12690,9,10,9,False,-1,COL2
770449,944077,4,4,7,True,173628,9,35,22,False,1,COL1
770597,795077,8,8,1,True,24480,9,35,21,False,-1,COL2
770929,929077,7,7,4,True,158148,9,34,7,False,1,COL1
771019,910177,7,7,4,True,139158,9,13,14,False,1,COL1
771109,901177,7,7,4,True,130068,9,29,5,False,1,COL1
771179,971177,5,5,7,True,199998,9,25,1,False,-1,COL2
771269,962177,5,5,7,True,190908,9,4,29,False,-1,COL2
771569,965177,8,8,1,True,193608,9,8,32,False,-1,COL2
771619,916177,4,4,7,True,144558,9,21,20,False,1,COL1
771679,976177,1,1,1,True,204498,9,7,6,False,1,COL1
771697,796177,1,1,1,True,24480,9,25,11,False,1,COL1
772019,910277,8,8,1,True,138258,9,14,3,False,-1,COL2
772097,790277,5,5,7,True,18180,9,18,31,False,-1,COL2
772159,951277,4,4,7,True,179118,9,6,7,False,1,COL1
772169,961277,5,5,7,True,189108,9,16,17,False,-1,COL2
772279,972277,7,7,4,True,199998,9,15,28,False,1,COL1
772297,792277,7,7,4,True,19980,9,33,33,True,1,COL1
772349,943277,5,5,7,True,170928,9,11,36,False,-1,COL2
772379,973277,8,8,1,True,200898,9,4,29,False,-1,COL2
772439,934277,5,5,7,True,161838,9,27,27,True,-1,COL2
772459,954277,7,7,4,True,181818,9,10,10,True,1,COL1
773029,920377,1,1,1,True,147348,9,25,2,False,1,COL1
773599,995377,4,4,7,True,221778,9,3,3,True,1,COL1
773609,906377,5,5,7,True,132768,9,13,25,False,-1,COL2
773659,956377,1,1,1,True,182718,9,26,1,False,1,COL1
773849,948377,2,2,4,True,174528,9,31,30,False,-1,COL2
773869,968377,4,4,7,True,194508,9,14,13,False,1,COL1
773939,939377,2,2,4,True,165438,9,10,21,False,-1,COL2
773987,789377,5,5,7,True,15390,9,21,19,False,-1,COL2
773989,989377,7,7,4,True,215388,9,23,34,False,1,COL1
773999,999377,8,8,1,True,225378,9,33,7,False,-1,COL2
774577,775477,1,1,1,True,900,9,19,31,False,1,COL1
774679,976477,4,4,7,True,201798,9,10,10,True,1,COL1
774959,959477,5,5,7,True,184518,9,31,30,False,-1,COL2
775189,981577,1,1,1,True,206388,9,2,4,False,1,COL1
775639,936577,1,1,1,True,160938,9,8,33,False,1,COL1
775739,937577,2,2,4,True,161838,9,34,34,True,-1,COL2
775889,988577,8,8,1,True,212688,9,36,11,False,-1,COL2
775987,789577,7,7,4,True,13590,9,23,34,False,1,COL1
776029,920677,4,4,7,True,144648,9,28,6,False,1,COL1
776449,944677,1,1,1,True,168228,9,4,30,False,1,COL1
776569,965677,4,4,7,True,189108,9,13,14,False,1,COL1
776599,995677,7,7,4,True,219078,9,6,7,False,1,COL1
776729,927677,2,2,4,True,150948,9,25,13,False,-1,COL2
776819,918677,2,2,4,True,141858,9,4,4,True,-1,COL2
776887,788677,7,7,4,True,11790,9,35,22,False,1,COL1
776969,969677,8,8,1,True,192708,9,6,18,False,-1,COL2
777169,961777,1,1,1,True,184608,9,21,36,False,1,COL1
777199,991777,4,4,7,True,214578,9,14,29,False,1,COL1
777209,902777,5,5,7,True,125568,9,24,14,False,-1,COL2
777349,943777,1,1,1,True,166428,9,16,18,False,1,COL1
777389,983777,5,5,7,True,206388,9,19,21,False,-1,COL2
777419,914777,8,8,1,True,137358,9,12,26,False,-1,COL2
777787,787777,7,7,4,True,9990,9,10,10,True,1,COL1
777859,958777,7,7,4,True,180918,9,8,33,False,1,COL1
777877,778777,7,7,4,True,900,9,26,1,False,1,COL1
777989,989777,2,2,4,True,211788,9,27,27,True,-1,COL2
778079,970877,2,2,4,True,192798,9,6,34,False,-1,COL2
778597,795877,7,7,4,True,17280,9,6,7,False,1,COL1
778697,796877,8,8,1,True,18180,9,32,8,False,-1,COL2
778759,957877,7,7,4,True,179118,9,20,21,False,1,COL1
778769,967877,8,8,1,True,189108,9,30,31,False,-1,COL2
778819,918877,4,4,7,True,140058,9,6,19,False,1,COL1
779039,930977,8,8,1,True,151938,9,4,20,False,-1,COL2
779069,960977,2,2,4,True,181908,9,34,13,False,-1,COL2
779329,923977,1,1,1,True,144648,9,35,13,False,1,COL1
779579,975977,8,8,1,True,196398,9,26,28,False,-1,COL2
779797,797977,1,1,1,True,18180,9,22,35,False,1,COL1
780049,940087,1,1,1,True,160038,9,15,28,False,1,COL1
780119,911087,8,8,1,True,130968,9,11,36,False,-1,COL2
780287,782087,5,5,7,True,1800,9,31,18,False,-1,COL2
780499,994087,1,1,1,True,213588,9,21,8,False,1,COL1
780887,788087,2,2,4,True,7200,9,2,24,False,-1,COL2
781199,991187,8,8,1,True,209988,9,18,31,False,-1,COL2
781369,963187,7,7,4,True,181818,9,3,3,True,1,COL1
781397,793187,8,8,1,True,11790,9,31,18,False,-1,COL2
781619,916187,5,5,7,True,134568,9,31,30,False,-1,COL2
782009,900287,8,8,1,True,118278,9,14,3,False,-1,COL2
782129,921287,2,2,4,True,139158,9,23,24,False,-1,COL2
782189,981287,8,8,1,True,199098,9,9,10,False,-1,COL2
782219,912287,2,2,4,True,130068,9,2,15,False,-1,COL2
782689,986287,4,4,7,True,203598,9,28,15,False,1,COL1
782849,948287,2,2,4,True,165438,9,3,14,False,-1,COL2
783197,791387,8,8,1,True,8190,9,18,31,False,-1,COL2
783329,923387,5,5,7,True,140058,9,2,15,False,-1,COL2
783379,973387,1,1,1,True,190008,9,15,28,False,1,COL1
783487,784387,1,1,1,True,900,9,12,24,False,1,COL1
783529,925387,7,7,4,True,141858,9,17,17,True,1,COL1
783599,995387,5,5,7,True,211788,9,13,13,True,-1,COL2
783619,916387,7,7,4,True,132768,9,33,8,False,1,COL1
784219,912487,4,4,7,True,128268,9,4,30,False,1,COL1
784229,922487,5,5,7,True,138258,9,14,3,False,-1,COL2
784379,973487,2,2,4,True,189108,9,16,17,False,-1,COL2
784649,946487,2,2,4,True,161838,9,27,27,True,-1,COL2
784697,796487,5,5,7,True,11790,9,1,25,False,-1,COL2
784859,958487,5,5,7,True,173628,9,15,2,False,-1,COL2
784897,798487,7,7,4,True,13590,9,16,27,False,1,COL1
784939,939487,4,4,7,True,154548,9,21,20,False,1,COL1
785269,962587,1,1,1,True,177318,9,18,32,False,1,COL1
785549,945587,2,2,4,True,160038,9,2,15,False,-1,COL2
786109,901687,4,4,7,True,115578,9,7,34,False,1,COL1
786319,913687,7,7,4,True,127368,9,32,9,False,1,COL1
786329,923687,8,8,1,True,137358,9,5,19,False,-1,COL2
786449,944687,2,2,4,True,158238,9,14,3,False,-1,COL2
786697,796687,7,7,4,True,9990,9,3,3,True,1,COL1
786719,917687,2,2,4,True,130968,9,25,13,False,-1,COL2
786859,958687,7,7,4,True,171828,9,17,17,True,1,COL1
786887,788687,8,8,1,True,1800,9,8,32,False,-1,COL2
786949,949687,7,7,4,True,162738,9,33,8,False,1,COL1
787079,970787,2,2,4,True,183708,9,15,18,False,-1,COL2
787469,964787,5,5,7,True,177318,9,35,12,False,-1,COL2
787769,967787,8,8,1,True,180018,9,2,15,False,-1,COL2
788089,980887,4,4,7,True,192798,9,26,17,False,1,COL1
788129,921887,8,8,1,True,133758,9,29,32,False,-1,COL2
788159,951887,2,2,4,True,163728,9,22,25,False,-1,COL2
788189,981887,5,5,7,True,193698,9,15,18,False,-1,COL2
788399,993887,8,8,1,True,205488,9,3,30,False,-1,COL2
788419,914887,1,1,1,True,126468,9,23,25,False,1,COL1
788449,944887,4,4,7,True,156438,9,16,18,False,1,COL1
788479,974887,7,7,4,True,186408,9,9,11,False,1,COL1
788497,794887,7,7,4,True,6390,9,27,16,False,1,COL1
788549,945887,5,5,7,True,157338,9,5,19,False,-1,COL2
788719,917887,4,4,7,True,129168,9,27,28,False,1,COL1
788849,948887,8,8,1,True,160038,9,9,22,False,-1,COL2
788897,798887,2,2,4,True,9990,9,20,20,True,-1,COL2
788959,959887,1,1,1,True,170928,9,8,33,False,1,COL1
789389,983987,8,8,1,True,194598,9,31,9,False,-1,COL2
789749,947987,8,8,1,True,158238,9,21,10,False,-1,COL2
789979,979987,4,4,7,True,190008,9,29,5,False,1,COL1
790169,961097,5,5,7,True,170928,9,34,22,False,-1,COL2
790289,982097,8,8,1,True,191808,9,6,6,True,-1,COL2
790369,963097,7,7,4,True,172728,9,12,24,False,1,COL1
790429,924097,4,4,7,True,133668,9,35,22,False,1,COL1
790459,954097,7,7,4,True,163638,9,28,15,False,1,COL1
790529,925097,5,5,7,True,134568,9,24,23,False,-1,COL2
790589,985097,2,2,4,True,194508,9,10,9,False,-1,COL2
790897,798097,4,4,7,True,7200,9,22,7,False,1,COL1
790969,969097,4,4,7,True,178128,9,20,30,False,1,COL1
791029,920197,1,1,1,True,129168,9,6,7,False,1,COL1
791309,903197,2,2,4,True,111888,9,27,27,True,-1,COL2
791519,915197,5,5,7,True,123678,9,15,2,False,-1,COL2
791569,965197,1,1,1,True,173628,9,28,15,False,1,COL1
791699,996197,5,5,7,True,204498,9,10,9,False,-1,COL2
791897,798197,5,5,7,True,6300,9,23,33,False,-1,COL2
791899,998197,7,7,4,True,206298,9,25,11,False,1,COL1
791929,929197,1,1,1,True,137268,9,18,16,False,1,COL1
792049,940297,4,4,7,True,148248,9,27,16,False,1,COL1
792359,953297,8,8,1,True,160938,9,4,29,False,-1,COL2
792397,793297,1,1,1,True,900,9,5,17,False,1,COL1
792709,907297,7,7,4,True,114588,9,21,20,False,1,COL1
792769,967297,4,4,7,True,174528,9,7,6,False,1,COL1
793099,990397,1,1,1,True,197298,9,4,18,False,1,COL1
793189,981397,1,1,1,True,188208,9,20,9,False,1,COL1
793379,973397,2,2,4,True,180018,9,25,1,False,-1,COL2
793399,993397,4,4,7,True,199998,9,8,21,False,1,COL1
793489,984397,4,4,7,True,190908,9,24,12,False,1,COL1
793769,967397,5,5,7,True,173628,9,8,32,False,-1,COL2
794239,932497,7,7,4,True,138258,9,34,23,False,1,COL1
794449,944497,1,1,1,True,150048,9,22,35,False,1,COL1
794509,905497,7,7,4,True,110988,9,8,33,False,1,COL1
794579,975497,5,5,7,True,180918,9,4,29,False,-1,COL2
795139,931597,7,7,4,True,136458,9,9,11,False,1,COL1
795239,932597,8,8,1,True,137358,9,35,12,False,-1,COL2
795589,985597,7,7,4,True,190008,9,15,28,False,1,COL1
795799,997597,1,1,1,True,201798,9,3,3,True,1,COL1
795829,928597,4,4,7,True,132768,9,33,8,False,1,COL1
796189,981697,4,4,7,True,185508,9,23,13,False,1,COL1
796409,904697,8,8,1,True,108288,9,21,10,False,-1,COL2
796459,954697,4,4,7,True,158238,9,34,23,False,1,COL1
797009,900797,5,5,7,True,103788,9,29,32,False,-1,COL2
797579,975797,8,8,1,True,178218,9,7,33,False,-1,COL2
798089,980897,5,5,7,True,182808,9,36,27,False,-1,COL2
798799,997897,4,4,7,True,199098,9,6,7,False,1,COL1
798929,929897,8,8,1,True,130968,9,25,13,False,-1,COL2
799259,952997,5,5,7,True,153738,9,22,25,False,-1,COL2
799529,925997,5,5,7,True,126468,9,33,35,False,-1,COL2
799789,987997,4,4,7,True,188208,9,34,23,False,1,COL1
799949,949997,2,2,4,True,150048,9,9,22,False,-1,COL2
900149,941009,5,5,7,True,40860,9,13,25,False,-1,COL2
900259,952009,7,7,4,True,51750,9,12,36,False,1,COL1
900349,943009,7,7,4,True,42660,9,28,27,False,1,COL1
900929,929009,2,2,4,True,28080,9,16,13,False,-1,COL2
900959,959009,5,5,7,True,58050,9,9,6,False,-1,COL2
901169,961109,8,8,1,True,59940,9,34,34,True,-1,COL2
901309,903109,4,4,7,True,1800,9,26,13,False,1,COL1
901429,924109,7,7,4,True,22680,9,35,34,False,1,COL1
901529,925109,8,8,1,True,23580,9,24,35,False,-1,COL2
901679,976109,5,5,7,True,74430,9,26,12,False,-1,COL2
901819,918109,1,1,1,True,16290,9,18,28,False,1,COL1
901919,919109,2,2,4,True,17190,9,7,29,False,-1,COL2
902029,920209,4,4,7,True,18180,9,6,19,False,1,COL1
902389,983209,4,4,7,True,80820,9,33,8,False,1,COL1
902669,966209,5,5,7,True,63540,9,17,28,False,-1,COL2
902719,917209,1,1,1,True,14490,9,30,16,False,1,COL1
902789,987209,8,8,1,True,84420,9,26,12,False,-1,COL2
903179,971309,2,2,4,True,68130,9,9,22,False,-1,COL2
903269,962309,2,2,4,True,59040,9,25,13,False,-1,COL2
903449,944309,2,2,4,True,40860,9,20,32,False,-1,COL2
904219,912409,7,7,4,True,8190,9,13,26,False,1,COL1
904459,954409,4,4,7,True,49950,9,31,31,True,1,COL1
904759,957409,7,7,4,True,52650,9,35,34,False,1,COL1
904919,919409,5,5,7,True,14490,9,10,33,False,-1,COL2
905249,942509,2,2,4,True,37260,9,7,8,False,-1,COL2
905269,962509,4,4,7,True,57240,9,27,28,False,1,COL1
905329,923509,1,1,1,True,18180,9,13,26,False,1,COL1
906029,920609,8,8,1,True,14580,9,10,12,False,-1,COL2
906779,977609,2,2,4,True,70830,9,20,32,False,-1,COL2
906929,929609,8,8,1,True,22680,9,22,21,False,-1,COL2
906949,949609,1,1,1,True,42660,9,5,4,False,1,COL1
907019,910709,8,8,1,True,3690,9,1,28,False,-1,COL2
907139,931709,2,2,4,True,24570,9,10,12,False,-1,COL2
907259,952709,5,5,7,True,45450,9,19,33,False,-1,COL2
907369,963709,7,7,4,True,56340,9,18,7,False,1,COL1
907589,985709,2,2,4,True,78120,9,16,29,False,-1,COL2
907759,957709,1,1,1,True,49950,9,1,1,True,1,COL1
908549,945809,8,8,1,True,37260,9,14,15,False,-1,COL2
908909,909809,8,8,1,True,900,9,4,16,False,-1,COL2
908959,959809,4,4,7,True,50850,9,17,29,False,1,COL1
909019,910909,1,1,1,True,1890,9,3,6,False,1,COL1
909089,980909,8,8,1,True,71820,9,36,2,False,-1,COL2
909289,982909,1,1,1,True,73620,9,14,4,False,1,COL1
909599,995909,5,5,7,True,86310,9,28,17,False,-1,COL2
909679,976909,4,4,7,True,67230,9,34,35,False,1,COL1
909889,988909,7,7,4,True,79020,9,22,10,False,1,COL1
909899,998909,8,8,1,True,89010,9,32,20,False,-1,COL2
910069,960019,7,7,4,True,49950,9,17,17,True,1,COL1
910369,963019,1,1,1,True,52650,9,21,20,False,1,COL1
910799,997019,8,8,1,True,86220,9,7,17,False,-1,COL2
910849,948019,4,4,7,True,37170,9,20,5,False,1,COL1
910939,939019,4,4,7,True,28080,9,36,33,False,1,COL1
911039,930119,5,5,7,True,19080,9,25,13,False,-1,COL2
911269,962119,1,1,1,True,50850,9,33,8,False,1,COL1
911749,947119,4,4,7,True,35370,9,32,30,False,1,COL1
912089,980219,2,2,4,True,68130,9,2,15,False,-1,COL2
912239,932219,8,8,1,True,19980,9,4,4,True,-1,COL2
912349,943219,1,1,1,True,30870,9,3,15,False,1,COL1
912469,964219,4,4,7,True,51750,9,12,36,False,1,COL1
912799,997219,1,1,1,True,84420,9,9,32,False,1,COL1
912839,938219,5,5,7,True,25380,9,12,10,False,-1,COL2
912959,959219,8,8,1,True,46260,9,21,31,False,-1,COL2
912979,979219,1,1,1,True,66240,9,4,14,False,1,COL1
913139,931319,8,8,1,True,18180,9,16,29,False,-1,COL2
913279,972319,4,4,7,True,59040,9,8,33,False,1,COL1
913639,936319,4,4,7,True,22680,9,35,34,False,1,COL1
913799,997319,2,2,4,True,83520,9,10,21,False,-1,COL2
913889,988319,2,2,4,True,74430,9,26,12,False,-1,COL2
914189,981419,5,5,7,True,67230,9,30,31,False,-1,COL2
914239,932419,1,1,1,True,18180,9,6,19,False,1,COL1
914369,963419,5,5,7,True,49050,9,25,13,False,-1,COL2
914429,924419,2,2,4,True,9990,9,11,11,True,-1,COL2
915029,920519,8,8,1,True,5490,9,19,33,False,-1,COL2
915589,985519,1,1,1,True,69930,9,24,24,True,1,COL1
915869,968519,2,2,4,True,52650,9,8,7,False,-1,COL2
915919,919519,7,7,4,True,3600,9,21,32,False,1,COL1
916049,940619,2,2,4,True,24570,9,3,5,False,-1,COL2
916169,961619,5,5,7,True,45450,9,12,26,False,-1,COL2
916259,952619,5,5,7,True,36360,9,28,17,False,-1,COL2
916879,978619,4,4,7,True,61740,9,19,6,False,1,COL1
917039,930719,2,2,4,True,13680,9,31,21,False,-1,COL2
917089,980719,7,7,4,True,63630,9,7,34,False,1,COL1
917459,954719,8,8,1,True,37260,9,7,8,False,-1,COL2
917689,986719,4,4,7,True,69030,9,15,3,False,1,COL1
918389,983819,2,2,4,True,65430,9,12,26,False,-1,COL2
918539,935819,8,8,1,True,17280,9,14,15,False,-1,COL2
918779,977819,5,5,7,True,59040,9,32,20,False,-1,COL2
918829,928819,1,1,1,True,9990,9,8,8,True,1,COL1
918899,998819,8,8,1,True,79920,9,4,4,True,-1,COL2
919129,921919,4,4,7,True,2790,9,12,27,False,1,COL1
919189,981919,1,1,1,True,62730,9,35,13,False,1,COL1
919559,955919,2,2,4,True,36360,9,35,24,False,-1,COL2
919679,976919,5,5,7,True,57240,9,7,8,False,-1,COL2
919769,967919,5,5,7,True,48150,9,23,36,False,-1,COL2
919969,969919,7,7,4,True,49950,9,1,1,True,1,COL1
919979,979919,8,8,1,True,59940,9,11,11,True,-1,COL2
920279,972029,2,2,4,True,51750,9,15,2,False,-1,COL2
920789,987029,8,8,1,True,66240,9,7,17,False,-1,COL2
920849,948029,5,5,7,True,27180,9,30,15,False,-1,COL2
920999,999029,2,2,4,True,78030,9,32,29,False,-1,COL2
921199,991129,4,4,7,True,69930,9,10,10,True,1,COL1
921259,952129,1,1,1,True,30870,9,33,8,False,1,COL1
921379,973129,4,4,7,True,51750,9,5,29,False,1,COL1
921589,985129,7,7,4,True,63540,9,30,4,False,1,COL1
921629,926129,2,2,4,True,4500,9,33,19,False,-1,COL2
921749,947129,5,5,7,True,25380,9,5,3,False,-1,COL2
921839,938129,5,5,7,True,16290,9,21,31,False,-1,COL2
921889,988129,1,1,1,True,66240,9,34,7,False,1,COL1
922039,930229,7,7,4,True,8190,9,36,12,False,1,COL1
922069,960229,1,1,1,True,38160,9,29,5,False,1,COL1
922499,994229,8,8,1,True,71730,9,15,2,False,-1,COL2
922729,927229,4,4,7,True,4500,9,23,9,False,1,COL1
922739,937229,5,5,7,True,14490,9,33,19,False,-1,COL2
923449,944329,4,4,7,True,20880,9,3,15,False,1,COL1
923599,995329,1,1,1,True,71730,9,5,29,False,1,COL1
923869,968329,1,1,1,True,44460,9,16,2,False,1,COL1
924299,992429,8,8,1,True,68130,9,2,15,False,-1,COL2
924659,956429,8,8,1,True,31770,9,29,16,False,-1,COL2
924769,967429,1,1,1,True,42660,9,28,27,False,1,COL1
924829,928429,7,7,4,True,3600,9,14,25,False,1,COL1
925979,979529,5,5,7,True,53550,9,17,28,False,-1,COL2
926899,998629,7,7,4,True,71730,9,12,36,False,1,COL1
927089,980729,8,8,1,True,53640,9,17,7,False,-1,COL2
927869,968729,5,5,7,True,40860,9,20,32,False,-1,COL2
928079,970829,8,8,1,True,42750,9,8,23,False,-1,COL2
928159,951829,7,7,4,True,23670,9,14,4,False,1,COL1
928289,982829,2,2,4,True,54540,9,33,35,False,-1,COL2
928469,964829,2,2,4,True,36360,9,28,17,False,-1,COL2
928859,958829,5,5,7,True,29970,9,11,11,True,-1,COL2
929389,983929,4,4,7,True,54540,9,23,25,False,1,COL1
929459,954929,2,2,4,True,25470,9,19,33,False,-1,COL2
929549,945929,2,2,4,True,16380,9,35,24,False,-1,COL2
930179,971039,2,2,4,True,40860,9,36,11,False,-1,COL2
930469,964039,4,4,7,True,33570,9,30,4,False,1,COL1
930499,994039,7,7,4,True,63540,9,23,34,False,1,COL1
930859,958039,7,7,4,True,27180,9,13,35,False,1,COL1
931169,961139,2,2,4,True,29970,9,27,27,True,-1,COL2
931849,948139,7,7,4,True,16290,9,4,14,False,1,COL1
932749,947239,7,7,4,True,14490,9,16,2,False,1,COL1
932779,977239,1,1,1,True,44460,9,9,32,False,1,COL1
932879,978239,2,2,4,True,45360,9,35,33,False,-1,COL2
932969,969239,2,2,4,True,36270,9,14,24,False,-1,COL2
932999,999239,5,5,7,True,66240,9,7,17,False,-1,COL2
934259,952439,5,5,7,True,18180,9,9,22,False,-1,COL2
934579,975439,1,1,1,True,40860,9,33,8,False,1,COL1
934669,966439,1,1,1,True,31770,9,12,36,False,1,COL1
934799,997439,5,5,7,True,62640,9,31,30,False,-1,COL2
934889,988439,5,5,7,True,53550,9,10,21,False,-1,COL2
934939,939439,1,1,1,True,4500,9,23,9,False,1,COL1
934979,979439,5,5,7,True,44460,9,26,12,False,-1,COL2
935359,953539,7,7,4,True,18180,9,36,12,False,1,COL1
935489,984539,2,2,4,True,49050,9,18,6,False,-1,COL2
935639,936539,8,8,1,True,900,9,20,32,False,-1,COL2
935699,996539,5,5,7,True,60840,9,6,18,False,-1,COL2
935899,998539,7,7,4,True,62640,9,21,20,False,1,COL1
936179,971639,8,8,1,True,35460,9,5,19,False,-1,COL2
936679,976639,4,4,7,True,39960,9,24,24,True,1,COL1
936739,937639,1,1,1,True,900,9,10,22,False,1,COL1
937049,940739,5,5,7,True,3690,9,24,14,False,-1,COL2
937789,987739,7,7,4,True,49950,9,24,24,True,1,COL1
938059,950839,7,7,4,True,12780,9,35,13,False,1,COL1
938369,963839,2,2,4,True,25470,9,12,26,False,-1,COL2
938879,978839,8,8,1,True,39960,9,4,4,True,-1,COL2
938939,939839,5,5,7,True,900,9,27,2,False,-1,COL2
938989,989839,1,1,1,True,50850,9,3,15,False,1,COL1
939179,971939,2,2,4,True,32760,9,8,23,False,-1,COL2
939469,964939,4,4,7,True,25470,9,2,16,False,1,COL1
939989,989939,2,2,4,True,49950,9,4,4,True,-1,COL2
940189,981049,4,4,7,True,40860,9,19,31,False,1,COL1
940249,942049,1,1,1,True,1800,9,5,29,False,1,COL1
940399,993049,7,7,4,True,52650,9,7,6,False,1,COL1
940469,964049,5,5,7,True,23580,9,3,14,False,-1,COL2
940879,978049,1,1,1,True,37170,9,6,28,False,1,COL1
941179,971149,4,4,7,True,29970,9,10,10,True,1,COL1
941359,953149,4,4,7,True,11790,9,5,29,False,1,COL1
941449,944149,4,4,7,True,2700,9,21,20,False,1,COL1
941489,984149,8,8,1,True,42660,9,24,23,False,-1,COL2
941669,966149,8,8,1,True,24480,9,19,5,False,-1,COL2
941879,978149,2,2,4,True,36270,9,7,17,False,-1,COL2
941999,999149,5,5,7,True,57150,9,16,1,False,-1,COL2
942479,974249,8,8,1,True,31770,9,15,2,False,-1,COL2
942569,965249,8,8,1,True,22680,9,31,30,False,-1,COL2
943769,967349,2,2,4,True,23580,9,10,21,False,-1,COL2
943849,948349,1,1,1,True,4500,9,16,2,False,1,COL1
944389,983449,1,1,1,True,39060,9,1,26,False,1,COL1
945089,980549,8,8,1,True,35460,9,35,12,False,-1,COL2
945179,971549,8,8,1,True,26370,9,14,3,False,-1,COL2
946459,954649,1,1,1,True,8190,9,36,12,False,1,COL1
946579,975649,4,4,7,True,29070,9,8,33,False,1,COL1
946949,949649,5,5,7,True,2700,9,8,7,False,-1,COL2
947659,956749,4,4,7,True,9090,9,15,3,False,1,COL1
948659,956849,5,5,7,True,8190,9,16,29,False,-1,COL2
949759,957949,7,7,4,True,8190,9,6,19,False,1,COL1
949979,979949,2,2,4,True,29970,9,4,4,True,-1,COL2
950569,965059,7,7,4,True,14490,9,2,25,False,1,COL1
951089,980159,5,5,7,True,29070,9,4,29,False,-1,COL2
951479,974159,8,8,1,True,22680,9,24,23,False,-1,COL2
951859,958159,1,1,1,True,6300,9,34,7,False,1,COL1
951959,959159,2,2,4,True,7200,9,23,8,False,-1,COL2
952279,972259,7,7,4,True,19980,9,10,10,True,1,COL1
952859,958259,2,2,4,True,5400,9,35,33,False,-1,COL2
953969,969359,5,5,7,True,15390,9,35,33,False,-1,COL2
954269,962459,8,8,1,True,8190,9,2,15,False,-1,COL2
954379,973459,1,1,1,True,19080,9,1,26,False,1,COL1
954869,968459,5,5,7,True,13590,9,10,21,False,-1,COL2
955469,964559,2,2,4,True,9090,9,18,6,False,-1,COL2
956569,965659,4,4,7,True,9090,9,8,33,False,1,COL1
956689,986659,7,7,4,True,29970,9,17,17,True,1,COL1
956759,957659,5,5,7,True,900,9,13,25,False,-1,COL2
956789,987659,8,8,1,True,30870,9,6,18,False,-1,COL2
957289,982759,4,4,7,True,25470,9,25,2,False,1,COL1
957889,988759,1,1,1,True,30870,9,33,8,False,1,COL1
957959,959759,8,8,1,True,1800,9,29,16,False,-1,COL2
959269,962959,4,4,7,True,3690,9,7,34,False,1,COL1
959479,974959,7,7,4,True,15480,9,32,9,False,1,COL1
959489,984959,8,8,1,True,25470,9,5,19,False,-1,COL2
959689,986959,1,1,1,True,27270,9,20,21,False,1,COL1
959869,968959,1,1,1,True,9090,9,15,3,False,1,COL1
960199,991069,7,7,4,True,30870,9,12,24,False,1,COL1
960389,983069,8,8,1,True,22680,9,17,16,False,-1,COL2
960499,994069,1,1,1,True,33570,9,16,27,False,1,COL1
960889,988069,4,4,7,True,27180,9,36,21,False,1,COL1
961099,990169,7,7,4,True,29070,9,24,12,False,1,COL1
961399,993169,1,1,1,True,31770,9,28,15,False,1,COL1
962779,977269,4,4,7,True,14490,9,2,25,False,1,COL1
963499,994369,4,4,7,True,30870,9,19,31,False,1,COL1
963689,986369,5,5,7,True,22680,9,24,23,False,-1,COL2
963779,977369,5,5,7,True,13590,9,3,14,False,-1,COL2
963799,997369,7,7,4,True,33570,9,23,34,False,1,COL1
963979,979369,7,7,4,True,15390,9,18,16,False,1,COL1
965179,971569,1,1,1,True,6390,9,34,23,False,1,COL1
965189,981569,2,2,4,True,16380,9,7,33,False,-1,COL2
965969,969569,8,8,1,True,3600,9,10,21,False,-1,COL2
966379,973669,4,4,7,True,7290,9,13,14,False,1,COL1
967289,982769,5,5,7,True,15480,9,35,12,False,-1,COL2
967999,999769,4,4,7,True,31770,9,5,29,False,1,COL1
970279,972079,7,7,4,True,1800,9,28,15,False,1,COL1
970789,987079,4,4,7,True,16290,9,20,30,False,1,COL1
971099,990179,8,8,1,True,19080,9,34,22,False,-1,COL2
971389,983179,1,1,1,True,11790,9,28,15,False,1,COL1
971479,974179,1,1,1,True,2700,9,7,6,False,1,COL1
972679,976279,4,4,7,True,3600,9,23,34,False,1,COL1
972799,997279,7,7,4,True,24480,9,32,18,False,1,COL1
974879,978479,8,8,1,True,3600,9,3,14,False,-1,COL2
974989,989479,1,1,1,True,14490,9,2,25,False,1,COL1
975089,980579,2,2,4,True,5490,9,28,5,False,-1,COL2
975199,991579,4,4,7,True,16380,9,27,16,False,1,COL1
975389,983579,5,5,7,True,8190,9,32,8,False,-1,COL2
978799,997879,4,4,7,True,19080,9,1,26,False,1,COL1
979189,981979,7,7,4,True,2790,9,21,36,False,1,COL1
979889,988979,5,5,7,True,9090,9,18,6,False,-1,COL2
982099,990289,1,1,1,True,8190,9,8,21,False,1,COL1
985399,993589,7,7,4,True,8190,9,15,28,False,1,COL1
985799,997589,2,2,4,True,11790,9,8,32,False,-1,COL2
988199,991889,8,8,1,True,3690,9,3,30,False,-1,COL2
989099,990989,8,8,1,True,1890,9,15,18,False,-1,COL2
990799,997099,7,7,4,True,6300,9,13,23,False,1,COL1
991499,994199,5,5,7,True,2700,9,10,9,False,-1,COL2
991999,999199,1,1,1,True,7200,9,29,14,False,1,COL1
995699,996599,2,2,4,True,900,9,29,4,False,-1,COL2
