p,q,midpoint,mid_mod37,mid_dr,chi_p,chi_q,chi_mid
5,7,6,6,6,-1,1,0
11,13,12,12,3,-1,1,0
17,19,18,18,9,-1,1,0
29,31,30,30,3,-1,1,0
41,43,42,5,6,-1,1,0
59,61,60,23,6,-1,1,0
71,73,72,35,9,-1,1,0
101,103,102,28,3,-1,1,0
107,109,108,34,9,-1,1,0
137,139,138,27,3,-1,1,0
149,151,150,2,6,-1,1,0
179,181,180,32,9,-1,1,0
191,193,192,7,3,-1,1,0
197,199,198,13,9,-1,1,0
227,229,228,6,3,-1,1,0
239,241,240,18,6,-1,1,0
269,271,270,11,9,-1,1,0
281,283,282,23,3,-1,1,0
311,313,312,16,6,-1,1,0
347,349,348,15,6,-1,1,0
419,421,420,13,6,-1,1,0
431,433,432,25,9,-1,1,0
461,463,462,18,3,-1,1,0
521,523,522,4,9,-1,1,0
569,571,570,15,3,-1,1,0
599,601,600,8,6,-1,1,0
617,619,618,26,6,-1,1,0
641,643,642,13,3,-1,1,0
659,661,660,31,3,-1,1,0
809,811,810,33,9,-1,1,0
821,823,822,8,3,-1,1,0
827,829,828,14,9,-1,1,0
857,859,858,7,3,-1,1,0
881,883,882,31,9,-1,1,0
1019,1021,1020,21,3,-1,1,0
1031,1033,1032,33,6,-1,1,0
1049,1051,1050,14,6,-1,1,0
1061,1063,1062,26,9,-1,1,0
1091,1093,1092,19,3,-1,1,0
1151,1153,1152,5,9,-1,1,0
1229,1231,1230,9,6,-1,1,0
1277,1279,1278,20,9,-1,1,0
1289,1291,1290,32,3,-1,1,0
1301,1303,1302,7,6,-1,1,0
1319,1321,1320,25,6,-1,1,0
1427,1429,1428,22,6,-1,1,0
1451,1453,1452,9,3,-1,1,0
1481,1483,1482,2,6,-1,1,0
1487,1489,1488,8,3,-1,1,0
1607,1609,1608,17,6,-1,1,0
1619,1621,1620,29,9,-1,1,0
1667,1669,1668,3,3,-1,1,0
1697,1699,1698,33,6,-1,1,0
1721,1723,1722,20,3,-1,1,0
1787,1789,1788,12,6,-1,1,0
1871,1873,1872,22,9,-1,1,0
1877,1879,1878,28,6,-1,1,0
1931,1933,1932,8,6,-1,1,0
1949,1951,1950,26,6,-1,1,0
1997,1999,1998,0,9,-1,1,0
2027,2029,2028,30,3,-1,1,0
2081,2083,2082,10,3,-1,1,0
2087,2089,2088,16,9,-1,1,0
2111,2113,2112,3,6,-1,1,0
2129,2131,2130,21,6,-1,1,0
2141,2143,2142,33,9,-1,1,0
2237,2239,2238,18,6,-1,1,0
2267,2269,2268,11,9,-1,1,0
2309,2311,2310,16,6,-1,1,0
2339,2341,2340,9,9,-1,1,0
2381,2383,2382,14,6,-1,1,0
2549,2551,2550,34,3,-1,1,0
2591,2593,2592,2,9,-1,1,0
2657,2659,2658,31,3,-1,1,0
2687,2689,2688,24,6,-1,1,0
2711,2713,2712,11,3,-1,1,0
2729,2731,2730,29,3,-1,1,0
2789,2791,2790,15,9,-1,1,0
2801,2803,2802,27,3,-1,1,0
2969,2971,2970,10,9,-1,1,0
2999,3001,3000,3,3,-1,1,0
3119,3121,3120,12,6,-1,1,0
3167,3169,3168,23,9,-1,1,0
3251,3253,3252,33,3,-1,1,0
3257,3259,3258,2,9,-1,1,0
3299,3301,3300,7,6,-1,1,0
3329,3331,3330,0,9,-1,1,0
3359,3361,3360,30,3,-1,1,0
3371,3373,3372,5,6,-1,1,0
3389,3391,3390,23,6,-1,1,0
3461,3463,3462,21,6,-1,1,0
3467,3469,3468,27,3,-1,1,0
3527,3529,3528,13,9,-1,1,0
3539,3541,3540,25,3,-1,1,0
3557,3559,3558,6,3,-1,1,0
3581,3583,3582,30,9,-1,1,0
3671,3673,3672,9,9,-1,1,0
3767,3769,3768,31,6,-1,1,0
3821,3823,3822,11,6,-1,1,0
3851,3853,3852,4,9,-1,1,0
3917,3919,3918,33,3,-1,1,0
3929,3931,3930,8,6,-1,1,0
4001,4003,4002,6,6,-1,1,0
4019,4021,4020,24,6,-1,1,0
4049,4051,4050,17,9,-1,1,0
4091,4093,4092,22,6,-1,1,0
4127,4129,4128,21,6,-1,1,0
4157,4159,4158,14,9,-1,1,0
4217,4219,4218,0,6,-1,1,0
4229,4231,4230,12,9,-1,1,0
4241,4243,4242,24,3,-1,1,0
4259,4261,4260,5,3,-1,1,0
4271,4273,4272,17,6,-1,1,0
4337,4339,4338,9,9,-1,1,0
4421,4423,4422,19,3,-1,1,0
4481,4483,4482,5,9,-1,1,0
4517,4519,4518,4,9,-1,1,0
4547,4549,4548,34,3,-1,1,0
4637,4639,4638,13,3,-1,1,0
4649,4651,4650,25,6,-1,1,0
4721,4723,4722,23,6,-1,1,0
4787,4789,4788,15,9,-1,1,0
4799,4801,4800,27,3,-1,1,0
4931,4933,4932,11,9,-1,1,0
4967,4969,4968,10,9,-1,1,0
5009,5011,5010,15,6,-1,1,0
5021,5023,5022,27,9,-1,1,0
5099,5101,5100,31,6,-1,1,0
5231,5233,5232,15,3,-1,1,0
5279,5281,5280,26,6,-1,1,0
5417,5419,5418,16,9,-1,1,0
5441,5443,5442,3,6,-1,1,0
5477,5479,5478,2,6,-1,1,0
5501,5503,5502,26,3,-1,1,0
5519,5521,5520,7,3,-1,1,0
5639,5641,5640,16,6,-1,1,0
5651,5653,5652,28,9,-1,1,0
5657,5659,5658,34,6,-1,1,0
5741,5743,5742,7,9,-1,1,0
5849,5851,5850,4,9,-1,1,0
5867,5869,5868,22,9,-1,1,0
5879,5881,5880,34,3,-1,1,0
6089,6091,6090,22,6,-1,1,0
6131,6133,6132,27,3,-1,1,0
6197,6199,6198,19,6,-1,1,0
6269,6271,6270,17,6,-1,1,0
6299,6301,6300,10,9,-1,1,0
6359,6361,6360,33,6,-1,1,0
6449,6451,6450,12,6,-1,1,0
6551,6553,6552,3,9,-1,1,0
6569,6571,6570,21,9,-1,1,0
6659,6661,6660,0,9,-1,1,0
6689,6691,6690,30,3,-1,1,0
6701,6703,6702,5,6,-1,1,0
6761,6763,6762,28,3,-1,1,0
6779,6781,6780,9,3,-1,1,0
6791,6793,6792,21,6,-1,1,0
6827,6829,6828,20,6,-1,1,0
6869,6871,6870,25,3,-1,1,0
6947,6949,6948,29,9,-1,1,0
6959,6961,6960,4,3,-1,1,0
7127,7129,7128,24,9,-1,1,0
7211,7213,7212,34,3,-1,1,0
7307,7309,7308,19,9,-1,1,0
7331,7333,7332,6,6,-1,1,0
7349,7351,7350,24,6,-1,1,0
7457,7459,7458,21,6,-1,1,0
7487,7489,7488,14,9,-1,1,0
7547,7549,7548,0,6,-1,1,0
7559,7561,7560,12,9,-1,1,0
7589,7591,7590,5,3,-1,1,0
7757,7759,7758,25,9,-1,1,0
7877,7879,7878,34,3,-1,1,0
7949,7951,7950,32,3,-1,1,0
8009,8011,8010,18,9,-1,1,0
8087,8089,8088,22,6,-1,1,0
8219,8221,8220,6,3,-1,1,0
8231,8233,8232,18,6,-1,1,0
8291,8293,8292,4,3,-1,1,0
8387,8389,8388,26,9,-1,1,0
8429,8431,8430,31,6,-1,1,0
8537,8539,8538,28,6,-1,1,0
8597,8599,8598,14,3,-1,1,0
8627,8629,8628,7,6,-1,1,0
8819,8821,8820,14,9,-1,1,0
8837,8839,8838,32,9,-1,1,0
8861,8863,8862,19,6,-1,1,0
8969,8971,8970,16,6,-1,1,0
8999,9001,9000,9,9,-1,1,0
9011,9013,9012,21,3,-1,1,0
9041,9043,9042,14,6,-1,1,0
9239,9241,9240,27,6,-1,1,0
9281,9283,9282,32,3,-1,1,0
9341,9343,9342,18,9,-1,1,0
9419,9421,9420,22,6,-1,1,0
9431,9433,9432,34,9,-1,1,0
9437,9439,9438,3,6,-1,1,0
9461,9463,9462,27,3,-1,1,0
9629,9631,9630,10,9,-1,1,0
9677,9679,9678,21,3,-1,1,0
9719,9721,9720,26,9,-1,1,0
9767,9769,9768,0,3,-1,1,0
9857,9859,9858,16,3,-1,1,0
9929,9931,9930,14,3,-1,1,0
10007,10009,10008,18,9,-1,1,0
10037,10039,10038,11,3,-1,1,0
10067,10069,10068,4,6,-1,1,0
10091,10093,10092,28,3,-1,1,0
10139,10141,10140,2,6,-1,1,0
10271,10273,10272,23,3,-1,1,0
10301,10303,10302,16,6,-1,1,0
10331,10333,10332,9,9,-1,1,0
10427,10429,10428,31,6,-1,1,0
10457,10459,10458,24,9,-1,1,0
10499,10501,10500,29,6,-1,1,0
10529,10531,10530,22,9,-1,1,0
10709,10711,10710,17,9,-1,1,0
10859,10861,10860,19,6,-1,1,0
10889,10891,10890,12,9,-1,1,0
10937,10939,10938,23,3,-1,1,0
11057,11059,11058,32,6,-1,1,0
11069,11071,11070,7,9,-1,1,0
11117,11119,11118,18,3,-1,1,0
11159,11161,11160,23,9,-1,1,0
11171,11173,11172,35,3,-1,1,0
11351,11353,11352,30,3,-1,1,0
11489,11491,11490,20,6,-1,1,0
11549,11551,11550,6,3,-1,1,0
11699,11701,11700,8,9,-1,1,0
11717,11719,11718,26,9,-1,1,0
11777,11779,11778,12,6,-1,1,0
11831,11833,11832,29,6,-1,1,0
11939,11941,11940,26,6,-1,1,0
11969,11971,11970,19,9,-1,1,0
12041,12043,12042,17,9,-1,1,0
12071,12073,12072,10,3,-1,1,0
12107,12109,12108,9,3,-1,1,0
12161,12163,12162,26,3,-1,1,0
12239,12241,12240,30,9,-1,1,0
12251,12253,12252,5,3,-1,1,0
12377,12379,12378,20,3,-1,1,0
12539,12541,12540,34,3,-1,1,0
12611,12613,12612,32,3,-1,1,0
12821,12823,12822,20,6,-1,1,0
12917,12919,12918,5,3,-1,1,0
13001,13003,13002,15,6,-1,1,0
13007,13009,13008,21,3,-1,1,0
13217,13219,13218,9,6,-1,1,0
13337,13339,13338,18,9,-1,1,0
13397,13399,13398,4,6,-1,1,0
13679,13681,13680,27,9,-1,1,0
13691,13693,13692,2,3,-1,1,0
13709,13711,13710,20,3,-1,1,0
13721,13723,13722,32,6,-1,1,0
13757,13759,13758,31,6,-1,1,0
13829,13831,13830,29,6,-1,1,0
13877,13879,13878,3,9,-1,1,0
13901,13903,13902,27,6,-1,1,0
13931,13933,13932,20,9,-1,1,0
13997,13999,13998,12,3,-1,1,0
14009,14011,14010,24,6,-1,1,0
14081,14083,14082,22,6,-1,1,0
14249,14251,14250,5,3,-1,1,0
14321,14323,14322,3,3,-1,1,0
14387,14389,14388,32,6,-1,1,0
14447,14449,14448,18,3,-1,1,0
14549,14551,14550,9,6,-1,1,0
14561,14563,14562,21,9,-1,1,0
14591,14593,14592,14,3,-1,1,0
14627,14629,14628,13,3,-1,1,0
14867,14869,14868,31,9,-1,1,0
15137,15139,15138,5,9,-1,1,0
15269,15271,15270,26,6,-1,1,0
15287,15289,15288,7,6,-1,1,0
15329,15331,15330,12,3,-1,1,0
15359,15361,15360,5,6,-1,1,0
15581,15583,15582,5,3,-1,1,0
15641,15643,15642,28,9,-1,1,0
15647,15649,15648,34,6,-1,1,0
15731,15733,15732,7,9,-1,1,0
15737,15739,15738,13,6,-1,1,0
15887,15889,15888,15,3,-1,1,0
15971,15973,15972,25,6,-1,1,0
16061,16063,16062,4,6,-1,1,0
16067,16069,16068,10,3,-1,1,0
16139,16141,16140,8,3,-1,1,0
16187,16189,16188,19,6,-1,1,0
16229,16231,16230,24,3,-1,1,0
16361,16363,16362,8,9,-1,1,0
16451,16453,16452,24,9,-1,1,0
16631,16633,16632,19,9,-1,1,0
16649,16651,16650,0,9,-1,1,0
16691,16693,16692,5,6,-1,1,0
16829,16831,16830,32,9,-1,1,0
16901,16903,16902,30,9,-1,1,0
16979,16981,16980,34,6,-1,1,0
17027,17029,17028,8,9,-1,1,0
17189,17191,17190,22,9,-1,1,0
17207,17209,17208,3,9,-1,1,0
17291,17293,17292,13,3,-1,1,0
17387,17389,17388,35,9,-1,1,0
17417,17419,17418,28,3,-1,1,0
17489,17491,17490,26,3,-1,1,0
17579,17581,17580,5,3,-1,1,0
17597,17599,17598,23,3,-1,1,0
17657,17659,17658,9,9,-1,1,0
17681,17683,17682,33,6,-1,1,0
17747,17749,17748,25,9,-1,1,0
17789,17791,17790,30,6,-1,1,0
17837,17839,17838,4,9,-1,1,0
17909,17911,17910,2,9,-1,1,0
17921,17923,17922,14,3,-1,1,0
17957,17959,17958,13,3,-1,1,0
17987,17989,17988,6,6,-1,1,0
18041,18043,18042,23,6,-1,1,0
18047,18049,18048,29,3,-1,1,0
18059,18061,18060,4,6,-1,1,0
18119,18121,18120,27,3,-1,1,0
18131,18133,18132,2,6,-1,1,0
18251,18253,18252,11,9,-1,1,0
18287,18289,18288,10,9,-1,1,0
18311,18313,18312,34,6,-1,1,0
18521,18523,18522,22,9,-1,1,0
18539,18541,18540,3,9,-1,1,0
18911,18913,18912,5,3,-1,1,0
18917,18919,18918,11,9,-1,1,0
19079,19081,19080,25,9,-1,1,0
19139,19141,19140,11,6,-1,1,0
19181,19183,19182,16,3,-1,1,0
19211,19213,19212,9,6,-1,1,0
19379,19381,19380,29,3,-1,1,0
19421,19423,19422,34,9,-1,1,0
19427,19429,19428,3,6,-1,1,0
19469,19471,19470,8,3,-1,1,0
19541,19543,19542,6,3,-1,1,0
19697,19699,19698,14,6,-1,1,0
19751,19753,19752,31,6,-1,1,0
19841,19843,19842,10,6,-1,1,0
19889,19891,19890,21,9,-1,1,0
19961,19963,19962,19,9,-1,1,0
19991,19993,19992,12,3,-1,1,0
20021,20023,20022,5,6,-1,1,0
20147,20149,20148,20,6,-1,1,0
20231,20233,20232,30,9,-1,1,0
20357,20359,20358,8,9,-1,1,0
20441,20443,20442,18,3,-1,1,0
20477,20479,20478,17,3,-1,1,0
20507,20509,20508,10,6,-1,1,0
20549,20551,20550,15,3,-1,1,0
20639,20641,20640,31,3,-1,1,0
20717,20719,20718,35,9,-1,1,0
20747,20749,20748,28,3,-1,1,0
20771,20773,20772,15,9,-1,1,0
20807,20809,20808,14,9,-1,1,0
20897,20899,20898,30,9,-1,1,0
20981,20983,20982,3,3,-1,1,0
21011,21013,21012,33,6,-1,1,0
21017,21019,21018,2,3,-1,1,0
21059,21061,21060,7,9,-1,1,0
21191,21193,21192,28,6,-1,1,0
21317,21319,21318,6,6,-1,1,0
21377,21379,21378,29,3,-1,1,0
21491,21493,21492,32,9,-1,1,0
21521,21523,21522,25,3,-1,1,0
21557,21559,21558,24,3,-1,1,0
21587,21589,21588,17,6,-1,1,0
21599,21601,21600,29,9,-1,1,0
21611,21613,21612,4,3,-1,1,0
21647,21649,21648,3,3,-1,1,0
21737,21739,21738,19,3,-1,1,0
21839,21841,21840,10,6,-1,1,0
22037,22039,22038,23,6,-1,1,0
22091,22093,22092,3,6,-1,1,0
22109,22111,22110,21,6,-1,1,0
22157,22159,22158,32,9,-1,1,0
22271,22273,22272,35,6,-1,1,0
22277,22279,22278,4,3,-1,1,0
22367,22369,22368,20,3,-1,1,0
22481,22483,22482,23,9,-1,1,0
22541,22543,22542,9,6,-1,1,0
22571,22573,22572,2,9,-1,1,0
22619,22621,22620,13,3,-1,1,0
22637,22639,22638,31,3,-1,1,0
22697,22699,22698,17,9,-1,1,0
22739,22741,22740,22,6,-1,1,0
22859,22861,22860,31,9,-1,1,0
22961,22963,22962,22,3,-1,1,0
23027,23029,23028,14,6,-1,1,0
23039,23041,23040,26,9,-1,1,0
23057,23059,23058,7,9,-1,1,0
23201,23203,23202,3,9,-1,1,0
23291,23293,23292,19,9,-1,1,0
23369,23371,23370,23,6,-1,1,0
23537,23539,23538,6,3,-1,1,0
23561,23563,23562,30,9,-1,1,0
23627,23629,23628,22,3,-1,1,0
23669,23671,23670,27,9,-1,1,0
23687,23689,23688,8,9,-1,1,0
23741,23743,23742,25,9,-1,1,0
23831,23833,23832,4,9,-1,1,0
23909,23911,23910,8,6,-1,1,0
24107,24109,24108,21,6,-1,1,0
24179,24181,24180,19,6,-1,1,0
24371,24373,24372,26,9,-1,1,0
24419,24421,24420,0,3,-1,1,0
24917,24919,24918,17,6,-1,1,0
24977,24979,24978,3,3,-1,1,0
25031,25033,25032,20,3,-1,1,0
25169,25171,25170,10,6,-1,1,0
25301,25303,25302,31,3,-1,1,0
25307,25309,25308,0,9,-1,1,0
25409,25411,25410,28,3,-1,1,0
25469,25471,25470,14,9,-1,1,0
25577,25579,25578,11,9,-1,1,0
25601,25603,25602,35,6,-1,1,0
25799,25801,25800,11,6,-1,1,0
25847,25849,25848,22,9,-1,1,0
25931,25933,25932,32,3,-1,1,0
25997,25999,25998,24,6,-1,1,0
26111,26113,26112,27,3,-1,1,0
26249,26251,26250,17,6,-1,1,0
26261,26263,26262,29,9,-1,1,0
26681,26683,26682,5,6,-1,1,0
26699,26701,26700,23,6,-1,1,0
26711,26713,26712,35,9,-1,1,0
26729,26731,26730,16,9,-1,1,0
26861,26863,26862,0,6,-1,1,0
26879,26881,26880,18,6,-1,1,0
26891,26893,26892,30,9,-1,1,0
26951,26953,26952,16,6,-1,1,0
27059,27061,27060,13,6,-1,1,0
27107,27109,27108,24,9,-1,1,0
27239,27241,27240,8,6,-1,1,0
27281,27283,27282,13,3,-1,1,0
27407,27409,27408,28,3,-1,1,0
27479,27481,27480,26,3,-1,1,0
27527,27529,27528,0,6,-1,1,0
27539,27541,27540,12,9,-1,1,0
27581,27583,27582,17,6,-1,1,0
27689,27691,27690,14,6,-1,1,0
27737,27739,27738,25,9,-1,1,0
27749,27751,27750,0,3,-1,1,0
27791,27793,27792,5,9,-1,1,0
27917,27919,27918,20,9,-1,1,0
27941,27943,27942,7,6,-1,1,0
28097,28099,28098,15,9,-1,1,0
28109,28111,28110,27,3,-1,1,0
28181,28183,28182,25,3,-1,1,0
28277,28279,28278,10,9,-1,1,0
28307,28309,28308,3,3,-1,1,0
28349,28351,28350,8,9,-1,1,0
28409,28411,28410,31,6,-1,1,0
28547,28549,28548,21,9,-1,1,0
28571,28573,28572,8,6,-1,1,0
28619,28621,28620,19,9,-1,1,0
28661,28663,28662,24,6,-1,1,0
28751,28753,28752,3,6,-1,1,0
29021,29023,29022,14,6,-1,1,0
29129,29131,29130,11,6,-1,1,0
29207,29209,29208,15,3,-1,1,0
29387,29389,29388,10,3,-1,1,0
29399,29401,29400,22,6,-1,1,0
29567,29569,29568,5,3,-1,1,0
29669,29671,29670,33,6,-1,1,0
29759,29761,29760,12,6,-1,1,0
29879,29881,29880,21,9,-1,1,0
30011,30013,30012,5,6,-1,1,0
30089,30091,30090,9,3,-1,1,0
30137,30139,30138,20,6,-1,1,0
30269,30271,30270,4,3,-1,1,0
30389,30391,30390,13,6,-1,1,0
30467,30469,30468,17,3,-1,1,0
30491,30493,30492,4,9,-1,1,0
30557,30559,30558,33,3,-1,1,0
30839,30841,30840,19,6,-1,1,0
30851,30853,30852,31,9,-1,1,0
30869,30871,30870,12,9,-1,1,0
31079,31081,31080,0,3,-1,1,0
31121,31123,31122,5,9,-1,1,0
31151,31153,31152,35,3,-1,1,0
31181,31183,31182,28,6,-1,1,0
31247,31249,31248,20,9,-1,1,0
31319,31321,31320,18,9,-1,1,0
31391,31393,31392,16,9,-1,1,0
31511,31513,31512,25,3,-1,1,0
31541,31543,31542,18,6,-1,1,0
31721,31723,31722,13,6,-1,1,0
31727,31729,31728,19,3,-1,1,0
31769,31771,31770,24,9,-1,1,0
31847,31849,31848,28,6,-1,1,0
32027,32029,32028,23,6,-1,1,0
32057,32059,32058,16,9,-1,1,0
32117,32119,32118,2,6,-1,1,0
32141,32143,32142,26,3,-1,1,0
32189,32191,32190,0,6,-1,1,0
32297,32299,32298,34,6,-1,1,0
32321,32323,32322,21,3,-1,1,0
32369,32371,32370,32,6,-1,1,0
32411,32413,32412,0,3,-1,1,0
32441,32443,32442,30,6,-1,1,0
32531,32533,32532,9,6,-1,1,0
32561,32563,32562,2,9,-1,1,0
32609,32611,32610,13,3,-1,1,0
32717,32719,32718,10,3,-1,1,0
32801,32803,32802,20,6,-1,1,0
32831,32833,32832,13,9,-1,1,0
32909,32911,32910,17,6,-1,1,0
32939,32941,32940,10,9,-1,1,0
32969,32971,32970,3,3,-1,1,0
33071,33073,33072,31,6,-1,1,0
33149,33151,33150,35,3,-1,1,0
33179,33181,33180,28,6,-1,1,0
33287,33289,33288,25,6,-1,1,0
33329,33331,33330,30,3,-1,1,0
33347,33349,33348,11,3,-1,1,0
33587,33589,33588,29,9,-1,1,0
33599,33601,33600,4,3,-1,1,0
33617,33619,33618,22,3,-1,1,0
33749,33751,33750,6,9,-1,1,0
33767,33769,33768,24,9,-1,1,0
33809,33811,33810,29,6,-1,1,0
33827,33829,33828,10,6,-1,1,0
34031,34033,34032,29,3,-1,1,0
34127,34129,34128,14,9,-1,1,0
34157,34159,34158,7,3,-1,1,0
34211,34213,34212,24,3,-1,1,0
34259,34261,34260,35,6,-1,1,0
34301,34303,34302,3,3,-1,1,0
34367,34369,34368,32,6,-1,1,0
34469,34471,34470,23,9,-1,1,0
34499,34501,34500,16,3,-1,1,0
34511,34513,34512,28,6,-1,1,0
34589,34591,34590,32,3,-1,1,0
34649,34651,34650,18,9,-1,1,0
34757,34759,34758,15,9,-1,1,0
34841,34843,34842,25,3,-1,1,0
34847,34849,34848,31,9,-1,1,0
34961,34963,34962,34,6,-1,1,0
35051,35053,35052,13,6,-1,1,0
35081,35083,35082,6,9,-1,1,0
35279,35281,35280,19,9,-1,1,0
35447,35449,35448,2,6,-1,1,0
35507,35509,35508,25,3,-1,1,0
35531,35533,35532,12,9,-1,1,0
35591,35593,35592,35,6,-1,1,0
35729,35731,35730,25,9,-1,1,0
35801,35803,35802,23,9,-1,1,0
35837,35839,35838,22,9,-1,1,0
35897,35899,35898,8,6,-1,1,0
36011,36013,36012,11,3,-1,1,0
36107,36109,36108,33,9,-1,1,0
36341,36343,36342,8,9,-1,1,0
36467,36469,36468,23,9,-1,1,0
36527,36529,36528,9,6,-1,1,0
36779,36781,36780,2,6,-1,1,0
36791,36793,36792,14,9,-1,1,0
36899,36901,36900,11,9,-1,1,0
36929,36931,36930,4,3,-1,1,0
37019,37021,37020,20,3,-1,1,0
37199,37201,37200,15,3,-1,1,0
37307,37309,37308,12,3,-1,1,0
37337,37339,37338,5,6,-1,1,0
37361,37363,37362,29,3,-1,1,0
37547,37549,37548,30,9,-1,1,0
37571,37573,37572,17,6,-1,1,0
37589,37591,37590,35,6,-1,1,0
37691,37693,37692,26,9,-1,1,0
37781,37783,37782,5,9,-1,1,0
37811,37813,37812,35,3,-1,1,0
37991,37993,37992,30,3,-1,1,0
38237,38239,38238,17,6,-1,1,0
38327,38329,38328,33,6,-1,1,0
38447,38449,38448,5,9,-1,1,0
38459,38461,38460,17,3,-1,1,0
38567,38569,38568,14,3,-1,1,0
38609,38611,38610,19,9,-1,1,0
38651,38653,38652,24,6,-1,1,0
38669,38671,38670,5,6,-1,1,0
38711,38713,38712,10,3,-1,1,0
38747,38749,38748,9,3,-1,1,0
38921,38923,38922,35,6,-1,1,0
39041,39043,39042,7,9,-1,1,0
39161,39163,39162,16,3,-1,1,0
39227,39229,39228,8,6,-1,1,0
39239,39241,39240,20,9,-1,1,0
39341,39343,39342,11,3,-1,1,0
39371,39373,39372,4,6,-1,1,0
39509,39511,39510,31,9,-1,1,0
39827,39829,39828,16,3,-1,1,0
39839,39841,39840,28,6,-1,1,0
40037,40039,40038,4,6,-1,1,0
40127,40129,40128,20,6,-1,1,0
40151,40153,40152,7,3,-1,1,0
40427,40429,40428,24,9,-1,1,0
40529,40531,40530,15,3,-1,1,0
40637,40639,40638,12,3,-1,1,0
40697,40699,40698,35,9,-1,1,0
40847,40849,40848,0,6,-1,1,0
41141,41143,41142,35,3,-1,1,0
41177,41179,41178,34,3,-1,1,0
41201,41203,41202,21,9,-1,1,0
41231,41233,41232,14,3,-1,1,0
41387,41389,41388,22,6,-1,1,0
41411,41413,41412,9,3,-1,1,0
41519,41521,41520,6,3,-1,1,0
41609,41611,41610,22,3,-1,1,0
41759,41761,41760,24,9,-1,1,0
41849,41851,41850,3,9,-1,1,0
41957,41959,41958,0,9,-1,1,0
41981,41983,41982,24,6,-1,1,0
42017,42019,42018,23,6,-1,1,0
42071,42073,42072,3,6,-1,1,0
42179,42181,42180,0,6,-1,1,0
42221,42223,42222,5,3,-1,1,0
42281,42283,42282,28,9,-1,1,0
42407,42409,42408,6,9,-1,1,0
42461,42463,42462,23,9,-1,1,0
42569,42571,42570,20,9,-1,1,0
42641,42643,42642,18,9,-1,1,0
42701,42703,42702,4,6,-1,1,0
42839,42841,42840,31,9,-1,1,0
42899,42901,42900,17,6,-1,1,0
43049,43051,43050,19,3,-1,1,0
43319,43321,43320,30,3,-1,1,0
43397,43399,43398,34,9,-1,1,0
43541,43543,43542,30,9,-1,1,0
43577,43579,43578,29,9,-1,1,0
43607,43609,43608,22,3,-1,1,0
43649,43651,43650,27,9,-1,1,0
43781,43783,43782,11,6,-1,1,0
43787,43789,43788,17,3,-1,1,0
43889,43891,43890,8,6,-1,1,0
43961,43963,43962,6,6,-1,1,0
44027,44029,44028,35,9,-1,1,0
44087,44089,44088,21,6,-1,1,0
44129,44131,44130,26,3,-1,1,0
44201,44203,44202,24,3,-1,1,0
44267,44269,44268,16,6,-1,1,0
44279,44281,44280,28,9,-1,1,0
44381,44383,44382,19,3,-1,1,0
44531,44533,44532,21,9,-1,1,0
44621,44623,44622,0,9,-1,1,0
44699,44701,44700,4,6,-1,1,0
44771,44773,44772,2,6,-1,1,0
45119,45121,45120,17,3,-1,1,0
45137,45139,45138,35,3,-1,1,0
45179,45181,45180,3,9,-1,1,0
45317,45319,45318,30,3,-1,1,0
45341,45343,45342,17,9,-1,1,0
45587,45589,45588,4,3,-1,1,0
45821,45823,45822,16,3,-1,1,0
46049,46051,46050,22,6,-1,1,0
46091,46093,46092,27,3,-1,1,0
46181,46183,46182,6,3,-1,1,0
46271,46273,46272,22,3,-1,1,0
46307,46309,46308,21,3,-1,1,0
46349,46351,46350,26,9,-1,1,0
46439,46441,46440,5,9,-1,1,0
46589,46591,46590,7,6,-1,1,0
46679,46681,46680,23,6,-1,1,0
46769,46771,46770,2,6,-1,1,0
46817,46819,46818,13,9,-1,1,0
46829,46831,46830,25,3,-1,1,0
47057,47059,47058,31,6,-1,1,0
47147,47149,47148,10,6,-1,1,0
47351,47353,47352,29,3,-1,1,0
47387,47389,47388,28,3,-1,1,0
47417,47419,47418,21,6,-1,1,0
47657,47659,47658,2,3,-1,1,0
47699,47701,47700,7,9,-1,1,0
47711,47713,47712,19,3,-1,1,0
47741,47743,47742,12,6,-1,1,0
47777,47779,47778,11,6,-1,1,0
47807,47809,47808,4,9,-1,1,0
48119,48121,48120,20,6,-1,1,0
48311,48313,48312,27,9,-1,1,0
48407,48409,48408,12,6,-1,1,0
48479,48481,48480,10,6,-1,1,0
48539,48541,48540,33,3,-1,1,0
48647,48649,48648,30,3,-1,1,0
48677,48679,48678,23,6,-1,1,0
48731,48733,48732,3,6,-1,1,0
48779,48781,48780,14,9,-1,1,0
48821,48823,48822,19,6,-1,1,0
48857,48859,48858,18,6,-1,1,0
48869,48871,48870,30,9,-1,1,0
48989,48991,48990,2,3,-1,1,0
49031,49033,49032,7,9,-1,1,0
49121,49123,49122,23,9,-1,1,0
49169,49171,49170,34,3,-1,1,0
49199,49201,49200,27,6,-1,1,0
49277,49279,49278,31,3,-1,1,0
49331,49333,49332,11,3,-1,1,0
49367,49369,49368,10,3,-1,1,0
49391,49393,49392,34,9,-1,1,0
49409,49411,49410,15,9,-1,1,0
49529,49531,49530,24,3,-1,1,0
49547,49549,49548,5,3,-1,1,0
49667,49669,49668,14,6,-1,1,0
49739,49741,49740,12,6,-1,1,0
49787,49789,49788,23,9,-1,1,0
49919,49921,49920,7,6,-1,1,0
49937,49939,49938,25,6,-1,1,0
49991,49993,49992,5,6,-1,1,0
50021,50023,50022,35,9,-1,1,0
50051,50053,50052,28,3,-1,1,0
50129,50131,50130,32,9,-1,1,0
50261,50263,50262,16,6,-1,1,0
50459,50461,50460,29,6,-1,1,0
50549,50551,50550,8,6,-1,1,0
50591,50593,50592,13,3,-1,1,0
50891,50893,50892,17,6,-1,1,0
50969,50971,50970,21,3,-1,1,0
51059,51061,51060,0,3,-1,1,0
51131,51133,51132,35,3,-1,1,0
51197,51199,51198,27,6,-1,1,0
51239,51241,51240,32,3,-1,1,0
51341,51343,51342,23,6,-1,1,0
51347,51349,51348,29,3,-1,1,0
51419,51421,51420,27,3,-1,1,0
51437,51439,51438,8,3,-1,1,0
51479,51481,51480,13,9,-1,1,0
51719,51721,51720,31,6,-1,1,0
51767,51769,51768,5,9,-1,1,0
51827,51829,51828,28,6,-1,1,0
51869,51871,51870,33,3,-1,1,0
51971,51973,51972,24,6,-1,1,0
52067,52069,52068,9,3,-1,1,0
52181,52183,52182,12,9,-1,1,0
52289,52291,52290,9,9,-1,1,0
52361,52363,52362,7,9,-1,1,0
52541,52543,52542,2,9,-1,1,0
52709,52711,52710,22,6,-1,1,0
52859,52861,52860,24,3,-1,1,0
52901,52903,52902,29,9,-1,1,0
53087,53089,53088,30,6,-1,1,0
53147,53149,53148,16,3,-1,1,0
53171,53173,53172,3,9,-1,1,0
53231,53233,53232,26,6,-1,1,0
53267,53269,53268,25,6,-1,1,0
53279,53281,53280,0,9,-1,1,0
53549,53551,53550,11,9,-1,1,0
53591,53593,53592,16,6,-1,1,0
53609,53611,53610,34,6,-1,1,0
53717,53719,53718,31,6,-1,1,0
53897,53899,53898,26,6,-1,1,0
54011,54013,54012,29,3,-1,1,0
54401,54403,54402,12,6,-1,1,0
54419,54421,54420,30,6,-1,1,0
54497,54499,54498,34,3,-1,1,0
54539,54541,54540,2,9,-1,1,0
54581,54583,54582,7,6,-1,1,0
54629,54631,54630,18,9,-1,1,0
54917,54919,54918,10,9,-1,1,0
55049,55051,55050,31,6,-1,1,0
55217,55219,55218,14,3,-1,1,0
55331,55333,55332,17,9,-1,1,0
55337,55339,55338,23,6,-1,1,0
55439,55441,55440,14,9,-1,1,0
55619,55621,55620,9,9,-1,1,0
55631,55633,55632,21,3,-1,1,0
55661,55663,55662,14,6,-1,1,0
55817,55819,55818,22,9,-1,1,0
55901,55903,55902,32,3,-1,1,0
55931,55933,55932,25,6,-1,1,0
56039,56041,56040,22,6,-1,1,0
56099,56101,56100,8,3,-1,1,0
56207,56209,56208,5,3,-1,1,0
56237,56239,56238,35,6,-1,1,0
56267,56269,56268,28,9,-1,1,0
56477,56479,56478,16,3,-1,1,0
56501,56503,56502,3,9,-1,1,0
56531,56533,56532,33,3,-1,1,0
56597,56599,56598,25,6,-1,1,0
56711,56713,56712,28,3,-1,1,0
56807,56809,56808,13,9,-1,1,0
56891,56893,56892,23,3,-1,1,0
56909,56911,56910,4,3,-1,1,0
56921,56923,56922,16,6,-1,1,0
57191,57193,57192,27,6,-1,1,0
57221,57223,57222,20,9,-1,1,0
57269,57271,57270,31,3,-1,1,0
57329,57331,57330,17,9,-1,1,0
57347,57349,57348,35,9,-1,1,0
57527,57529,57528,30,9,-1,1,0
57557,57559,57558,23,3,-1,1,0
57791,57793,57792,35,3,-1,1,0
57899,57901,57900,32,3,-1,1,0
58109,58111,58110,20,6,-1,1,0
58151,58153,58152,25,3,-1,1,0
58169,58171,58170,6,3,-1,1,0
58229,58231,58230,29,9,-1,1,0
58367,58369,58368,19,3,-1,1,0
58391,58393,58392,6,9,-1,1,0
58439,58441,58440,17,3,-1,1,0
58451,58453,58452,29,6,-1,1,0
58601,58603,58602,31,3,-1,1,0
58787,58789,58788,32,9,-1,1,0
58907,58909,58908,4,3,-1,1,0
59009,59011,59010,32,6,-1,1,0
59021,59023,59022,7,9,-1,1,0
59051,59053,59052,0,3,-1,1,0
59207,59209,59208,8,6,-1,1,0
59219,59221,59220,20,9,-1,1,0
59357,59359,59358,10,3,-1,1,0
59417,59419,59418,33,9,-1,1,0
59441,59443,59442,20,6,-1,1,0
59471,59473,59472,13,9,-1,1,0
59627,59629,59628,21,3,-1,1,0
59669,59671,59670,26,9,-1,1,0
60089,60091,60090,2,6,-1,1,0
60101,60103,60102,14,9,-1,1,0
60167,60169,60168,6,3,-1,1,0
60257,60259,60258,22,3,-1,1,0
60647,60649,60648,5,6,-1,1,0
60659,60661,60660,17,9,-1,1,0
60761,60763,60762,8,3,-1,1,0
60887,60889,60888,23,3,-1,1,0
60899,60901,60900,35,6,-1,1,0
60917,60919,60918,16,6,-1,1,0
61151,61153,61152,28,6,-1,1,0
61331,61333,61332,23,6,-1,1,0
61379,61381,61380,34,9,-1,1,0
61469,61471,61470,13,9,-1,1,0
61559,61561,61560,29,9,-1,1,0
61979,61981,61980,5,6,-1,1,0
62129,62131,62130,7,3,-1,1,0
62141,62143,62142,19,6,-1,1,0
62189,62191,62190,30,9,-1,1,0
62297,62299,62298,27,9,-1,1,0
62927,62929,62928,28,9,-1,1,0
62969,62971,62970,33,6,-1,1,0
62981,62983,62982,8,9,-1,1,0
62987,62989,62988,14,6,-1,1,0
63029,63031,63030,19,3,-1,1,0
63197,63199,63198,2,9,-1,1,0
63311,63313,63312,5,6,-1,1,0
63389,63391,63390,9,3,-1,1,0
63419,63421,63420,2,6,-1,1,0
63587,63589,63588,22,3,-1,1,0
63599,63601,63600,34,6,-1,1,0
63647,63649,63648,8,9,-1,1,0
63689,63691,63690,13,6,-1,1,0
63839,63841,63840,15,3,-1,1,0
64151,64153,64152,31,9,-1,1,0
64187,64189,64188,30,9,-1,1,0
64301,64303,64302,33,6,-1,1,0
64451,64453,64452,35,3,-1,1,0
64577,64579,64578,13,3,-1,1,0
64661,64663,64662,23,6,-1,1,0
64781,64783,64782,32,9,-1,1,0
64877,64879,64878,17,6,-1,1,0
64919,64921,64920,22,3,-1,1,0
65027,65029,65028,19,3,-1,1,0
65099,65101,65100,17,3,-1,1,0
65171,65173,65172,15,3,-1,1,0
65267,65269,65268,0,9,-1,1,0
65447,65449,65448,32,9,-1,1,0
65519,65521,65520,30,9,-1,1,0
65537,65539,65538,11,9,-1,1,0
65579,65581,65580,16,6,-1,1,0
65699,65701,65700,25,9,-1,1,0
65717,65719,65718,6,9,-1,1,0
65729,65731,65730,18,3,-1,1,0
65837,65839,65838,15,3,-1,1,0
65927,65929,65928,31,3,-1,1,0
65981,65983,65982,11,3,-1,1,0
66107,66109,66108,26,3,-1,1,0
66359,66361,66360,19,3,-1,1,0
66569,66571,66570,7,6,-1,1,0
66749,66751,66750,2,6,-1,1,0
66851,66853,66852,30,9,-1,1,0
66947,66949,66948,15,6,-1,1,0
67139,67141,67140,22,9,-1,1,0
67187,67189,67188,33,3,-1,1,0
67211,67213,67212,20,9,-1,1,0
67217,67219,67218,26,6,-1,1,0
67271,67273,67272,6,6,-1,1,0
67409,67411,67410,33,9,-1,1,0
67427,67429,67428,14,9,-1,1,0
67577,67579,67578,16,6,-1,1,0
67757,67759,67758,11,6,-1,1,0
67931,67933,67932,0,9,-1,1,0
68111,68113,68112,32,9,-1,1,0
68207,68209,68208,17,6,-1,1,0
68279,68281,68280,15,6,-1,1,0
68447,68449,68448,35,3,-1,1,0
68489,68491,68490,3,9,-1,1,0
68711,68713,68712,3,6,-1,1,0
68819,68821,68820,0,6,-1,1,0
68879,68881,68880,23,3,-1,1,0
68897,68899,68898,4,3,-1,1,0
69029,69031,69030,25,9,-1,1,0
69149,69151,69150,34,3,-1,1,0
69191,69193,69192,2,9,-1,1,0
69257,69259,69258,31,3,-1,1,0
69401,69403,69402,27,3,-1,1,0
69491,69493,69492,6,3,-1,1,0
69497,69499,69498,12,9,-1,1,0
69737,69739,69738,30,6,-1,1,0
69761,69763,69762,17,3,-1,1,0
69827,69829,69828,9,6,-1,1,0
69857,69859,69858,2,9,-1,1,0
69929,69931,69930,0,9,-1,1,0
70001,70003,70002,35,9,-1,1,0
70121,70123,70122,7,3,-1,1,0
70139,70141,70140,25,3,-1,1,0
70181,70183,70182,30,9,-1,1,0
70199,70201,70200,11,9,-1,1,0
70379,70381,70380,6,9,-1,1,0
70457,70459,70458,10,6,-1,1,0
70487,70489,70488,3,9,-1,1,0
70571,70573,70572,13,3,-1,1,0
70619,70621,70620,24,6,-1,1,0
70841,70843,70842,24,3,-1,1,0
70877,70879,70878,23,3,-1,1,0
70919,70921,70920,28,9,-1,1,0
70949,70951,70950,21,3,-1,1,0
70979,70981,70980,14,6,-1,1,0
70997,70999,70998,32,6,-1,1,0
71261,71263,71262,0,9,-1,1,0
71327,71329,71328,29,3,-1,1,0
71339,71341,71340,4,6,-1,1,0
71387,71389,71388,15,9,-1,1,0
71411,71413,71412,2,6,-1,1,0
71471,71473,71472,25,3,-1,1,0
71549,71551,71550,29,9,-1,1,0
71711,71713,71712,6,9,-1,1,0
71807,71809,71808,28,6,-1,1,0
71879,71881,71880,26,6,-1,1,0
72089,72091,72090,14,9,-1,1,0
72101,72103,72102,26,3,-1,1,0
72167,72169,72168,18,6,-1,1,0
72221,72223,72222,35,6,-1,1,0
72227,72229,72228,4,3,-1,1,0
72251,72253,72252,28,9,-1,1,0
72269,72271,72270,9,9,-1,1,0
72467,72469,72468,22,9,-1,1,0
72647,72649,72648,17,9,-1,1,0
72671,72673,72672,4,6,-1,1,0
72869,72871,72870,17,6,-1,1,0
73037,73039,73038,0,3,-1,1,0
73061,73063,73062,24,9,-1,1,0
73361,73363,73362,28,3,-1,1,0
73607,73609,73608,15,6,-1,1,0
73679,73681,73680,13,6,-1,1,0
73847,73849,73848,33,3,-1,1,0
74099,74101,74100,26,3,-1,1,0
74159,74161,74160,12,9,-1,1,0
74201,74203,74202,17,6,-1,1,0
74381,74383,74382,12,6,-1,1,0
74411,74413,74412,5,9,-1,1,0
74507,74509,74508,27,6,-1,1,0
74609,74611,74610,18,9,-1,1,0
74717,74719,74718,15,9,-1,1,0
74729,74731,74730,27,3,-1,1,0
74759,74761,74760,20,6,-1,1,0
75011,75013,75012,13,6,-1,1,0
75167,75169,75168,21,9,-1,1,0
75209,75211,75210,26,6,-1,1,0
75389,75391,75390,21,6,-1,1,0
75401,75403,75402,33,9,-1,1,0
75539,75541,75540,23,3,-1,1,0
75617,75619,75618,27,9,-1,1,0
75707,75709,75708,6,9,-1,1,0
75989,75991,75990,29,3,-1,1,0
76001,76003,76002,4,6,-1,1,0
76079,76081,76080,8,3,-1,1,0
76157,76159,76158,12,9,-1,1,0
76259,76261,76260,3,3,-1,1,0
76367,76369,76368,0,3,-1,1,0
76421,76423,76422,17,3,-1,1,0
76541,76543,76542,26,6,-1,1,0
76649,76651,76650,23,6,-1,1,0
76829,76831,76830,18,6,-1,1,0
76871,76873,76872,23,3,-1,1,0
76961,76963,76962,2,3,-1,1,0
77237,77239,77238,19,9,-1,1,0
77261,77263,77262,6,6,-1,1,0
77267,77269,77268,12,3,-1,1,0
77417,77419,77418,14,9,-1,1,0
77477,77479,77478,0,6,-1,1,0
77489,77491,77490,12,9,-1,1,0
77549,77551,77550,35,6,-1,1,0
77687,77689,77688,25,9,-1,1,0
77711,77713,77712,12,6,-1,1,0
78137,78139,78138,31,9,-1,1,0
78191,78193,78192,11,9,-1,1,0
78437,78439,78438,35,3,-1,1,0
78509,78511,78510,33,3,-1,1,0
78539,78541,78540,26,6,-1,1,0
78569,78571,78570,19,9,-1,1,0
78779,78781,78780,7,3,-1,1,0
78887,78889,78888,4,3,-1,1,0
78977,78979,78978,20,3,-1,1,0
79151,79153,79152,9,6,-1,1,0
79229,79231,79230,13,3,-1,1,0
79397,79399,79398,33,9,-1,1,0
79559,79561,79560,10,9,-1,1,0
79631,79633,79632,8,9,-1,1,0
79691,79693,79692,31,6,-1,1,0
79697,79699,79698,0,3,-1,1,0
79811,79813,79812,3,9,-1,1,0
79841,79843,79842,33,3,-1,1,0
79901,79903,79902,19,9,-1,1,0
79997,79999,79998,4,6,-1,1,0
80147,80149,80148,6,3,-1,1,0
80207,80209,80208,29,9,-1,1,0
80231,80233,80232,16,6,-1,1,0
80447,80449,80448,10,6,-1,1,0
80471,80473,80472,34,3,-1,1,0
80489,80491,80490,15,3,-1,1,0
80627,80629,80628,5,6,-1,1,0
80669,80671,80670,10,3,-1,1,0
80681,80683,80682,22,6,-1,1,0
80747,80749,80748,14,9,-1,1,0
80777,80779,80778,7,3,-1,1,0
80831,80833,80832,24,3,-1,1,0
80909,80911,80910,28,9,-1,1,0
81017,81019,81018,25,9,-1,1,0
81041,81043,81042,12,6,-1,1,0
81047,81049,81048,18,3,-1,1,0
81197,81199,81198,20,9,-1,1,0
81281,81283,81282,30,3,-1,1,0
81371,81373,81372,9,3,-1,1,0
81551,81553,81552,4,3,-1,1,0
81647,81649,81648,26,9,-1,1,0
81701,81703,81702,6,9,-1,1,0
81899,81901,81900,19,9,-1,1,0
81929,81931,81930,12,3,-1,1,0
81971,81973,81972,17,9,-1,1,0
82007,82009,82008,16,9,-1,1,0
82037,82039,82038,9,3,-1,1,0
82139,82141,82140,0,6,-1,1,0
82217,82219,82218,4,3,-1,1,0
82349,82351,82350,25,9,-1,1,0
82469,82471,82470,34,3,-1,1,0
82529,82531,82530,20,9,-1,1,0
82559,82561,82560,13,3,-1,1,0
82721,82723,82722,27,3,-1,1,0
82727,82729,82728,33,9,-1,1,0
82757,82759,82758,26,3,-1,1,0
82811,82813,82812,6,3,-1,1,0
82889,82891,82890,10,9,-1,1,0
83219,83221,83220,7,6,-1,1,0
83231,83233,83232,19,9,-1,1,0
83267,83269,83268,18,9,-1,1,0
83339,83341,83340,16,9,-1,1,0
83399,83401,83400,2,6,-1,1,0
83561,83563,83562,16,6,-1,1,0
83639,83641,83640,20,3,-1,1,0
83717,83719,83718,24,9,-1,1,0
84059,84061,84060,33,9,-1,1,0
84179,84181,84180,5,3,-1,1,0
84221,84223,84222,10,9,-1,1,0
84317,84319,84318,32,6,-1,1,0
84347,84349,84348,25,9,-1,1,0
84389,84391,84390,30,6,-1,1,0
84521,84523,84522,14,3,-1,1,0
84629,84631,84630,11,3,-1,1,0
84809,84811,84810,6,3,-1,1,0
84857,84859,84858,17,6,-1,1,0
84869,84871,84870,29,9,-1,1,0
84977,84979,84978,26,9,-1,1,0
85091,85093,85092,29,6,-1,1,0
85199,85201,85200,26,6,-1,1,0
85331,85333,85332,10,3,-1,1,0
85361,85363,85362,3,6,-1,1,0
85427,85429,85428,32,9,-1,1,0
85451,85453,85452,19,6,-1,1,0
85619,85621,85620,2,3,-1,1,0
85667,85669,85668,13,6,-1,1,0
85817,85819,85818,15,3,-1,1,0
85829,85831,85830,27,6,-1,1,0
85931,85933,85932,18,9,-1,1,0
86027,86029,86028,3,6,-1,1,0
86111,86113,86112,13,9,-1,1,0
86291,86293,86292,8,9,-1,1,0
86351,86353,86352,31,6,-1,1,0
86369,86371,86370,12,6,-1,1,0
86531,86533,86532,26,6,-1,1,0
86627,86629,86628,11,3,-1,1,0
86927,86929,86928,15,6,-1,1,0
87011,87013,87012,25,9,-1,1,0
87119,87121,87120,22,9,-1,1,0
87149,87151,87150,15,3,-1,1,0
87179,87181,87180,8,6,-1,1,0
87221,87223,87222,13,3,-1,1,0
87251,87253,87252,6,6,-1,1,0
87509,87511,87510,5,3,-1,1,0
87539,87541,87540,35,6,-1,1,0
87557,87559,87558,16,6,-1,1,0
87587,87589,87588,9,9,-1,1,0
87629,87631,87630,14,6,-1,1,0
87641,87643,87642,26,9,-1,1,0
87719,87721,87720,30,6,-1,1,0
87959,87961,87960,11,3,-1,1,0
88001,88003,88002,16,9,-1,1,0
88259,88261,88260,15,6,-1,1,0
88337,88339,88338,19,3,-1,1,0
88469,88471,88470,3,9,-1,1,0
88589,88591,88590,12,3,-1,1,0
88607,88609,88608,30,3,-1,1,0
88661,88663,88662,10,3,-1,1,0
88799,88801,88800,0,6,-1,1,0
88811,88813,88812,12,9,-1,1,0
88817,88819,88818,18,6,-1,1,0
89069,89071,89070,11,6,-1,1,0
89519,89521,89520,17,6,-1,1,0
89561,89563,89562,22,3,-1,1,0
89597,89599,89598,21,3,-1,1,0
89657,89659,89658,7,9,-1,1,0
89669,89671,89670,19,3,-1,1,0
89819,89821,89820,21,9,-1,1,0
89897,89899,89898,25,6,-1,1,0
90017,90019,90018,34,9,-1,1,0
90071,90073,90072,14,9,-1,1,0
90197,90199,90198,29,9,-1,1,0
90371,90373,90372,18,3,-1,1,0
90401,90403,90402,11,6,-1,1,0
90437,90439,90438,10,6,-1,1,0
90527,90529,90528,26,6,-1,1,0
90617,90619,90618,5,6,-1,1,0
90677,90679,90678,28,3,-1,1,0
90821,90823,90822,24,3,-1,1,0
91079,91081,91080,23,9,-1,1,0
91097,91099,91098,4,9,-1,1,0
91127,91129,91128,34,3,-1,1,0
91139,91141,91140,9,6,-1,1,0
91151,91153,91152,21,9,-1,1,0
91367,91369,91368,15,9,-1,1,0
91457,91459,91458,31,9,-1,1,0
91571,91573,91572,34,6,-1,1,0
91811,91813,91812,15,3,-1,1,0
91967,91969,91968,23,6,-1,1,0
92177,92179,92178,11,9,-1,1,0
92219,92221,92220,16,6,-1,1,0
92381,92383,92382,30,6,-1,1,0
92399,92401,92400,11,6,-1,1,0
92459,92461,92460,34,3,-1,1,0
92567,92569,92568,31,3,-1,1,0
92639,92641,92640,29,3,-1,1,0
92669,92671,92670,22,6,-1,1,0
92681,92683,92682,34,9,-1,1,0
92789,92791,92790,31,9,-1,1,0
92861,92863,92862,29,9,-1,1,0
92957,92959,92958,14,6,-1,1,0
93131,93133,93132,3,9,-1,1,0
93239,93241,93240,0,9,-1,1,0
93251,93253,93252,12,3,-1,1,0
93281,93283,93282,5,6,-1,1,0
93479,93481,93480,18,6,-1,1,0
93491,93493,93492,30,9,-1,1,0
93557,93559,93558,22,3,-1,1,0
93701,93703,93702,18,3,-1,1,0
93761,93763,93762,4,9,-1,1,0
93809,93811,93810,15,3,-1,1,0
93887,93889,93888,19,9,-1,1,0
93911,93913,93912,6,6,-1,1,0
94007,94009,94008,28,3,-1,1,0
94109,94111,94110,19,6,-1,1,0
94151,94153,94152,24,3,-1,1,0
94307,94309,94308,32,6,-1,1,0
94349,94351,94350,0,3,-1,1,0
94397,94399,94398,11,6,-1,1,0
94439,94441,94440,16,3,-1,1,0
94529,94531,94530,32,3,-1,1,0
94541,94543,94542,7,6,-1,1,0
94559,94561,94560,25,6,-1,1,0
94649,94651,94650,4,6,-1,1,0
94847,94849,94848,17,6,-1,1,0
94949,94951,94950,8,9,-1,1,0
95087,95089,95088,35,3,-1,1,0
95189,95191,95190,26,6,-1,1,0
95231,95233,95232,31,3,-1,1,0
95441,95443,95442,19,6,-1,1,0
95789,95791,95790,34,3,-1,1,0
95801,95803,95802,9,6,-1,1,0
95957,95959,95958,17,9,-1,1,0
95987,95989,95988,10,3,-1,1,0
96179,96181,96180,17,6,-1,1,0
96221,96223,96222,22,3,-1,1,0
96329,96331,96330,19,3,-1,1,0
96587,96589,96588,18,9,-1,1,0
96737,96739,96738,20,6,-1,1,0
96797,96799,96798,6,3,-1,1,0
96821,96823,96822,30,9,-1,1,0
97001,97003,97002,25,9,-1,1,0
97157,97159,97158,33,3,-1,1,0
97169,97171,97170,8,6,-1,1,0
97301,97303,97302,29,3,-1,1,0
97367,97369,97368,21,6,-1,1,0
97379,97381,97380,33,9,-1,1,0
97499,97501,97500,5,3,-1,1,0
97547,97549,97548,16,6,-1,1,0
97577,97579,97578,9,9,-1,1,0
97607,97609,97608,2,3,-1,1,0
97649,97651,97650,7,9,-1,1,0
97787,97789,97788,34,3,-1,1,0
97841,97843,97842,14,3,-1,1,0
97847,97849,97848,20,9,-1,1,0
97859,97861,97860,32,3,-1,1,0
98009,98011,98010,34,9,-1,1,0
98297,98299,98298,26,9,-1,1,0
98321,98323,98322,13,6,-1,1,0
98387,98389,98388,5,9,-1,1,0
98561,98563,98562,31,3,-1,1,0
98639,98641,98640,35,9,-1,1,0
98711,98713,98712,33,9,-1,1,0
98729,98731,98730,14,9,-1,1,0
98807,98809,98808,18,6,-1,1,0
98867,98869,98868,4,3,-1,1,0
98897,98899,98898,34,6,-1,1,0
98909,98911,98910,9,9,-1,1,0
98927,98929,98928,27,9,-1,1,0
99131,99133,99132,9,6,-1,1,0
99137,99139,99138,15,3,-1,1,0
99257,99259,99258,24,6,-1,1,0
99347,99349,99348,3,6,-1,1,0
99527,99529,99528,35,6,-1,1,0
99707,99709,99708,30,6,-1,1,0
99719,99721,99720,5,9,-1,1,0
99989,99991,99990,16,9,-1,1,0
100151,100153,100152,30,9,-1,1,0
100361,100363,100362,18,3,-1,1,0
100391,100393,100392,11,6,-1,1,0
100517,100519,100518,26,6,-1,1,0
100547,100549,100548,19,9,-1,1,0
100799,100801,100800,12,9,-1,1,0
101111,101113,101112,28,6,-1,1,0
101117,101119,101118,34,3,-1,1,0
101159,101161,101160,2,9,-1,1,0
101207,101209,101208,13,3,-1,1,0
101279,101281,101280,11,3,-1,1,0
101501,101503,101502,11,9,-1,1,0
101531,101533,101532,4,3,-1,1,0
101747,101749,101748,35,3,-1,1,0
101837,101839,101838,14,3,-1,1,0
101999,102001,102000,28,3,-1,1,0
102059,102061,102060,14,9,-1,1,0
102077,102079,102078,32,9,-1,1,0
102101,102103,102102,19,6,-1,1,0
102197,102199,102198,4,3,-1,1,0
102251,102253,102252,21,3,-1,1,0
102299,102301,102300,32,6,-1,1,0
102407,102409,102408,29,6,-1,1,0
102497,102499,102498,8,6,-1,1,0
102677,102679,102678,3,6,-1,1,0
102761,102763,102762,13,9,-1,1,0
102911,102913,102912,15,6,-1,1,0
102929,102931,102930,33,6,-1,1,0
103067,103069,103068,23,9,-1,1,0
103091,103093,103092,10,6,-1,1,0
103289,103291,103290,23,6,-1,1,0
103391,103393,103392,14,9,-1,1,0
103421,103423,103422,7,3,-1,1,0
103811,103813,103812,27,6,-1,1,0
103841,103843,103842,20,9,-1,1,0
103967,103969,103968,35,9,-1,1,0
103979,103981,103980,10,3,-1,1,0
103991,103993,103992,22,6,-1,1,0
104087,104089,104088,7,3,-1,1,0
104147,104149,104148,30,9,-1,1,0
104231,104233,104232,3,3,-1,1,0
104309,104311,104310,7,9,-1,1,0
104381,104383,104382,5,9,-1,1,0
104471,104473,104472,21,9,-1,1,0
104549,104551,104550,25,6,-1,1,0
104681,104683,104682,9,3,-1,1,0
104759,104761,104760,13,9,-1,1,0
104801,104803,104802,18,6,-1,1,0
104849,104851,104850,29,9,-1,1,0
105227,105229,105228,0,9,-1,1,0
105251,105253,105252,24,6,-1,1,0
105359,105361,105360,21,6,-1,1,0
105527,105529,105528,4,3,-1,1,0
105767,105769,105768,22,9,-1,1,0
106031,106033,106032,27,3,-1,1,0
106121,106123,106122,6,3,-1,1,0
106187,106189,106188,35,6,-1,1,0
106217,106219,106218,28,9,-1,1,0
106277,106279,106278,14,6,-1,1,0
106319,106321,106320,19,3,-1,1,0
106451,106453,106452,3,9,-1,1,0
106541,106543,106542,19,9,-1,1,0
106619,106621,106620,23,6,-1,1,0
106661,106663,106662,28,3,-1,1,0
106751,106753,106752,7,3,-1,1,0
106781,106783,106782,0,6,-1,1,0
106859,106861,106860,4,3,-1,1,0
106961,106963,106962,32,6,-1,1,0
107069,107071,107070,29,6,-1,1,0
107099,107101,107100,22,9,-1,1,0
107507,107509,107508,23,3,-1,1,0
107717,107719,107718,11,6,-1,1,0
107837,107839,107838,20,9,-1,1,0
108011,108013,108012,9,3,-1,1,0
108107,108109,108108,31,9,-1,1,0
108191,108193,108192,4,3,-1,1,0
108287,108289,108288,26,9,-1,1,0
108377,108379,108378,5,9,-1,1,0
108461,108463,108462,15,3,-1,1,0
108497,108499,108498,14,3,-1,1,0
108707,108709,108708,2,6,-1,1,0
108791,108793,108792,12,9,-1,1,0
108881,108883,108882,28,9,-1,1,0
108947,108949,108948,20,3,-1,1,0
108959,108961,108960,32,6,-1,1,0
109139,109141,109140,27,6,-1,1,0
109169,109171,109170,20,9,-1,1,0
109199,109201,109200,13,3,-1,1,0
109451,109453,109452,6,3,-1,1,0
109469,109471,109470,24,3,-1,1,0
109517,109519,109518,35,6,-1,1,0
109619,109621,109620,26,9,-1,1,0
109661,109663,109662,31,6,-1,1,0
109829,109831,109830,14,3,-1,1,0
109841,109843,109842,26,6,-1,1,0
109847,109849,109848,32,3,-1,1,0
110321,110323,110322,25,9,-1,1,0
110477,110479,110478,33,3,-1,1,0
110501,110503,110502,20,9,-1,1,0
110567,110569,110568,12,3,-1,1,0
110729,110731,110730,26,3,-1,1,0
110819,110821,110820,5,3,-1,1,0
110879,110881,110880,28,9,-1,1,0
110921,110923,110922,33,6,-1,1,0
111029,111031,111030,30,6,-1,1,0
111119,111121,111120,9,6,-1,1,0
111227,111229,111228,6,6,-1,1,0
111269,111271,111270,11,3,-1,1,0
111491,111493,111492,11,9,-1,1,0
111731,111733,111732,29,6,-1,1,0
111779,111781,111780,3,9,-1,1,0
111827,111829,111828,14,3,-1,1,0
111869,111871,111870,19,9,-1,1,0
112067,112069,112068,32,9,-1,1,0
112247,112249,112248,27,9,-1,1,0
112289,112291,112290,32,6,-1,1,0
112337,112339,112338,6,9,-1,1,0
112361,112363,112362,30,6,-1,1,0
112571,112573,112572,18,9,-1,1,0
112601,112603,112602,11,3,-1,1,0
112757,112759,112758,19,6,-1,1,0
112919,112921,112920,33,6,-1,1,0
113021,113023,113022,24,9,-1,1,0
113039,113041,113040,5,9,-1,1,0
113081,113083,113082,10,6,-1,1,0
113147,113149,113148,2,9,-1,1,0
113159,113161,113160,14,3,-1,1,0
113171,113173,113172,26,6,-1,1,0
113327,113329,113328,34,9,-1,1,0
113357,113359,113358,27,3,-1,1,0
113381,113383,113382,14,9,-1,1,0
113537,113539,113538,22,3,-1,1,0
113621,113623,113622,32,6,-1,1,0
113717,113719,113718,17,3,-1,1,0
113759,113761,113760,22,9,-1,1,0
113777,113779,113778,3,9,-1,1,0
114041,114043,114042,8,3,-1,1,0
114197,114199,114198,16,6,-1,1,0
114599,114601,114600,11,3,-1,1,0
114641,114643,114642,16,9,-1,1,0
114659,114661,114660,34,9,-1,1,0
114689,114691,114690,27,3,-1,1,0
114797,114799,114798,24,3,-1,1,0
115019,115021,115020,24,9,-1,1,0
115151,115153,115152,8,6,-1,1,0
115301,115303,115302,10,3,-1,1,0
115319,115321,115320,28,3,-1,1,0
115361,115363,115362,33,9,-1,1,0
115469,115471,115470,30,9,-1,1,0
115601,115603,115602,14,6,-1,1,0
115769,115771,115770,34,3,-1,1,0
115781,115783,115782,9,6,-1,1,0
115859,115861,115860,13,3,-1,1,0
115877,115879,115878,31,3,-1,1,0
115901,115903,115902,18,9,-1,1,0
115931,115933,115932,11,3,-1,1,0
115979,115981,115980,22,6,-1,1,0
116099,116101,116100,31,9,-1,1,0
116189,116191,116190,10,9,-1,1,0
116531,116533,116532,19,9,-1,1,0
116537,116539,116538,25,6,-1,1,0
116687,116689,116688,27,3,-1,1,0
116789,116791,116790,18,6,-1,1,0
116927,116929,116928,8,9,-1,1,0
117041,117043,117042,11,6,-1,1,0
117191,117193,117192,13,3,-1,1,0
117239,117241,117240,24,6,-1,1,0
117329,117331,117330,3,6,-1,1,0
117371,117373,117372,8,3,-1,1,0
117497,117499,117498,23,3,-1,1,0
117539,117541,117540,28,9,-1,1,0
117617,117619,117618,32,6,-1,1,0
117671,117673,117672,12,6,-1,1,0
117701,117703,117702,5,9,-1,1,0
117809,117811,117810,2,9,-1,1,0
117839,117841,117840,32,3,-1,1,0
117881,117883,117882,0,9,-1,1,0
117977,117979,117978,22,6,-1,1,0
117989,117991,117990,34,9,-1,1,0
118169,118171,118170,29,9,-1,1,0
118211,118213,118212,34,6,-1,1,0
118247,118249,118248,33,6,-1,1,0
118409,118411,118410,10,6,-1,1,0
118619,118621,118620,35,9,-1,1,0
118799,118801,118800,30,9,-1,1,0
118901,118903,118902,21,3,-1,1,0
119087,119089,119088,22,9,-1,1,0
119099,119101,119100,34,3,-1,1,0
119129,119131,119130,27,6,-1,1,0
119291,119293,119292,4,6,-1,1,0
119297,119299,119298,10,3,-1,1,0
119417,119419,119418,19,6,-1,1,0
119549,119551,119550,3,3,-1,1,0
119657,119659,119658,0,3,-1,1,0
119687,119689,119688,30,6,-1,1,0
119699,119701,119700,5,9,-1,1,0
119771,119773,119772,3,9,-1,1,0
119849,119851,119850,7,6,-1,1,0
119921,119923,119922,5,6,-1,1,0
119981,119983,119982,28,3,-1,1,0
120047,120049,120048,20,6,-1,1,0
120077,120079,120078,13,9,-1,1,0
120689,120691,120690,33,9,-1,1,0
120737,120739,120738,7,3,-1,1,0
120917,120919,120918,2,3,-1,1,0
120941,120943,120942,26,9,-1,1,0
121019,121021,121020,30,6,-1,1,0
121061,121063,121062,35,3,-1,1,0
121169,121171,121170,32,3,-1,1,0
121349,121351,121350,27,3,-1,1,0
121367,121369,121368,8,3,-1,1,0
121439,121441,121440,6,3,-1,1,0
121577,121579,121578,33,6,-1,1,0
121607,121609,121608,26,9,-1,1,0
121631,121633,121632,13,6,-1,1,0
121787,121789,121788,21,9,-1,1,0
121949,121951,121950,35,9,-1,1,0
122027,122029,122028,2,6,-1,1,0
122039,122041,122040,14,9,-1,1,0
122051,122053,122052,26,3,-1,1,0
122147,122149,122148,11,9,-1,1,0
122201,122203,122202,28,9,-1,1,0
122207,122209,122208,34,6,-1,1,0
122321,122323,122322,0,3,-1,1,0
122387,122389,122388,29,6,-1,1,0
122399,122401,122400,4,9,-1,1,0
122501,122503,122502,32,3,-1,1,0
122597,122599,122598,17,9,-1,1,0
122609,122611,122610,29,3,-1,1,0
122651,122653,122652,34,9,-1,1,0
122741,122743,122742,13,9,-1,1,0
122867,122869,122868,28,9,-1,1,0
123377,123379,123378,20,6,-1,1,0
123491,123493,123492,23,3,-1,1,0
123551,123553,123552,9,9,-1,1,0
123581,123583,123582,2,3,-1,1,0
123731,123733,123732,4,9,-1,1,0
124121,124123,124122,24,3,-1,1,0
124181,124183,124182,10,9,-1,1,0
124247,124249,124248,2,3,-1,1,0
124301,124303,124302,19,3,-1,1,0
124337,124339,124338,18,3,-1,1,0
124349,124351,124350,30,6,-1,1,0
124427,124429,124428,34,3,-1,1,0
124541,124543,124542,0,9,-1,1,0
124769,124771,124770,6,3,-1,1,0
124781,124783,124782,18,6,-1,1,0
124907,124909,124908,33,6,-1,1,0
124979,124981,124980,31,6,-1,1,0
125117,125119,125118,21,9,-1,1,0
125219,125221,125220,12,3,-1,1,0
125507,125509,125508,4,3,-1,1,0
125639,125641,125640,25,9,-1,1,0
125789,125791,125790,27,6,-1,1,0
125897,125899,125898,24,6,-1,1,0
125927,125929,125928,17,9,-1,1,0
126011,126013,126012,27,3,-1,1,0
126227,126229,126228,21,3,-1,1,0
126491,126493,126492,26,6,-1,1,0
126611,126613,126612,35,9,-1,1,0
126857,126859,126858,22,3,-1,1,0
127031,127033,127032,11,6,-1,1,0
127079,127081,127080,22,9,-1,1,0
127217,127219,127218,12,3,-1,1,0
127247,127249,127248,5,6,-1,1,0
127289,127291,127290,10,3,-1,1,0
127607,127609,127608,32,6,-1,1,0
127679,127681,127680,30,6,-1,1,0
127709,127711,127710,23,9,-1,1,0
127817,127819,127818,20,9,-1,1,0
128111,128113,128112,18,6,-1,1,0
128201,128203,128202,34,6,-1,1,0
128237,128239,128238,33,6,-1,1,0
128339,128341,128340,24,9,-1,1,0
128411,128413,128412,22,9,-1,1,0
128519,128521,128520,19,9,-1,1,0
128549,128551,128550,12,3,-1,1,0
128657,128659,128658,9,3,-1,1,0
128747,128749,128748,25,3,-1,1,0
128831,128833,128832,35,6,-1,1,0
128939,128941,128940,32,6,-1,1,0
128969,128971,128970,25,9,-1,1,0
128981,128983,128982,0,3,-1,1,0
129119,129121,129120,27,6,-1,1,0
129221,129223,129222,18,9,-1,1,0
129287,129289,129288,10,3,-1,1,0
129401,129403,129402,13,9,-1,1,0
129497,129499,129498,35,6,-1,1,0
129527,129529,129528,28,9,-1,1,0
129587,129589,129588,14,6,-1,1,0
129629,129631,129630,19,3,-1,1,0
129641,129643,129642,31,6,-1,1,0
129917,129919,129918,11,3,-1,1,0
130199,130201,130200,34,6,-1,1,0
130259,130261,130260,20,3,-1,1,0
130367,130369,130368,17,3,-1,1,0
130409,130411,130410,22,9,-1,1,0
130619,130621,130620,10,3,-1,1,0
130631,130633,130632,22,6,-1,1,0
130649,130651,130650,3,6,-1,1,0
130841,130843,130842,10,9,-1,1,0
131009,131011,131010,30,6,-1,1,0
131111,131113,131112,21,9,-1,1,0
131249,131251,131250,11,3,-1,1,0
131447,131449,131448,24,3,-1,1,0
131477,131479,131478,17,6,-1,1,0
131639,131641,131640,31,6,-1,1,0
131711,131713,131712,29,6,-1,1,0
131777,131779,131778,21,9,-1,1,0
131837,131839,131838,7,6,-1,1,0
131891,131893,131892,24,6,-1,1,0
131939,131941,131940,35,9,-1,1,0
132047,132049,132048,32,9,-1,1,0
132329,132331,132330,18,3,-1,1,0
132437,132439,132438,15,3,-1,1,0
132527,132529,132528,31,3,-1,1,0
132707,132709,132708,26,3,-1,1,0
132749,132751,132750,31,9,-1,1,0
132761,132763,132762,6,3,-1,1,0
132857,132859,132858,28,9,-1,1,0
132947,132949,132948,7,9,-1,1,0
133277,133279,133278,4,6,-1,1,0
133319,133321,133320,9,3,-1,1,0
133349,133351,133350,2,6,-1,1,0
133541,133543,133542,9,9,-1,1,0
133631,133633,133632,25,9,-1,1,0
133709,133711,133710,29,6,-1,1,0
133811,133813,133812,20,9,-1,1,0
133979,133981,133980,3,6,-1,1,0
134087,134089,134088,0,6,-1,1,0
134291,134293,134292,19,3,-1,1,0
134339,134341,134340,30,6,-1,1,0
134369,134371,134370,23,9,-1,1,0
134399,134401,134400,16,3,-1,1,0
134591,134593,134592,23,6,-1,1,0
134681,134683,134682,2,6,-1,1,0
134837,134839,134838,10,9,-1,1,0
134921,134923,134922,20,3,-1,1,0
135017,135019,135018,5,9,-1,1,0
135209,135211,135210,12,3,-1,1,0
135281,135283,135282,10,3,-1,1,0
135347,135349,135348,2,6,-1,1,0
135389,135391,135390,7,3,-1,1,0
135431,135433,135432,12,9,-1,1,0
135461,135463,135462,5,3,-1,1,0
135467,135469,135468,11,9,-1,1,0
135599,135601,135600,32,6,-1,1,0
135647,135649,135648,6,9,-1,1,0
135719,135721,135720,4,9,-1,1,0
135911,135913,135912,11,3,-1,1,0
135977,135979,135978,3,6,-1,1,0
136067,136069,136068,19,6,-1,1,0
136397,136399,136398,16,3,-1,1,0
136481,136483,136482,26,6,-1,1,0
136601,136603,136602,35,9,-1,1,0
136649,136651,136650,9,3,-1,1,0
136691,136693,136692,14,9,-1,1,0
136709,136711,136710,32,9,-1,1,0
136751,136753,136752,0,6,-1,1,0
136811,136813,136812,23,3,-1,1,0
136859,136861,136860,34,6,-1,1,0
136949,136951,136950,13,6,-1,1,0
136991,136993,136992,18,3,-1,1,0
137087,137089,137088,3,9,-1,1,0
137117,137119,137118,33,3,-1,1,0
137339,137341,137340,33,9,-1,1,0
137867,137869,137868,6,6,-1,1,0
137909,137911,137910,11,3,-1,1,0
138077,138079,138078,31,9,-1,1,0
138179,138181,138180,22,3,-1,1,0
138239,138241,138240,8,9,-1,1,0
138371,138373,138372,29,6,-1,1,0
138401,138403,138402,22,9,-1,1,0
138449,138451,138450,33,3,-1,1,0
138569,138571,138570,5,6,-1,1,0
138797,138799,138798,11,9,-1,1,0
139121,139123,139122,2,9,-1,1,0
139199,139201,139200,6,6,-1,1,0
139301,139303,139302,34,9,-1,1,0
139367,139369,139368,26,3,-1,1,0
139457,139459,139458,5,3,-1,1,0
139589,139591,139590,26,9,-1,1,0
139661,139663,139662,24,9,-1,1,0
139967,139969,139968,34,9,-1,1,0
140069,140071,140070,25,3,-1,1,0
140417,140419,140418,3,9,-1,1,0
140549,140551,140550,24,6,-1,1,0
140627,140629,140628,28,3,-1,1,0
140681,140683,140682,8,3,-1,1,0
140729,140731,140730,19,6,-1,1,0
140759,140761,140760,12,9,-1,1,0
140837,140839,140838,16,6,-1,1,0
140867,140869,140868,9,9,-1,1,0
140891,140893,140892,33,6,-1,1,0
141179,141181,141180,25,6,-1,1,0
141221,141223,141222,30,3,-1,1,0
141497,141499,141498,10,9,-1,1,0
141509,141511,141510,22,3,-1,1,0
141677,141679,141678,5,9,-1,1,0
141707,141709,141708,35,3,-1,1,0
141767,141769,141768,21,9,-1,1,0
141851,141853,141852,31,3,-1,1,0
141959,141961,141960,28,3,-1,1,0
142097,142099,142098,18,6,-1,1,0
142157,142159,142158,4,3,-1,1,0
142589,142591,142590,29,3,-1,1,0
142607,142609,142608,10,3,-1,1,0
142697,142699,142698,26,3,-1,1,0
142757,142759,142758,12,9,-1,1,0
142787,142789,142788,5,3,-1,1,0
142871,142873,142872,15,6,-1,1,0
142979,142981,142980,12,6,-1,1,0
143111,143113,143112,33,3,-1,1,0
143261,143263,143262,35,9,-1,1,0
143501,143503,143502,16,6,-1,1,0
143567,143569,143568,8,9,-1,1,0
143651,143653,143652,18,3,-1,1,0
143831,143833,143832,13,3,-1,1,0
143879,143881,143880,24,6,-1,1,0
144071,144073,144072,31,9,-1,1,0
144161,144163,144162,10,9,-1,1,0
144167,144169,144168,16,6,-1,1,0
144407,144409,144408,34,3,-1,1,0
144479,144481,144480,32,3,-1,1,0
144539,144541,144540,18,9,-1,1,0
144887,144889,144888,33,6,-1,1,0
145007,145009,145008,5,9,-1,1,0
145511,145513,145512,28,9,-1,1,0
145547,145549,145548,27,9,-1,1,0
145601,145603,145602,7,9,-1,1,0
145679,145681,145680,11,6,-1,1,0
145721,145723,145722,16,3,-1,1,0
145757,145759,145758,15,3,-1,1,0
145931,145933,145932,4,6,-1,1,0
145967,145969,145968,3,6,-1,1,0
146009,146011,146010,8,3,-1,1,0
146021,146023,146022,20,6,-1,1,0
146057,146059,146058,19,6,-1,1,0
146297,146299,146298,0,3,-1,1,0
146381,146383,146382,10,6,-1,1,0
146519,146521,146520,0,9,-1,1,0
146681,146683,146682,14,9,-1,1,0
146891,146893,146892,2,3,-1,1,0
146987,146989,146988,24,9,-1,1,0
147029,147031,147030,29,6,-1,1,0
147137,147139,147138,26,6,-1,1,0
147209,147211,147210,24,6,-1,1,0
147227,147229,147228,5,6,-1,1,0
147449,147451,147450,5,3,-1,1,0
147671,147673,147672,5,9,-1,1,0
148061,148063,148062,25,3,-1,1,0
148151,148153,148152,4,3,-1,1,0
148199,148201,148200,15,6,-1,1,0
148301,148303,148302,6,9,-1,1,0
148469,148471,148470,26,6,-1,1,0
148667,148669,148668,2,6,-1,1,0
148691,148693,148692,26,3,-1,1,0
148721,148723,148722,19,6,-1,1,0
148781,148783,148782,5,3,-1,1,0
148859,148861,148860,9,9,-1,1,0
148931,148933,148932,7,9,-1,1,0
149057,149059,149058,22,9,-1,1,0
149099,149101,149100,27,6,-1,1,0
149111,149113,149112,2,9,-1,1,0
149159,149161,149160,13,3,-1,1,0
149249,149251,149250,29,3,-1,1,0
149417,149419,149418,12,9,-1,1,0
149489,149491,149490,10,9,-1,1,0
149519,149521,149520,3,3,-1,1,0
149531,149533,149532,15,6,-1,1,0
149561,149563,149562,8,9,-1,1,0
149627,149629,149628,0,3,-1,1,0
149711,149713,149712,10,6,-1,1,0
149729,149731,149730,28,6,-1,1,0
149837,149839,149838,25,6,-1,1,0
149909,149911,149910,23,6,-1,1,0
149969,149971,149970,9,3,-1,1,0
150089,150091,150090,18,6,-1,1,0
150209,150211,150210,27,9,-1,1,0
150221,150223,150222,2,3,-1,1,0
150299,150301,150300,6,9,-1,1,0
150377,150379,150378,10,6,-1,1,0
150587,150589,150588,35,9,-1,1,0
150767,150769,150768,30,9,-1,1,0
150881,150883,150882,33,6,-1,1,0
150959,150961,150960,0,3,-1,1,0
150989,150991,150990,30,6,-1,1,0
151007,151009,151008,11,6,-1,1,0
151049,151051,151050,16,3,-1,1,0
151169,151171,151170,25,6,-1,1,0
151241,151243,151242,23,6,-1,1,0
151337,151339,151338,8,3,-1,1,0
151379,151381,151380,13,9,-1,1,0
151607,151609,151608,19,3,-1,1,0
151769,151771,151770,33,3,-1,1,0
151847,151849,151848,0,9,-1,1,0
151901,151903,151902,17,9,-1,1,0
151937,151939,151938,16,9,-1,1,0
151967,151969,151968,9,3,-1,1,0
152027,152029,152028,32,9,-1,1,0
152039,152041,152040,7,3,-1,1,0
152081,152083,152082,12,9,-1,1,0
152417,152419,152418,15,3,-1,1,0
152441,152443,152442,2,9,-1,1,0
152459,152461,152460,20,9,-1,1,0
152531,152533,152532,18,9,-1,1,0
152597,152599,152598,10,3,-1,1,0
152639,152641,152640,15,9,-1,1,0
152819,152821,152820,10,9,-1,1,0
152837,152839,152838,28,9,-1,1,0
152897,152899,152898,14,6,-1,1,0
152939,152941,152940,19,3,-1,1,0
153071,153073,153072,3,9,-1,1,0
153269,153271,153270,16,9,-1,1,0
153407,153409,153408,6,3,-1,1,0
153509,153511,153510,34,6,-1,1,0
153521,153523,153522,9,9,-1,1,0
153887,153889,153888,5,6,-1,1,0
153911,153913,153912,29,3,-1,1,0
153947,153949,153948,28,3,-1,1,0
154079,154081,154080,12,9,-1,1,0
154157,154159,154158,16,6,-1,1,0
154181,154183,154182,3,3,-1,1,0
154211,154213,154212,33,6,-1,1,0
154277,154279,154278,25,9,-1,1,0
154571,154573,154572,23,6,-1,1,0
154589,154591,154590,4,6,-1,1,0
154619,154621,154620,34,9,-1,1,0
154667,154669,154668,8,3,-1,1,0
154787,154789,154788,17,6,-1,1,0
154871,154873,154872,27,9,-1,1,0
155081,155083,155082,15,3,-1,1,0
155201,155203,155202,24,6,-1,1,0
155381,155383,155382,19,6,-1,1,0
155537,155539,155538,27,9,-1,1,0
155579,155581,155580,32,6,-1,1,0
155717,155719,155718,22,9,-1,1,0
155849,155851,155850,6,6,-1,1,0
155861,155863,155862,18,9,-1,1,0
155891,155893,155892,11,3,-1,1,0
156059,156061,156060,31,9,-1,1,0
156227,156229,156228,14,6,-1,1,0
156257,156259,156258,7,9,-1,1,0
156419,156421,156420,21,9,-1,1,0
156491,156493,156492,19,9,-1,1,0
156677,156679,156678,20,6,-1,1,0
156797,156799,156798,29,9,-1,1,0
156899,156901,156900,20,3,-1,1,0
156941,156943,156942,25,9,-1,1,0
157049,157051,157050,22,9,-1,1,0
157217,157219,157218,5,6,-1,1,0
157229,157231,157230,17,9,-1,1,0
157271,157273,157272,22,6,-1,1,0
157277,157279,157278,28,3,-1,1,0
157349,157351,157350,26,3,-1,1,0
157427,157429,157428,30,9,-1,1,0
157559,157561,157560,14,6,-1,1,0
157637,157639,157638,18,3,-1,1,0
157667,157669,157668,11,6,-1,1,0
157769,157771,157770,2,9,-1,1,0
157931,157933,157932,16,9,-1,1,0
158141,158143,158142,4,3,-1,1,0
158231,158233,158232,20,3,-1,1,0
158357,158359,158358,35,3,-1,1,0
158747,158749,158748,18,6,-1,1,0
158759,158761,158760,30,9,-1,1,0
159167,159169,159168,31,3,-1,1,0
159191,159193,159192,18,9,-1,1,0
159347,159349,159348,26,3,-1,1,0
159539,159541,159540,33,6,-1,1,0
159569,159571,159570,26,9,-1,1,0
159629,159631,159630,12,6,-1,1,0
159671,159673,159672,17,3,-1,1,0
159737,159739,159738,9,6,-1,1,0
159791,159793,159792,26,6,-1,1,0
159869,159871,159870,30,3,-1,1,0
159977,159979,159978,27,3,-1,1,0
160031,160033,160032,7,3,-1,1,0
160079,160081,160080,18,6,-1,1,0
160091,160093,160092,30,9,-1,1,0
160481,160483,160482,13,3,-1,1,0
160619,160621,160620,3,6,-1,1,0
160637,160639,160638,21,6,-1,1,0
160649,160651,160650,33,9,-1,1,0
160709,160711,160710,19,6,-1,1,0
160751,160753,160752,24,3,-1,1,0
160877,160879,160878,2,3,-1,1,0
160967,160969,160968,18,3,-1,1,0
161339,161341,161340,20,6,-1,1,0
161459,161461,161460,29,9,-1,1,0
161561,161563,161562,20,3,-1,1,0
161639,161641,161640,24,9,-1,1,0
161729,161731,161730,3,9,-1,1,0
161741,161743,161742,15,3,-1,1,0
161771,161773,161772,8,6,-1,1,0
161879,161881,161880,5,6,-1,1,0
161921,161923,161922,10,3,-1,1,0
161969,161971,161970,21,6,-1,1,0
162287,162289,162288,6,9,-1,1,0
162389,162391,162390,34,3,-1,1,0
162527,162529,162528,24,6,-1,1,0
162749,162751,162750,24,3,-1,1,0
162821,162823,162822,22,3,-1,1,0
162971,162973,162972,24,9,-1,1,0
163019,163021,163020,35,3,-1,1,0
163061,163063,163062,3,9,-1,1,0
163127,163129,163128,32,3,-1,1,0
163169,163171,163170,0,9,-1,1,0
163307,163309,163308,27,3,-1,1,0
163409,163411,163410,18,6,-1,1,0
163481,163483,163482,16,6,-1,1,0
163859,163861,163860,24,6,-1,1,0
163979,163981,163980,33,9,-1,1,0
163991,163993,163992,8,3,-1,1,0
164147,164149,164148,16,6,-1,1,0
164231,164233,164232,26,9,-1,1,0
164249,164251,164250,7,9,-1,1,0
164429,164431,164430,2,9,-1,1,0
164447,164449,164448,20,9,-1,1,0
164621,164623,164622,9,3,-1,1,0
164837,164839,164838,3,3,-1,1,0
164999,165001,165000,17,3,-1,1,0
165047,165049,165048,28,6,-1,1,0
165311,165313,165312,33,9,-1,1,0
165551,165553,165552,14,6,-1,1,0
165587,165589,165588,13,6,-1,1,0
165701,165703,165702,16,3,-1,1,0
165707,165709,165708,22,9,-1,1,0
165719,165721,165720,34,3,-1,1,0
166301,166303,166302,24,9,-1,1,0
166349,166351,166350,35,3,-1,1,0
166601,166603,166602,28,3,-1,1,0
166667,166669,166668,20,6,-1,1,0
166739,166741,166740,18,6,-1,1,0
166781,166783,166782,23,3,-1,1,0
166841,166843,166842,9,9,-1,1,0
166847,166849,166848,15,6,-1,1,0
167021,167023,167022,4,9,-1,1,0
167117,167119,167118,26,6,-1,1,0
167267,167269,167268,28,3,-1,1,0
167309,167311,167310,33,9,-1,1,0
167339,167341,167340,26,3,-1,1,0
167441,167443,167442,17,6,-1,1,0
167621,167623,167622,12,6,-1,1,0
167777,167779,167778,20,9,-1,1,0
167861,167863,167862,30,3,-1,1,0
168449,168451,168450,26,6,-1,1,0
168599,168601,168600,28,3,-1,1,0
168629,168631,168630,21,6,-1,1,0
168899,168901,168900,32,6,-1,1,0
169007,169009,169008,29,6,-1,1,0
169067,169069,169068,15,3,-1,1,0
169217,169219,169218,17,9,-1,1,0
169241,169243,169242,4,6,-1,1,0
169319,169321,169320,8,3,-1,1,0
169691,169693,169692,10,6,-1,1,0
169751,169753,169752,33,3,-1,1,0
169889,169891,169890,23,6,-1,1,0
170099,170101,170100,11,9,-1,1,0
170351,170353,170352,4,9,-1,1,0
170369,170371,170370,22,9,-1,1,0
170537,170539,170538,5,6,-1,1,0
170759,170761,170760,5,3,-1,1,0
171047,171049,171048,34,3,-1,1,0
171077,171079,171078,27,6,-1,1,0
171161,171163,171162,0,9,-1,1,0
171167,171169,171168,6,6,-1,1,0
171251,171253,171252,16,9,-1,1,0
171401,171403,171402,18,6,-1,1,0
171467,171469,171468,10,9,-1,1,0
171539,171541,171540,8,9,-1,1,0
171671,171673,171672,29,6,-1,1,0
171761,171763,171762,8,6,-1,1,0
172169,172171,172170,9,9,-1,1,0
172217,172219,172218,20,3,-1,1,0
172421,172423,172422,2,9,-1,1,0
172439,172441,172440,20,9,-1,1,0
172517,172519,172518,24,6,-1,1,0
173021,173023,173022,10,6,-1,1,0
173189,173191,173190,30,3,-1,1,0
173207,173209,173208,11,3,-1,1,0
173291,173293,173292,21,6,-1,1,0
173357,173359,173358,13,9,-1,1,0
173429,173431,173430,11,9,-1,1,0
173669,173671,173670,29,6,-1,1,0
173741,173743,173742,27,6,-1,1,0
173777,173779,173778,26,6,-1,1,0
174017,174019,174018,7,3,-1,1,0
174047,174049,174048,0,6,-1,1,0
174077,174079,174078,30,9,-1,1,0
174257,174259,174258,25,9,-1,1,0
174329,174331,174330,23,9,-1,1,0
174467,174469,174468,13,3,-1,1,0
174569,174571,174570,4,6,-1,1,0
174761,174763,174762,11,9,-1,1,0
174929,174931,174930,31,6,-1,1,0
174989,174991,174990,17,3,-1,1,0
175067,175069,175068,21,9,-1,1,0
175079,175081,175080,33,3,-1,1,0
175391,175393,175392,12,9,-1,1,0
175631,175633,175632,30,6,-1,1,0
175757,175759,175758,8,6,-1,1,0
175781,175783,175782,32,3,-1,1,0
175937,175939,175938,3,6,-1,1,0
175961,175963,175962,27,3,-1,1,0
175991,175993,175992,20,6,-1,1,0
176021,176023,176022,13,9,-1,1,0
176051,176053,176052,6,3,-1,1,0
176087,176089,176088,5,3,-1,1,0
176159,176161,176160,3,3,-1,1,0
176327,176329,176328,23,9,-1,1,0
176417,176419,176418,2,9,-1,1,0
176459,176461,176460,7,6,-1,1,0
176507,176509,176508,18,9,-1,1,0
176549,176551,176550,23,6,-1,1,0
176597,176599,176598,34,9,-1,1,0
176609,176611,176610,9,3,-1,1,0
176711,176713,176712,0,6,-1,1,0
176777,176779,176778,29,9,-1,1,0
176789,176791,176790,4,3,-1,1,0
176807,176809,176808,22,3,-1,1,0
176921,176923,176922,25,9,-1,1,0
177011,177013,177012,4,9,-1,1,0
177209,177211,177210,17,9,-1,1,0
177431,177433,177432,17,6,-1,1,0
177677,177679,177678,4,9,-1,1,0
177761,177763,177762,14,3,-1,1,0
177839,177841,177840,18,9,-1,1,0
177887,177889,177888,29,3,-1,1,0
178037,178039,178038,31,9,-1,1,0
178067,178069,178068,24,3,-1,1,0
178091,178093,178092,11,9,-1,1,0
178247,178249,178248,19,3,-1,1,0
178259,178261,178260,31,6,-1,1,0
178349,178351,178350,10,6,-1,1,0
178439,178441,178440,26,6,-1,1,0
178487,178489,178488,0,9,-1,1,0
178559,178561,178560,35,9,-1,1,0
178601,178603,178602,3,6,-1,1,0
178691,178693,178692,19,6,-1,1,0
178817,178819,178818,34,6,-1,1,0
178907,178909,178908,13,6,-1,1,0
178931,178933,178932,0,3,-1,1,0
179381,179383,179382,6,3,-1,1,0
179579,179581,179580,19,3,-1,1,0
179591,179593,179592,31,6,-1,1,0
179657,179659,179658,23,9,-1,1,0
179687,179689,179688,16,3,-1,1,0
179717,179719,179718,9,6,-1,1,0
179819,179821,179820,0,9,-1,1,0
179897,179899,179898,4,6,-1,1,0
179951,179953,179952,21,6,-1,1,0
179999,180001,180000,32,9,-1,1,0
180071,180073,180072,30,9,-1,1,0
180179,180181,180180,27,9,-1,1,0
180239,180241,180240,13,6,-1,1,0
180287,180289,180288,24,9,-1,1,0
180539,180541,180540,17,9,-1,1,0
180749,180751,180750,5,3,-1,1,0
180797,180799,180798,16,6,-1,1,0
181001,181003,181002,35,3,-1,1,0
181061,181063,181062,21,9,-1,1,0
181199,181201,181200,11,3,-1,1,0
181211,181213,181212,23,6,-1,1,0
181301,181303,181302,2,6,-1,1,0
181397,181399,181398,24,3,-1,1,0
181457,181459,181458,10,9,-1,1,0
181499,181501,181500,15,6,-1,1,0
181607,181609,181608,12,6,-1,1,0
181667,181669,181668,35,3,-1,1,0
181757,181759,181758,14,3,-1,1,0
181787,181789,181788,7,6,-1,1,0
181871,181873,181872,17,9,-1,1,0
181889,181891,181890,35,9,-1,1,0
182009,182011,182010,7,3,-1,1,0
182027,182029,182028,25,3,-1,1,0
182057,182059,182058,18,6,-1,1,0
182099,182101,182100,23,3,-1,1,0
182129,182131,182130,16,6,-1,1,0
182177,182179,182178,27,9,-1,1,0
182339,182341,182340,4,9,-1,1,0
182387,182389,182388,15,3,-1,1,0
182471,182473,182472,25,6,-1,1,0
182639,182641,182640,8,3,-1,1,0
182657,182659,182658,26,3,-1,1,0
182711,182713,182712,6,3,-1,1,0
182927,182929,182928,0,3,-1,1,0
183089,183091,183090,14,3,-1,1,0
183299,183301,183300,2,6,-1,1,0
183317,183319,183318,20,6,-1,1,0
183437,183439,183438,29,9,-1,1,0
183497,183499,183498,15,6,-1,1,0
183509,183511,183510,27,9,-1,1,0
183569,183571,183570,13,6,-1,1,0
183707,183709,183708,3,9,-1,1,0
183761,183763,183762,20,9,-1,1,0
183917,183919,183918,28,3,-1,1,0
183971,183973,183972,8,3,-1,1,0
184187,184189,184188,2,3,-1,1,0
184271,184273,184272,12,6,-1,1,0
184487,184489,184488,6,6,-1,1,0
184607,184609,184608,15,9,-1,1,0
184631,184633,184632,2,6,-1,1,0
184649,184651,184650,20,6,-1,1,0
184829,184831,184830,15,6,-1,1,0
184901,184903,184902,13,6,-1,1,0
184967,184969,184968,5,9,-1,1,0
184997,184999,184998,35,3,-1,1,0
185069,185071,185070,33,3,-1,1,0
185369,185371,185370,0,6,-1,1,0
185531,185533,185532,14,6,-1,1,0
185567,185569,185568,13,6,-1,1,0
185681,185683,185682,16,3,-1,1,0
185747,185749,185748,8,6,-1,1,0
185819,185821,185820,6,6,-1,1,0
185831,185833,185832,18,9,-1,1,0
185957,185959,185958,33,9,-1,1,0
186161,186163,186162,15,6,-1,1,0
186227,186229,186228,7,9,-1,1,0
186299,186301,186300,5,9,-1,1,0
186377,186379,186378,9,6,-1,1,0
186479,186481,186480,0,9,-1,1,0
186581,186583,186582,28,3,-1,1,0
186647,186649,186648,20,6,-1,1,0
186707,186709,186708,6,3,-1,1,0
186761,186763,186762,23,3,-1,1,0
186869,186871,186870,20,3,-1,1,0
187067,187069,187068,33,3,-1,1,0
187127,187129,187128,19,9,-1,1,0
187139,187141,187140,31,3,-1,1,0
187217,187219,187218,35,9,-1,1,0
187337,187339,187338,7,3,-1,1,0
187469,187471,187470,28,9,-1,1,0
187631,187633,187632,5,9,-1,1,0
187637,187639,187638,11,6,-1,1,0
187907,187909,187908,22,6,-1,1,0
188831,188833,188832,21,3,-1,1,0
188861,188863,188862,14,6,-1,1,0
188939,188941,188940,18,3,-1,1,0
189017,189019,189018,22,9,-1,1,0
189041,189043,189042,9,6,-1,1,0
189149,189151,189150,6,6,-1,1,0
189251,189253,189252,34,9,-1,1,0
189347,189349,189348,19,6,-1,1,0
189389,189391,189390,24,3,-1,1,0
189437,189439,189438,35,6,-1,1,0
189491,189493,189492,15,6,-1,1,0
189617,189619,189618,30,6,-1,1,0
189797,189799,189798,25,6,-1,1,0
189851,189853,189852,5,6,-1,1,0
189947,189949,189948,27,3,-1,1,0
190367,190369,190368,3,9,-1,1,0
190577,190579,190578,28,3,-1,1,0
190667,190669,190668,7,3,-1,1,0
190709,190711,190710,12,9,-1,1,0
190889,190891,190890,7,9,-1,1,0
191141,191143,191142,0,9,-1,1,0
191249,191251,191250,34,9,-1,1,0
191297,191299,191298,8,3,-1,1,0
191339,191341,191340,13,9,-1,1,0
191447,191449,191448,10,9,-1,1,0
191459,191461,191460,22,3,-1,1,0
191507,191509,191508,33,6,-1,1,0
191531,191533,191532,20,3,-1,1,0
191561,191563,191562,13,6,-1,1,0
191669,191671,191670,10,6,-1,1,0
191747,191749,191748,14,3,-1,1,0
191801,191803,191802,31,3,-1,1,0
191831,191833,191832,24,6,-1,1,0
192191,192193,192192,14,6,-1,1,0
192317,192319,192318,29,6,-1,1,0
192341,192343,192342,16,3,-1,1,0
192461,192463,192462,25,6,-1,1,0
192497,192499,192498,24,6,-1,1,0
192581,192583,192582,34,9,-1,1,0
192611,192613,192612,27,3,-1,1,0
192629,192631,192630,8,3,-1,1,0
192887,192889,192888,7,9,-1,1,0
192977,192979,192978,23,9,-1,1,0
193181,193183,193182,5,6,-1,1,0
193379,193381,193380,18,6,-1,1,0
193601,193603,193602,18,3,-1,1,0
193811,193813,193812,6,6,-1,1,0
193859,193861,193860,17,9,-1,1,0
193871,193873,193872,29,3,-1,1,0
193937,193939,193938,21,6,-1,1,0
194069,194071,194070,5,3,-1,1,0
194267,194269,194268,18,3,-1,1,0
194681,194683,194682,25,3,-1,1,0
194861,194863,194862,20,3,-1,1,0
194867,194869,194868,26,9,-1,1,0
195047,195049,195048,21,9,-1,1,0
195161,195163,195162,24,6,-1,1,0
195341,195343,195342,19,6,-1,1,0
195539,195541,195540,32,6,-1,1,0
195731,195733,195732,2,9,-1,1,0
195737,195739,195738,8,6,-1,1,0
195929,195931,195930,15,9,-1,1,0
195971,195973,195972,20,6,-1,1,0
196169,196171,196170,33,6,-1,1,0
196277,196279,196278,30,6,-1,1,0
196499,196501,196500,30,3,-1,1,0
196541,196543,196542,35,9,-1,1,0
196661,196663,196662,7,3,-1,1,0
196769,196771,196770,4,3,-1,1,0
196871,196873,196872,32,6,-1,1,0
196991,196993,196992,4,9,-1,1,0
197159,197161,197160,24,6,-1,1,0
197297,197299,197298,14,9,-1,1,0
197339,197341,197340,19,6,-1,1,0
197369,197371,197370,12,9,-1,1,0
197381,197383,197382,24,3,-1,1,0
197567,197569,197568,25,9,-1,1,0
197597,197599,197598,18,3,-1,1,0
197711,197713,197712,21,9,-1,1,0
197891,197893,197892,16,9,-1,1,0
197957,197959,197958,8,3,-1,1,0
197969,197971,197970,20,6,-1,1,0
198221,198223,198222,13,6,-1,1,0
198257,198259,198258,12,6,-1,1,0
198347,198349,198348,28,6,-1,1,0
198437,198439,198438,7,6,-1,1,0
198461,198463,198462,31,3,-1,1,0
198827,198829,198828,27,9,-1,1,0
198839,198841,198840,2,3,-1,1,0
198899,198901,198900,25,9,-1,1,0
198941,198943,198942,30,6,-1,1,0
199037,199039,199038,15,3,-1,1,0
199151,199153,199152,18,9,-1,1,0
199487,199489,199488,21,3,-1,1,0
199499,199501,199500,33,6,-1,1,0
199601,199603,199602,24,9,-1,1,0
199739,199741,199740,14,3,-1,1,0
199751,199753,199752,26,6,-1,1,0
199811,199813,199812,12,3,-1,1,0
199931,199933,199932,21,6,-1,1,0
200381,200383,200382,27,6,-1,1,0
200867,200869,200868,32,6,-1,1,0
200927,200929,200928,18,3,-1,1,0
200987,200989,200988,4,9,-1,1,0
201119,201121,201120,25,6,-1,1,0
201209,201211,201210,4,6,-1,1,0
201401,201403,201402,11,9,-1,1,0
201449,201451,201450,22,3,-1,1,0
201491,201493,201492,27,9,-1,1,0
201497,201499,201498,33,6,-1,1,0
201767,201769,201768,7,6,-1,1,0
201821,201823,201822,24,6,-1,1,0
201827,201829,201828,30,3,-1,1,0
202061,202063,202062,5,3,-1,1,0
202127,202129,202128,34,6,-1,1,0
202289,202291,202290,11,6,-1,1,0
202637,202639,202638,26,3,-1,1,0
202751,202753,202752,29,9,-1,1,0
202877,202879,202878,7,9,-1,1,0
202931,202933,202932,24,9,-1,1,0
203207,203209,203208,4,6,-1,1,0
203309,203311,203310,32,9,-1,1,0
203321,203323,203322,7,3,-1,1,0
203339,203341,203340,25,3,-1,1,0
203351,203353,203352,0,6,-1,1,0
203381,203383,203382,30,9,-1,1,0
203417,203419,203418,29,9,-1,1,0
203429,203431,203430,4,3,-1,1,0
203459,203461,203460,34,6,-1,1,0
203657,203659,203658,10,6,-1,1,0
203771,203773,203772,13,3,-1,1,0
203807,203809,203808,12,3,-1,1,0
203909,203911,203910,3,6,-1,1,0
203969,203971,203970,26,3,-1,1,0
204161,204163,204162,33,6,-1,1,0
204299,204301,204300,23,9,-1,1,0
204329,204331,204330,16,3,-1,1,0
204359,204361,204360,9,6,-1,1,0
204437,204439,204438,13,3,-1,1,0
204509,204511,204510,11,3,-1,1,0
204599,204601,204600,27,3,-1,1,0
204749,204751,204750,29,9,-1,1,0
204791,204793,204792,34,6,-1,1,0
204857,204859,204858,26,9,-1,1,0
205031,205033,205032,15,3,-1,1,0
205211,205213,205212,10,3,-1,1,0
205397,205399,205398,11,9,-1,1,0
205421,205423,205422,35,6,-1,1,0
205661,205663,205662,16,3,-1,1,0
205949,205951,205950,8,3,-1,1,0
205991,205993,205992,13,9,-1,1,0
206081,206083,206082,29,9,-1,1,0
206177,206179,206178,14,6,-1,1,0
206249,206251,206250,12,6,-1,1,0
206279,206281,206280,5,9,-1,1,0
206411,206413,206412,26,6,-1,1,0
206639,206641,206640,32,9,-1,1,0
206819,206821,206820,27,9,-1,1,0
206909,206911,206910,6,9,-1,1,0
206951,206953,206952,11,6,-1,1,0
207197,207199,207198,35,9,-1,1,0
207239,207241,207240,3,6,-1,1,0
207329,207331,207330,19,6,-1,1,0
207341,207343,207342,31,9,-1,1,0
207479,207481,207480,21,3,-1,1,0
207509,207511,207510,14,6,-1,1,0
207521,207523,207522,26,9,-1,1,0
207671,207673,207672,28,6,-1,1,0
207719,207721,207720,2,9,-1,1,0
207797,207799,207798,6,6,-1,1,0
207971,207973,207972,32,9,-1,1,0
208001,208003,208002,25,3,-1,1,0
208139,208141,208140,15,6,-1,1,0
208277,208279,208278,5,9,-1,1,0
208391,208393,208392,8,6,-1,1,0
208457,208459,208458,0,9,-1,1,0
208499,208501,208500,5,6,-1,1,0
208511,208513,208512,17,9,-1,1,0
208589,208591,208590,21,6,-1,1,0
208697,208699,208698,18,6,-1,1,0
208889,208891,208890,25,9,-1,1,0
208931,208933,208932,30,6,-1,1,0
208961,208963,208962,23,9,-1,1,0
208991,208993,208992,16,3,-1,1,0
209201,209203,209202,4,6,-1,1,0
209267,209269,209268,33,9,-1,1,0
209357,209359,209358,12,9,-1,1,0
209567,209569,209568,0,3,-1,1,0
209579,209581,209580,12,6,-1,1,0
209621,209623,209622,17,3,-1,1,0
209717,209719,209718,2,9,-1,1,0
209819,209821,209820,30,3,-1,1,0
209927,209929,209928,27,3,-1,1,0
210191,210193,210192,32,6,-1,1,0
210317,210319,210318,10,6,-1,1,0
210359,210361,210360,15,3,-1,1,0
210401,210403,210402,20,9,-1,1,0
210599,210601,210600,33,9,-1,1,0
210809,210811,210810,21,3,-1,1,0
210911,210913,210912,12,6,-1,1,0
211049,211051,211050,2,9,-1,1,0
211061,211063,211062,14,3,-1,1,0
211151,211153,211152,30,3,-1,1,0
211217,211219,211218,22,6,-1,1,0
211229,211231,211230,34,9,-1,1,0
211499,211501,211500,8,9,-1,1,0
211571,211573,211572,6,9,-1,1,0
211661,211663,211662,22,9,-1,1,0
211691,211693,211692,15,3,-1,1,0
211877,211879,211878,16,9,-1,1,0
211889,211891,211890,28,3,-1,1,0
211931,211933,211932,33,9,-1,1,0
212207,212209,212208,13,6,-1,1,0
212669,212671,212670,31,9,-1,1,0
212867,212869,212868,7,9,-1,1,0
213131,213133,213132,12,3,-1,1,0
213287,213289,213288,20,6,-1,1,0
213359,213361,213360,18,6,-1,1,0
213611,213613,213612,11,6,-1,1,0
213947,213949,213948,14,9,-1,1,0
214007,214009,214008,0,6,-1,1,0
214031,214033,214032,24,3,-1,1,0
214211,214213,214212,19,3,-1,1,0
214481,214483,214482,30,3,-1,1,0
214517,214519,214518,29,3,-1,1,0
214559,214561,214560,34,9,-1,1,0
214787,214789,214788,3,3,-1,1,0
215141,215143,215142,24,6,-1,1,0
215351,215353,215352,12,9,-1,1,0
215459,215461,215460,9,9,-1,1,0
215687,215689,215688,15,3,-1,1,0
215981,215983,215982,13,9,-1,1,0
216317,216319,216318,16,3,-1,1,0
216371,216373,216372,33,3,-1,1,0
216551,216553,216552,28,3,-1,1,0
216569,216571,216570,9,3,-1,1,0
216647,216649,216648,13,9,-1,1,0
216779,216781,216780,34,6,-1,1,0
216899,216901,216900,6,9,-1,1,0
216917,216919,216918,24,9,-1,1,0
217001,217003,217002,34,3,-1,1,0
217199,217201,217200,10,3,-1,1,0
217307,217309,217308,7,3,-1,1,0
217337,217339,217338,0,6,-1,1,0
217361,217363,217362,24,3,-1,1,0
217367,217369,217368,30,9,-1,1,0
217409,217411,217410,35,6,-1,1,0
217517,217519,217518,32,6,-1,1,0
217559,217561,217560,0,3,-1,1,0
217577,217579,217578,18,3,-1,1,0
217907,217909,217908,15,9,-1,1,0
217979,217981,217980,13,9,-1,1,0
218081,218083,218082,4,3,-1,1,0
218417,218419,218418,7,6,-1,1,0
218459,218461,218460,12,3,-1,1,0
218549,218551,218550,28,3,-1,1,0
218627,218629,218628,32,9,-1,1,0
218717,218719,218718,11,9,-1,1,0
218969,218971,218970,4,9,-1,1,0
218987,218989,218988,22,9,-1,1,0
219017,219019,219018,15,3,-1,1,0
219311,219313,219312,13,9,-1,1,0
219407,219409,219408,35,6,-1,1,0
219647,219649,219648,16,3,-1,1,0
219677,219679,219678,9,6,-1,1,0
219761,219763,219762,19,9,-1,1,0
219797,219799,219798,18,9,-1,1,0
219941,219943,219942,14,9,-1,1,0
219977,219979,219978,13,9,-1,1,0
220019,220021,220020,18,6,-1,1,0
220469,220471,220470,24,6,-1,1,0
220511,220513,220512,29,3,-1,1,0
220859,220861,220860,7,9,-1,1,0
220877,220879,220878,25,9,-1,1,0
220901,220903,220902,12,6,-1,1,0
220931,220933,220932,5,9,-1,1,0
221069,221071,221070,32,3,-1,1,0
221171,221173,221172,23,6,-1,1,0
221201,221203,221202,16,9,-1,1,0
221399,221401,221400,29,9,-1,1,0
221411,221413,221412,4,3,-1,1,0
221537,221539,221538,19,3,-1,1,0
221621,221623,221622,29,6,-1,1,0
221657,221659,221658,28,6,-1,1,0
221717,221719,221718,14,3,-1,1,0
221951,221953,221952,26,3,-1,1,0
221987,221989,221988,25,3,-1,1,0
222041,222043,222042,5,3,-1,1,0
222107,222109,222108,34,6,-1,1,0
222149,222151,222150,2,3,-1,1,0
222161,222163,222162,14,6,-1,1,0
222197,222199,222198,13,6,-1,1,0
222347,222349,222348,15,3,-1,1,0
222791,222793,222792,15,6,-1,1,0
222839,222841,222840,26,9,-1,1,0
222977,222979,222978,16,3,-1,1,0
223007,223009,223008,9,6,-1,1,0
223049,223051,223050,14,3,-1,1,0
223061,223063,223062,26,6,-1,1,0
223217,223219,223218,34,9,-1,1,0
223241,223243,223242,21,6,-1,1,0
223337,223339,223338,6,3,-1,1,0
223439,223441,223440,34,6,-1,1,0
223547,223549,223548,31,6,-1,1,0
223679,223681,223680,15,3,-1,1,0
223757,223759,223758,19,9,-1,1,0
223829,223831,223830,17,9,-1,1,0
223841,223843,223842,29,3,-1,1,0
223919,223921,223920,33,9,-1,1,0
224069,224071,224070,35,6,-1,1,0
224129,224131,224130,21,3,-1,1,0
224909,224911,224910,24,9,-1,1,0
225077,225079,225078,7,6,-1,1,0
225161,225163,225162,17,9,-1,1,0
225221,225223,225222,3,6,-1,1,0
225287,225289,225288,32,9,-1,1,0
225341,225343,225342,12,9,-1,1,0
225347,225349,225348,18,6,-1,1,0
225371,225373,225372,5,3,-1,1,0
225527,225529,225528,13,6,-1,1,0
225581,225583,225582,30,6,-1,1,0
225611,225613,225612,23,9,-1,1,0
225749,225751,225750,13,3,-1,1,0
225767,225769,225768,31,3,-1,1,0
225779,225781,225780,6,6,-1,1,0
225941,225943,225942,20,6,-1,1,0
226199,226201,226200,19,3,-1,1,0
226379,226381,226380,14,3,-1,1,0
226451,226453,226452,12,3,-1,1,0
226547,226549,226548,34,9,-1,1,0
226817,226819,226818,8,9,-1,1,0
226901,226903,226902,18,3,-1,1,0
227111,227113,227112,6,6,-1,1,0
227189,227191,227190,10,3,-1,1,0
227231,227233,227232,15,9,-1,1,0
227471,227473,227472,33,6,-1,1,0
227531,227533,227532,19,3,-1,1,0
227567,227569,227568,18,3,-1,1,0
227609,227611,227610,23,9,-1,1,0
227627,227629,227628,4,9,-1,1,0
227651,227653,227652,28,6,-1,1,0
228197,228199,228198,19,3,-1,1,0
228299,228301,228300,10,6,-1,1,0
228419,228421,228420,19,9,-1,1,0
228509,228511,228510,35,9,-1,1,0
228521,228523,228522,10,3,-1,1,0
228617,228619,228618,32,9,-1,1,0
228731,228733,228732,35,6,-1,1,0
228797,228799,228798,27,9,-1,1,0
228881,228883,228882,0,3,-1,1,0
228911,228913,228912,30,6,-1,1,0
228959,228961,228960,4,9,-1,1,0
229247,229249,229248,33,9,-1,1,0
229547,229549,229548,0,3,-1,1,0
229589,229591,229590,5,9,-1,1,0
229637,229639,229638,16,3,-1,1,0
229751,229753,229752,19,9,-1,1,0
229769,229771,229770,0,9,-1,1,0
229847,229849,229848,4,6,-1,1,0
229937,229939,229938,20,6,-1,1,0
229961,229963,229962,7,3,-1,1,0
229979,229981,229980,25,3,-1,1,0
230309,230311,230310,22,9,-1,1,0
230339,230341,230340,15,3,-1,1,0
230387,230389,230388,26,6,-1,1,0
230561,230563,230562,15,9,-1,1,0
230771,230773,230772,3,3,-1,1,0
230861,230863,230862,19,3,-1,1,0
230939,230941,230940,23,9,-1,1,0
230999,231001,231000,9,6,-1,1,0
231017,231019,231018,27,6,-1,1,0
231107,231109,231108,6,6,-1,1,0
231269,231271,231270,20,6,-1,1,0
231347,231349,231348,24,3,-1,1,0
231431,231433,231432,34,6,-1,1,0
231461,231463,231462,27,9,-1,1,0
231479,231481,231480,8,9,-1,1,0
231611,231613,231612,29,6,-1,1,0
231821,231823,231822,17,9,-1,1,0
231839,231841,231840,35,9,-1,1,0
232049,232051,232050,23,3,-1,1,0
232079,232081,232080,16,6,-1,1,0
232187,232189,232188,13,6,-1,1,0
232409,232411,232410,13,3,-1,1,0
232457,232459,232458,24,6,-1,1,0
232709,232711,232710,17,6,-1,1,0
232751,232753,232752,22,3,-1,1,0
232961,232963,232962,10,6,-1,1,0
233069,233071,233070,7,6,-1,1,0
233141,233143,233142,5,6,-1,1,0
233159,233161,233160,23,6,-1,1,0
233327,233329,233328,6,3,-1,1,0
233417,233419,233418,22,3,-1,1,0
233549,233551,233550,6,9,-1,1,0
233687,233689,233688,33,3,-1,1,0
233879,233881,233880,3,6,-1,1,0
233921,233923,233922,8,3,-1,1,0
233939,233941,233940,26,3,-1,1,0
234191,234193,234192,19,3,-1,1,0
234317,234319,234318,34,3,-1,1,0
234341,234343,234342,21,9,-1,1,0
234461,234463,234462,30,3,-1,1,0
234527,234529,234528,22,6,-1,1,0
234539,234541,234540,34,9,-1,1,0
234587,234589,234588,8,3,-1,1,0
234809,234811,234810,8,9,-1,1,0
234959,234961,234960,10,6,-1,1,0
234977,234979,234978,28,6,-1,1,0
235007,235009,235008,21,9,-1,1,0
235241,235243,235242,33,9,-1,1,0
235307,235309,235308,25,3,-1,1,0
235439,235441,235440,9,9,-1,1,0
235661,235663,235662,9,6,-1,1,0
235787,235789,235788,24,6,-1,1,0
235811,235813,235812,11,3,-1,1,0
235889,235891,235890,15,9,-1,1,0
236207,236209,236208,0,3,-1,1,0
236477,236479,236478,11,3,-1,1,0
236699,236701,236700,11,9,-1,1,0
236771,236773,236772,9,9,-1,1,0
236867,236869,236868,31,6,-1,1,0
236879,236881,236880,6,9,-1,1,0
236891,236893,236892,18,3,-1,1,0
236981,236983,236982,34,3,-1,1,0
237071,237073,237072,13,3,-1,1,0
237089,237091,237090,31,3,-1,1,0
237161,237163,237162,29,3,-1,1,0
237689,237691,237690,2,9,-1,1,0
237857,237859,237858,22,6,-1,1,0
237971,237973,237972,25,3,-1,1,0
238037,238039,238038,17,6,-1,1,0
238079,238081,238080,22,3,-1,1,0
238157,238159,238158,26,9,-1,1,0
238361,238363,238362,8,6,-1,1,0
238529,238531,238530,28,3,-1,1,0
238727,238729,238728,4,3,-1,1,0
238877,238879,238878,6,9,-1,1,0
238919,238921,238920,11,6,-1,1,0
239231,239233,239232,27,3,-1,1,0
239387,239389,239388,35,6,-1,1,0
239429,239431,239430,3,3,-1,1,0
239711,239713,239712,26,6,-1,1,0
239849,239851,239850,16,9,-1,1,0
240041,240043,240042,23,3,-1,1,0
240047,240049,240048,29,9,-1,1,0
240257,240259,240258,17,3,-1,1,0
240347,240349,240348,33,3,-1,1,0
240587,240589,240588,14,9,-1,1,0
240881,240883,240882,12,6,-1,1,0
241049,241051,241050,32,3,-1,1,0
241067,241069,241068,13,3,-1,1,0
241259,241261,241260,20,6,-1,1,0
241361,241363,241362,11,9,-1,1,0
241391,241393,241392,4,3,-1,1,0
241511,241513,241512,13,6,-1,1,0
241559,241561,241560,24,9,-1,1,0
241601,241603,241602,29,6,-1,1,0
241781,241783,241782,24,6,-1,1,0
241919,241921,241920,14,9,-1,1,0
241979,241981,241980,0,6,-1,1,0
242057,242059,242058,4,3,-1,1,0
242171,242173,242172,7,9,-1,1,0
242447,242449,242448,24,6,-1,1,0
242519,242521,242520,22,6,-1,1,0
242729,242731,242730,10,9,-1,1,0
243119,243121,243120,30,3,-1,1,0
243401,243403,243402,16,6,-1,1,0
243431,243433,243432,9,9,-1,1,0
243587,243589,243588,17,3,-1,1,0
243671,243673,243672,27,6,-1,1,0
243701,243703,243702,20,9,-1,1,0
243707,243709,243708,26,6,-1,1,0
244157,244159,244158,32,6,-1,1,0
244217,244219,244218,18,3,-1,1,0
244301,244303,244302,28,6,-1,1,0
244379,244381,244380,32,3,-1,1,0
244637,244639,244638,31,9,-1,1,0
244667,244669,244668,24,3,-1,1,0
244841,244843,244842,13,6,-1,1,0
244859,244861,244860,31,6,-1,1,0
245129,245131,245130,5,6,-1,1,0
245171,245173,245172,10,3,-1,1,0
245417,245419,245418,34,6,-1,1,0
245471,245473,245472,14,6,-1,1,0
245519,245521,245520,25,9,-1,1,0
245561,245563,245562,30,6,-1,1,0
245591,245593,245592,23,9,-1,1,0
245627,245629,245628,22,9,-1,1,0
245681,245683,245682,2,9,-1,1,0
245849,245851,245850,22,6,-1,1,0
245897,245899,245898,33,9,-1,1,0
245909,245911,245910,8,3,-1,1,0
245981,245983,245982,6,3,-1,1,0
246119,246121,246120,33,6,-1,1,0
246131,246133,246132,8,9,-1,1,0
246317,246319,246318,9,6,-1,1,0
246509,246511,246510,16,9,-1,1,0
246611,246613,246612,7,3,-1,1,0
246641,246643,246642,0,6,-1,1,0
246707,246709,246708,29,9,-1,1,0
246809,246811,246810,20,3,-1,1,0
246929,246931,246930,29,6,-1,1,0
247067,247069,247068,19,9,-1,1,0
247337,247339,247338,30,9,-1,1,0
247391,247393,247392,10,9,-1,1,0
247529,247531,247530,0,3,-1,1,0
247601,247603,247602,35,3,-1,1,0
247607,247609,247608,4,9,-1,1,0
247649,247651,247650,9,6,-1,1,0
247691,247693,247692,14,3,-1,1,0
247769,247771,247770,18,9,-1,1,0
247811,247813,247812,23,6,-1,1,0
247991,247993,247992,18,6,-1,1,0
247997,247999,247998,24,3,-1,1,0
248117,248119,248118,33,6,-1,1,0
248177,248179,248178,19,3,-1,1,0
248201,248203,248202,6,9,-1,1,0
248291,248293,248292,22,9,-1,1,0
248639,248641,248640,0,6,-1,1,0
248867,248869,248868,6,9,-1,1,0
248891,248893,248892,30,6,-1,1,0
249131,249133,249132,11,3,-1,1,0
249419,249421,249420,3,3,-1,1,0
249437,249439,249438,21,3,-1,1,0
249497,249499,249498,7,9,-1,1,0
249539,249541,249540,12,6,-1,1,0
249857,249859,249858,34,9,-1,1,0
249971,249973,249972,0,6,-1,1,0
250049,250051,250050,4,3,-1,1,0
250499,250501,250500,10,3,-1,1,0
250739,250741,250740,28,9,-1,1,0
250751,250753,250752,3,3,-1,1,0
250949,250951,250950,16,3,-1,1,0
250967,250969,250968,34,3,-1,1,0
251057,251059,251058,13,3,-1,1,0
251177,251179,251178,22,6,-1,1,0
251201,251203,251202,9,3,-1,1,0
251219,251221,251220,27,3,-1,1,0
251231,251233,251232,2,6,-1,1,0
251261,251263,251262,32,9,-1,1,0
251429,251431,251430,15,6,-1,1,0
251609,251611,251610,10,6,-1,1,0
251621,251623,251622,22,9,-1,1,0
251789,251791,251790,5,6,-1,1,0
251831,251833,251832,10,3,-1,1,0
251939,251941,251940,7,3,-1,1,0
251969,251971,251970,0,6,-1,1,0
252827,252829,252828,7,9,-1,1,0
252911,252913,252912,17,3,-1,1,0
253157,253159,253158,4,6,-1,1,0
253367,253369,253368,29,9,-1,1,0
253607,253609,253608,10,6,-1,1,0
253637,253639,253638,3,9,-1,1,0
253679,253681,253680,8,6,-1,1,0
253787,253789,253788,5,6,-1,1,0
253907,253909,253908,14,9,-1,1,0
253949,253951,253950,19,6,-1,1,0
254039,254041,254040,35,6,-1,1,0
254207,254209,254208,18,3,-1,1,0
254279,254281,254280,16,3,-1,1,0
254489,254491,254490,4,6,-1,1,0
254729,254731,254730,22,3,-1,1,0
254831,254833,254832,13,6,-1,1,0
254927,254929,254928,35,3,-1,1,0
255179,255181,255180,28,3,-1,1,0
255191,255193,255192,3,6,-1,1,0
255251,255253,255252,26,3,-1,1,0
255467,255469,255468,20,3,-1,1,0
255587,255589,255588,29,6,-1,1,0
255839,255841,255840,22,6,-1,1,0
255917,255919,255918,26,3,-1,1,0
255971,255973,255972,6,3,-1,1,0
256019,256021,256020,17,6,-1,1,0
256031,256033,256032,29,9,-1,1,0
256187,256189,256188,0,3,-1,1,0
256391,256393,256392,19,9,-1,1,0
256469,256471,256470,23,6,-1,1,0
256577,256579,256578,20,6,-1,1,0
256721,256723,256722,16,6,-1,1,0
256799,256801,256800,20,3,-1,1,0
256901,256903,256902,11,6,-1,1,0
257219,257221,257220,33,9,-1,1,0
257351,257353,257352,17,6,-1,1,0
257399,257401,257400,28,9,-1,1,0
257501,257503,257502,19,3,-1,1,0
257687,257689,257688,20,9,-1,1,0
257711,257713,257712,7,6,-1,1,0
257861,257863,257862,9,3,-1,1,0
257867,257869,257868,15,9,-1,1,0
257987,257989,257988,24,3,-1,1,0
258107,258109,258108,33,6,-1,1,0
258317,258319,258318,21,9,-1,1,0
258329,258331,258330,33,3,-1,1,0
258611,258613,258612,19,6,-1,1,0
258917,258919,258918,29,6,-1,1,0
259121,259123,259122,11,3,-1,1,0
259157,259159,259158,10,3,-1,1,0
259211,259213,259212,27,3,-1,1,0
259379,259381,259380,10,9,-1,1,0
259451,259453,259452,8,9,-1,1,0
259619,259621,259620,28,6,-1,1,0
259781,259783,259782,5,6,-1,1,0
259991,259993,259992,30,9,-1,1,0
260009,260011,260010,11,9,-1,1,0
260189,260191,260190,6,9,-1,1,0
260207,260209,260208,24,9,-1,1,0
260411,260413,260412,6,6,-1,1,0
260417,260419,260418,12,3,-1,1,0
260549,260551,260550,33,9,-1,1,0
260807,260809,260808,32,6,-1,1,0
260861,260863,260862,12,6,-1,1,0
261011,261013,261012,14,3,-1,1,0
261059,261061,261060,25,6,-1,1,0
261167,261169,261168,22,6,-1,1,0
261431,261433,261432,27,9,-1,1,0
261641,261643,261642,15,3,-1,1,0
261971,261973,261972,12,9,-1,1,0
262049,262051,262050,16,6,-1,1,0
262109,262111,262110,2,3,-1,1,0
262151,262153,262152,7,9,-1,1,0
262349,262351,262350,20,9,-1,1,0
262511,262513,262512,34,9,-1,1,0
262541,262543,262542,27,3,-1,1,0
262649,262651,262650,24,3,-1,1,0
262739,262741,262740,3,3,-1,1,0
262781,262783,262782,8,9,-1,1,0
263267,263269,263268,13,9,-1,1,0
263399,263401,263400,34,6,-1,1,0
263489,263491,263490,13,6,-1,1,0
263519,263521,263520,6,9,-1,1,0
263609,263611,263610,22,9,-1,1,0
263759,263761,263760,24,6,-1,1,0
263819,263821,263820,10,3,-1,1,0
263867,263869,263868,21,6,-1,1,0
263909,263911,263910,26,3,-1,1,0
263951,263953,263952,31,9,-1,1,0
264029,264031,264030,35,6,-1,1,0
264137,264139,264138,32,6,-1,1,0
264167,264169,264168,25,9,-1,1,0
264527,264529,264528,15,9,-1,1,0
264599,264601,264600,13,9,-1,1,0
264791,264793,264792,20,3,-1,1,0
264827,264829,264828,19,3,-1,1,0
264959,264961,264960,3,9,-1,1,0
265091,265093,265092,24,6,-1,1,0
265247,265249,265248,32,9,-1,1,0
265271,265273,265272,19,6,-1,1,0
265337,265339,265338,11,9,-1,1,0
265511,265513,265512,0,3,-1,1,0
265541,265543,265542,30,6,-1,1,0
265619,265621,265620,34,3,-1,1,0
265709,265711,265710,13,3,-1,1,0
265871,265873,265872,27,3,-1,1,0
266027,266029,266028,35,6,-1,1,0
266051,266053,266052,22,3,-1,1,0
266081,266083,266082,15,6,-1,1,0
266291,266293,266292,3,9,-1,1,0
266351,266353,266352,26,6,-1,1,0
266447,266449,266448,11,3,-1,1,0
266477,266479,266478,4,6,-1,1,0
266489,266491,266490,16,9,-1,1,0
266681,266683,266682,23,3,-1,1,0
266687,266689,266688,29,9,-1,1,0
266837,266839,266838,31,6,-1,1,0
266897,266899,266898,17,3,-1,1,0
267131,267133,267132,29,3,-1,1,0
267227,267229,267228,14,9,-1,1,0
267299,267301,267300,12,9,-1,1,0
267389,267391,267390,28,9,-1,1,0
267401,267403,267402,3,3,-1,1,0
267431,267433,267432,33,6,-1,1,0
267479,267481,267480,7,9,-1,1,0
267521,267523,267522,12,6,-1,1,0
267611,267613,267612,28,6,-1,1,0
267647,267649,267648,27,6,-1,1,0
267677,267679,267678,20,9,-1,1,0
267719,267721,267720,25,6,-1,1,0
267737,267739,267738,6,6,-1,1,0
267899,267901,267900,20,6,-1,1,0
267959,267961,267960,6,3,-1,1,0
268517,268519,268518,9,3,-1,1,0
268529,268531,268530,21,6,-1,1,0
268757,268759,268758,27,9,-1,1,0
268781,268783,268782,14,6,-1,1,0
268811,268813,268812,7,9,-1,1,0
268817,268819,268818,13,6,-1,1,0
268841,268843,268842,0,3,-1,1,0
268997,268999,268998,8,6,-1,1,0
269039,269041,269040,13,3,-1,1,0
269177,269179,269178,3,6,-1,1,0
269219,269221,269220,8,3,-1,1,0
269387,269389,269388,28,9,-1,1,0
269429,269431,269430,33,6,-1,1,0
270029,270031,270030,4,3,-1,1,0
270071,270073,270072,9,9,-1,1,0
270131,270133,270132,32,6,-1,1,0
270239,270241,270240,29,6,-1,1,0
270269,270271,270270,22,9,-1,1,0
270461,270463,270462,29,3,-1,1,0
270551,270553,270552,8,3,-1,1,0
270761,270763,270762,33,6,-1,1,0
270797,270799,270798,32,6,-1,1,0
271127,271129,271128,29,3,-1,1,0
271277,271279,271278,31,9,-1,1,0
271499,271501,271500,31,6,-1,1,0
271571,271573,271572,29,6,-1,1,0
271637,271639,271638,21,9,-1,1,0
271769,271771,271770,5,6,-1,1,0
271967,271969,271968,18,6,-1,1,0
272009,272011,272010,23,3,-1,1,0
272189,272191,272190,18,3,-1,1,0
272201,272203,272202,30,6,-1,1,0
272267,272269,272268,22,9,-1,1,0
272351,272353,272352,32,3,-1,1,0
272381,272383,272382,25,6,-1,1,0
272537,272539,272538,33,9,-1,1,0
272717,272719,272718,28,9,-1,1,0
272759,272761,272760,33,6,-1,1,0
272807,272809,272808,7,9,-1,1,0
272981,272983,272982,33,3,-1,1,0
272999,273001,273000,14,3,-1,1,0
273059,273061,273060,0,9,-1,1,0
273269,273271,273270,25,3,-1,1,0
273281,273283,273282,0,6,-1,1,0
273311,273313,273312,30,9,-1,1,0
273641,273643,273642,27,6,-1,1,0
273899,273901,273900,26,3,-1,1,0
273941,273943,273942,31,9,-1,1,0
274121,274123,274122,26,9,-1,1,0
274199,274201,274200,30,6,-1,1,0
274451,274453,274452,23,6,-1,1,0
274709,274711,274710,22,3,-1,1,0
274829,274831,274830,31,6,-1,1,0
275129,275131,275130,35,9,-1,1,0
275159,275161,275160,28,3,-1,1,0
275321,275323,275322,5,3,-1,1,0
275447,275449,275448,20,3,-1,1,0
275459,275461,275460,32,6,-1,1,0
275489,275491,275490,25,9,-1,1,0
275579,275581,275580,4,9,-1,1,0
275591,275593,275592,16,3,-1,1,0
275921,275923,275922,13,9,-1,1,0
275939,275941,275940,31,9,-1,1,0
276041,276043,276042,22,3,-1,1,0
276047,276049,276048,28,9,-1,1,0
276371,276373,276372,19,9,-1,1,0
276587,276589,276588,13,9,-1,1,0
276671,276673,276672,23,3,-1,1,0
276779,276781,276780,20,3,-1,1,0
276821,276823,276822,25,9,-1,1,0
276917,276919,276918,10,6,-1,1,0
277097,277099,277098,5,6,-1,1,0
277259,277261,277260,19,6,-1,1,0
277427,277429,277428,2,3,-1,1,0
277547,277549,277548,11,6,-1,1,0
277577,277579,277578,4,9,-1,1,0
277601,277603,277602,28,6,-1,1,0
277637,277639,277638,27,6,-1,1,0
277787,277789,277788,29,3,-1,1,0
277889,277891,277890,20,6,-1,1,0
278147,278149,278148,19,3,-1,1,0
278207,278209,278208,5,9,-1,1,0
278489,278491,278490,28,3,-1,1,0
278501,278503,278502,3,6,-1,1,0
278561,278563,278562,26,3,-1,1,0
278609,278611,278610,0,6,-1,1,0
278687,278689,278688,4,3,-1,1,0
278741,278743,278742,21,3,-1,1,0
278807,278809,278808,13,6,-1,1,0
278879,278881,278880,11,6,-1,1,0
278909,278911,278910,4,9,-1,1,0
279119,279121,279120,29,3,-1,1,0
279479,279481,279480,19,3,-1,1,0
279551,279553,279552,17,3,-1,1,0
279707,279709,279708,25,6,-1,1,0
280097,280099,280098,8,9,-1,1,0
280337,280339,280338,26,6,-1,1,0
280409,280411,280410,24,6,-1,1,0
280547,280549,280548,14,9,-1,1,0
280589,280591,280590,19,6,-1,1,0
280697,280699,280698,16,6,-1,1,0
280769,280771,280770,14,6,-1,1,0
281189,281191,281190,27,3,-1,1,0
281249,281251,281250,13,9,-1,1,0
281429,281431,281430,8,9,-1,1,0
281549,281551,281550,17,3,-1,1,0
281579,281581,281580,10,6,-1,1,0
281621,281623,281622,15,3,-1,1,0
281651,281653,281652,8,6,-1,1,0
281717,281719,281718,0,9,-1,1,0
281837,281839,281838,9,3,-1,1,0
281921,281923,281922,19,6,-1,1,0
282089,282091,282090,2,3,-1,1,0
282101,282103,282102,14,6,-1,1,0
282239,282241,282240,4,9,-1,1,0
282311,282313,282312,2,9,-1,1,0
282389,282391,282390,6,6,-1,1,0
282407,282409,282408,24,6,-1,1,0
282677,282679,282678,35,6,-1,1,0
282767,282769,282768,14,6,-1,1,0
282911,282913,282912,10,6,-1,1,0
283007,283009,283008,32,3,-1,1,0
283097,283099,283098,11,3,-1,1,0
283181,283183,283182,21,6,-1,1,0
283487,283489,283488,31,6,-1,1,0
283571,283573,283572,4,9,-1,1,0
283607,283609,283608,3,9,-1,1,0
283637,283639,283638,33,3,-1,1,0
283769,283771,283770,17,9,-1,1,0
283859,283861,283860,33,9,-1,1,0
284057,284059,284058,9,9,-1,1,0
284129,284131,284130,7,9,-1,1,0
284159,284161,284160,0,3,-1,1,0
284231,284233,284232,35,3,-1,1,0
284267,284269,284268,34,3,-1,1,0
284507,284509,284508,15,9,-1,1,0
284591,284593,284592,25,3,-1,1,0
284657,284659,284658,17,6,-1,1,0
284729,284731,284730,15,6,-1,1,0
284741,284743,284742,27,9,-1,1,0
284747,284749,284748,33,6,-1,1,0
284831,284833,284832,6,9,-1,1,0
284897,284899,284898,35,3,-1,1,0
285119,285121,285120,35,9,-1,1,0
285281,285283,285282,12,9,-1,1,0
285287,285289,285288,18,6,-1,1,0
285557,285559,285558,29,6,-1,1,0
285611,285613,285612,9,6,-1,1,0
285629,285631,285630,27,6,-1,1,0
285641,285643,285642,2,9,-1,1,0
285707,285709,285708,31,3,-1,1,0
285839,285841,285840,15,9,-1,1,0
285977,285979,285978,5,3,-1,1,0
286061,286063,286062,15,6,-1,1,0
286367,286369,286368,25,6,-1,1,0
286457,286459,286458,4,6,-1,1,0
286541,286543,286542,14,9,-1,1,0
286589,286591,286590,25,3,-1,1,0
286751,286753,286752,2,3,-1,1,0
287057,287059,287058,12,3,-1,1,0
287237,287239,287238,7,3,-1,1,0
287279,287281,287280,12,9,-1,1,0
287501,287503,287502,12,6,-1,1,0
287669,287671,287670,32,3,-1,1,0
287849,287851,287850,27,3,-1,1,0
288179,288181,288180,24,9,-1,1,0
288359,288361,288360,19,9,-1,1,0
288527,288529,288528,2,6,-1,1,0
288647,288649,288648,11,9,-1,1,0
288731,288733,288732,21,3,-1,1,0
288851,288853,288852,30,6,-1,1,0
288929,288931,288930,34,3,-1,1,0
288989,288991,288990,20,9,-1,1,0
289019,289021,289020,13,3,-1,1,0
289031,289033,289032,25,6,-1,1,0
289109,289111,289110,29,3,-1,1,0
289127,289129,289128,10,3,-1,1,0
289139,289141,289140,22,6,-1,1,0
289169,289171,289170,15,9,-1,1,0
289241,289243,289242,13,9,-1,1,0
289841,289843,289842,21,6,-1,1,0
290021,290023,290022,16,6,-1,1,0
290039,290041,290040,34,6,-1,1,0
290441,290443,290442,29,3,-1,1,0
290471,290473,290472,22,6,-1,1,0
290531,290533,290532,8,3,-1,1,0
290621,290623,290622,24,3,-1,1,0
290657,290659,290658,23,3,-1,1,0
290669,290671,290670,35,6,-1,1,0
290837,290839,290838,18,3,-1,1,0
291041,291043,291042,0,9,-1,1,0
291101,291103,291102,23,6,-1,1,0
291167,291169,291168,15,9,-1,1,0
291371,291373,291372,34,6,-1,1,0
291437,291439,291438,26,9,-1,1,0
291647,291649,291648,14,3,-1,1,0
291689,291691,291690,19,9,-1,1,0
291899,291901,291900,7,3,-1,1,0
292079,292081,292080,2,3,-1,1,0
292091,292093,292092,14,6,-1,1,0
292181,292183,292182,30,6,-1,1,0
292469,292471,292470,22,6,-1,1,0
292709,292711,292710,3,3,-1,1,0
293147,293149,293148,34,9,-1,1,0
293177,293179,293178,27,3,-1,1,0
293261,293263,293262,0,6,-1,1,0
293861,293863,293862,8,3,-1,1,0
293999,294001,294000,35,6,-1,1,0
294167,294169,294168,18,3,-1,1,0
294179,294181,294180,30,6,-1,1,0
294311,294313,294312,14,3,-1,1,0
294317,294319,294318,20,9,-1,1,0
294647,294649,294648,17,6,-1,1,0
294947,294949,294948,21,9,-1,1,0
294989,294991,294990,26,6,-1,1,0
295037,295039,295038,0,9,-1,1,0
295079,295081,295080,5,6,-1,1,0
295199,295201,295200,14,9,-1,1,0
295439,295441,295440,32,6,-1,1,0
295871,295873,295872,20,6,-1,1,0
295877,295879,295878,26,3,-1,1,0
295901,295903,295902,13,9,-1,1,0
295949,295951,295950,24,3,-1,1,0
296249,296251,296250,28,6,-1,1,0
296477,296479,296478,34,9,-1,1,0
296507,296509,296508,27,3,-1,1,0
296561,296563,296562,7,3,-1,1,0
296579,296581,296580,25,3,-1,1,0
296729,296731,296730,27,9,-1,1,0
296771,296773,296772,32,6,-1,1,0
296831,296833,296832,18,3,-1,1,0
296909,296911,296910,22,9,-1,1,0
296969,296971,296970,8,6,-1,1,0
296981,296983,296982,20,9,-1,1,0
297467,297469,297468,25,9,-1,1,0
297809,297811,297810,34,9,-1,1,0
297989,297991,297990,29,9,-1,1,0
298157,298159,298158,12,6,-1,1,0
298169,298171,298170,24,9,-1,1,0
298211,298213,298212,29,6,-1,1,0
298409,298411,298410,5,6,-1,1,0
298679,298681,298680,16,6,-1,1,0
298691,298693,298692,28,9,-1,1,0
298757,298759,298758,20,3,-1,1,0
298799,298801,298800,25,9,-1,1,0
298817,298819,298818,6,9,-1,1,0
299027,299029,299028,31,3,-1,1,0
299357,299359,299358,28,9,-1,1,0
299417,299419,299418,14,6,-1,1,0
299471,299473,299472,31,6,-1,1,0
299477,299479,299478,0,3,-1,1,0
299567,299569,299568,16,3,-1,1,0
299681,299683,299682,19,9,-1,1,0
299699,299701,299700,0,9,-1,1,0
300149,300151,300150,6,9,-1,1,0
300191,300193,300192,11,6,-1,1,0
300299,300301,300300,8,6,-1,1,0
300317,300319,300318,26,6,-1,1,0
300491,300493,300492,15,9,-1,1,0
300497,300499,300498,21,6,-1,1,0
300581,300583,300582,31,9,-1,1,0
300647,300649,300648,23,3,-1,1,0
300719,300721,300720,21,3,-1,1,0
300821,300823,300822,12,6,-1,1,0
300929,300931,300930,9,6,-1,1,0
301181,301183,301182,2,6,-1,1,0
301241,301243,301242,25,3,-1,1,0
301331,301333,301332,4,3,-1,1,0
301361,301363,301362,34,6,-1,1,0
301487,301489,301488,12,6,-1,1,0
301577,301579,301578,28,6,-1,1,0
301751,301753,301752,17,9,-1,1,0
301841,301843,301842,33,9,-1,1,0
301991,301993,301992,35,6,-1,1,0
301997,301999,301998,4,3,-1,1,0
302171,302173,302172,30,6,-1,1,0
302189,302191,302190,11,6,-1,1,0
302297,302299,302298,8,6,-1,1,0
302579,302581,302580,31,9,-1,1,0
302831,302833,302832,24,9,-1,1,0
302969,302971,302970,14,3,-1,1,0
303011,303013,303012,19,9,-1,1,0
303089,303091,303090,23,6,-1,1,0
303377,303379,303378,15,6,-1,1,0
303491,303493,303492,18,3,-1,1,0
303551,303553,303552,4,9,-1,1,0
303617,303619,303618,33,3,-1,1,0
303647,303649,303648,26,6,-1,1,0
303689,303691,303690,31,3,-1,1,0
304067,304069,304068,2,3,-1,1,0
304151,304153,304152,12,6,-1,1,0
304301,304303,304302,14,3,-1,1,0
304391,304393,304392,30,3,-1,1,0
304457,304459,304458,22,6,-1,1,0
304559,304561,304560,13,9,-1,1,0
304847,304849,304848,5,9,-1,1,0
304901,304903,304902,22,9,-1,1,0
304979,304981,304980,26,6,-1,1,0
305021,305023,305022,31,3,-1,1,0
305111,305113,305112,10,3,-1,1,0
305351,305353,305352,28,9,-1,1,0
305411,305413,305412,14,6,-1,1,0
305477,305479,305478,6,9,-1,1,0
305717,305719,305718,24,6,-1,1,0
305741,305743,305742,11,3,-1,1,0
305759,305761,305760,29,3,-1,1,0
306167,306169,306168,30,6,-1,1,0
306191,306193,306192,17,3,-1,1,0
306329,306331,306330,7,6,-1,1,0
306347,306349,306348,25,6,-1,1,0
306419,306421,306420,23,6,-1,1,0
306587,306589,306588,6,3,-1,1,0
306701,306703,306702,9,9,-1,1,0
306827,306829,306828,24,9,-1,1,0
306947,306949,306948,33,3,-1,1,0
307031,307033,307032,6,6,-1,1,0
307091,307093,307092,29,3,-1,1,0
307169,307171,307170,33,9,-1,1,0
307187,307189,307188,14,9,-1,1,0
307259,307261,307260,12,9,-1,1,0
307337,307339,307338,16,6,-1,1,0
307397,307399,307398,2,3,-1,1,0
307631,307633,307632,14,3,-1,1,0
307691,307693,307692,0,9,-1,1,0
307871,307873,307872,32,9,-1,1,0
308291,308293,308292,8,6,-1,1,0
308309,308311,308310,26,6,-1,1,0
308489,308491,308490,21,6,-1,1,0
308507,308509,308508,2,6,-1,1,0
308519,308521,308520,14,9,-1,1,0
308639,308641,308640,23,3,-1,1,0
308849,308851,308850,11,6,-1,1,0
308927,308929,308928,15,3,-1,1,0
309011,309013,309012,25,6,-1,1,0
309107,309109,309108,10,3,-1,1,0
309269,309271,309270,24,3,-1,1,0
309311,309313,309312,29,9,-1,1,0
309479,309481,309480,12,6,-1,1,0
309521,309523,309522,17,3,-1,1,0
309539,309541,309540,35,3,-1,1,0
309779,309781,309780,16,9,-1,1,0
309851,309853,309852,14,9,-1,1,0
309929,309931,309930,18,6,-1,1,0
310019,310021,310020,34,6,-1,1,0
310127,310129,310128,31,6,-1,1,0
310229,310231,310230,22,9,-1,1,0
310361,310363,310362,6,6,-1,1,0
310727,310729,310728,2,3,-1,1,0
310829,310831,310830,30,6,-1,1,0
311291,311293,311292,11,9,-1,1,0
311537,311539,311538,35,3,-1,1,0
311567,311569,311568,28,6,-1,1,0
311681,311683,311682,31,3,-1,1,0
311711,311713,311712,24,6,-1,1,0
311747,311749,311748,23,6,-1,1,0
311867,311869,311868,32,9,-1,1,0
312029,312031,312030,9,9,-1,1,0
312071,312073,312072,14,6,-1,1,0
312197,312199,312198,29,6,-1,1,0
312209,312211,312210,4,9,-1,1,0
312251,312253,312252,9,6,-1,1,0
312281,312283,312282,2,9,-1,1,0
312311,312313,312312,32,3,-1,1,0
312551,312553,312552,13,9,-1,1,0
312581,312583,312582,6,3,-1,1,0
312617,312619,312618,5,3,-1,1,0
312677,312679,312678,28,9,-1,1,0
312701,312703,312702,15,6,-1,1,0
312839,312841,312840,5,9,-1,1,0
312929,312931,312930,21,9,-1,1,0
312941,312943,312942,33,3,-1,1,0
313127,313129,313128,34,9,-1,1,0
313151,313153,313152,21,6,-1,1,0
313331,313333,313332,16,6,-1,1,0
313637,313639,313638,26,6,-1,1,0
313739,313741,313740,17,9,-1,1,0
313931,313933,313932,24,3,-1,1,0
313979,313981,313980,35,6,-1,1,0
313991,313993,313992,10,9,-1,1,0
314159,314161,314160,30,6,-1,1,0
314261,314263,314262,21,9,-1,1,0
314357,314359,314358,6,6,-1,1,0
314399,314401,314400,11,3,-1,1,0
314597,314599,314598,24,3,-1,1,0
314777,314779,314778,19,3,-1,1,0
315011,315013,315012,31,3,-1,1,0
315179,315181,315180,14,9,-1,1,0
315407,315409,315408,20,3,-1,1,0
315449,315451,315450,25,9,-1,1,0
315527,315529,315528,29,6,-1,1,0
315701,315703,315702,18,9,-1,1,0
315881,315883,315882,13,9,-1,1,0
316031,316033,316032,15,6,-1,1,0
316241,316243,316242,3,9,-1,1,0
316469,316471,316470,9,3,-1,1,0
316499,316501,316500,2,6,-1,1,0
316661,316663,316662,16,6,-1,1,0
316697,316699,316698,15,6,-1,1,0
316817,316819,316818,24,9,-1,1,0
316859,316861,316860,29,6,-1,1,0
317087,317089,317088,35,9,-1,1,0
317267,317269,317268,30,9,-1,1,0
317321,317323,317322,10,9,-1,1,0
317351,317353,317352,3,3,-1,1,0
317489,317491,317490,30,6,-1,1,0
317591,317593,317592,21,9,-1,1,0
317729,317731,317730,11,3,-1,1,0
317741,317743,317742,23,6,-1,1,0
317771,317773,317772,16,9,-1,1,0
317921,317923,317922,18,6,-1,1,0
317957,317959,317958,17,6,-1,1,0
317969,317971,317970,29,9,-1,1,0
318179,318181,318180,17,3,-1,1,0
318209,318211,318210,10,6,-1,1,0
318287,318289,318288,14,3,-1,1,0
318299,318301,318300,26,6,-1,1,0
318347,318349,318348,0,9,-1,1,0
318557,318559,318558,25,3,-1,1,0
318677,318679,318678,34,6,-1,1,0
318749,318751,318750,32,6,-1,1,0
318809,318811,318810,18,3,-1,1,0
318881,318883,318882,16,3,-1,1,0
318917,318919,318918,15,3,-1,1,0
319127,319129,319128,3,6,-1,1,0
319439,319441,319440,19,3,-1,1,0
319589,319591,319590,21,9,-1,1,0
319679,319681,319680,0,9,-1,1,0
319727,319729,319728,11,3,-1,1,0
319817,319819,319818,27,3,-1,1,0
319829,319831,319830,2,6,-1,1,0
320009,320011,320010,34,6,-1,1,0
320039,320041,320040,27,9,-1,1,0
320081,320083,320082,32,6,-1,1,0
320141,320143,320142,18,3,-1,1,0
320237,320239,320238,3,9,-1,1,0
320267,320269,320268,33,3,-1,1,0
320291,320293,320292,20,9,-1,1,0
320387,320389,320388,5,6,-1,1,0
320561,320563,320562,31,9,-1,1,0
320609,320611,320610,5,3,-1,1,0
320657,320659,320658,16,6,-1,1,0
320939,320941,320940,2,9,-1,1,0
321311,321313,321312,4,3,-1,1,0
321329,321331,321330,22,3,-1,1,0
321467,321469,321468,12,6,-1,1,0
321569,321571,321570,3,9,-1,1,0
321617,321619,321618,14,3,-1,1,0
321707,321709,321708,30,3,-1,1,0
321821,321823,321822,33,9,-1,1,0
321947,321949,321948,11,9,-1,1,0
322037,322039,322038,27,9,-1,1,0
322109,322111,322110,25,9,-1,1,0
322169,322171,322170,11,6,-1,1,0
322247,322249,322248,15,3,-1,1,0
322349,322351,322350,6,6,-1,1,0
322571,322573,322572,6,3,-1,1,0
322589,322591,322590,24,3,-1,1,0
322631,322633,322632,29,9,-1,1,0
322769,322771,322770,19,3,-1,1,0
322781,322783,322782,31,6,-1,1,0
322919,322921,322920,21,9,-1,1,0
322997,322999,322998,25,6,-1,1,0
323249,323251,323250,18,6,-1,1,0
323339,323341,323340,34,6,-1,1,0
323369,323371,323370,27,9,-1,1,0
323381,323383,323382,2,3,-1,1,0
323441,323443,323442,25,9,-1,1,0
323471,323473,323472,18,3,-1,1,0
323507,323509,323508,17,3,-1,1,0
323579,323581,323580,15,3,-1,1,0
323597,323599,323598,33,3,-1,1,0
323801,323803,323802,15,9,-1,1,0
324209,324211,324210,16,3,-1,1,0
324299,324301,324300,32,3,-1,1,0
324437,324439,324438,22,6,-1,1,0
324449,324451,324450,34,9,-1,1,0
324587,324589,324588,24,3,-1,1,0
324617,324619,324618,17,6,-1,1,0
324809,324811,324810,24,9,-1,1,0
324869,324871,324870,10,6,-1,1,0
324977,324979,324978,7,6,-1,1,0
325019,325021,325020,12,3,-1,1,0
325079,325081,325080,35,9,-1,1,0
325187,325189,325188,32,9,-1,1,0
325217,325219,325218,25,3,-1,1,0
325229,325231,325230,0,6,-1,1,0
325307,325309,325308,4,3,-1,1,0
325541,325543,325542,16,3,-1,1,0
325691,325693,325692,18,9,-1,1,0
325751,325753,325752,4,6,-1,1,0
325781,325783,325782,34,9,-1,1,0
325889,325891,325890,31,9,-1,1,0
326099,326101,326100,19,3,-1,1,0
326141,326143,326142,24,9,-1,1,0
326147,326149,326148,30,6,-1,1,0
326351,326353,326352,12,3,-1,1,0
326537,326539,326538,13,9,-1,1,0
326561,326563,326562,0,6,-1,1,0
326609,326611,326610,11,9,-1,1,0
326657,326659,326658,22,3,-1,1,0
326867,326869,326868,10,6,-1,1,0
326939,326941,326940,8,6,-1,1,0
326999,327001,327000,31,3,-1,1,0
327209,327211,327210,19,6,-1,1,0
327317,327319,327318,16,6,-1,1,0
327407,327409,327408,32,6,-1,1,0
327419,327421,327420,7,9,-1,1,0
327491,327493,327492,5,9,-1,1,0
327557,327559,327558,34,3,-1,1,0
327581,327583,327582,21,9,-1,1,0
327737,327739,327738,29,3,-1,1,0
327797,327799,327798,15,9,-1,1,0
327827,327829,327828,8,3,-1,1,0
327851,327853,327852,32,9,-1,1,0
327869,327871,327870,13,9,-1,1,0
328061,328063,328062,20,3,-1,1,0
328127,328129,328128,12,6,-1,1,0
328331,328333,328332,31,3,-1,1,0
328379,328381,328380,5,6,-1,1,0
328511,328513,328512,26,3,-1,1,0
328589,328591,328590,30,9,-1,1,0
328619,328621,328620,23,3,-1,1,0
328637,328639,328638,4,3,-1,1,0
328787,328789,328788,6,9,-1,1,0
328847,328849,328848,29,6,-1,1,0
328919,328921,328920,27,6,-1,1,0
329081,329083,329082,4,6,-1,1,0
329207,329209,329208,19,6,-1,1,0
329267,329269,329268,5,3,-1,1,0
329297,329299,329298,35,6,-1,1,0
329471,329473,329472,24,9,-1,1,0
329627,329629,329628,32,3,-1,1,0
329801,329803,329802,21,6,-1,1,0
330017,330019,330018,15,6,-1,1,0
330131,330133,330132,18,3,-1,1,0
330227,330229,330228,3,9,-1,1,0
330287,330289,330288,26,6,-1,1,0
330311,330313,330312,13,3,-1,1,0
330329,330331,330330,31,3,-1,1,0
330431,330433,330432,22,6,-1,1,0
330641,330643,330642,10,9,-1,1,0
330719,330721,330720,14,6,-1,1,0
330791,330793,330792,12,6,-1,1,0
330821,330823,330822,5,9,-1,1,0
330857,330859,330858,4,9,-1,1,0
331337,331339,331338,3,3,-1,1,0
331367,331369,331368,33,6,-1,1,0
331547,331549,331548,28,6,-1,1,0
331577,331579,331578,21,9,-1,1,0
331691,331693,331692,24,6,-1,1,0
331841,331843,331842,26,3,-1,1,0
331907,331909,331908,18,6,-1,1,0
331997,331999,331998,34,6,-1,1,0
332009,332011,332010,9,9,-1,1,0
332159,332161,332160,11,6,-1,1,0
332201,332203,332202,16,3,-1,1,0
332219,332221,332220,34,3,-1,1,0
332471,332473,332472,27,3,-1,1,0
332567,332569,332568,12,9,-1,1,0
332987,332989,332988,25,6,-1,1,0
333029,333031,333030,30,3,-1,1,0
333101,333103,333102,28,3,-1,1,0
333269,333271,333270,11,9,-1,1,0
333449,333451,333450,6,9,-1,1,0
333491,333493,333492,11,6,-1,1,0
333719,333721,333720,17,9,-1,1,0
333791,333793,333792,15,9,-1,1,0
334331,334333,334332,0,9,-1,1,0
334421,334423,334422,16,9,-1,1,0
334427,334429,334428,22,6,-1,1,0
334511,334513,334512,32,9,-1,1,0
334547,334549,334548,31,9,-1,1,0
334751,334753,334752,13,6,-1,1,0
334889,334891,334890,3,9,-1,1,0
334991,334993,334992,31,3,-1,1,0
335171,335173,335172,26,3,-1,1,0
335381,335383,335382,14,6,-1,1,0
335807,335809,335808,33,9,-1,1,0
336029,336031,336030,33,6,-1,1,0
336101,336103,336102,31,6,-1,1,0
336221,336223,336222,3,9,-1,1,0
336251,336253,336252,33,3,-1,1,0
336527,336529,336528,13,9,-1,1,0
336767,336769,336768,31,6,-1,1,0
336827,336829,336828,17,3,-1,1,0
336899,336901,336900,15,3,-1,1,0
337217,337219,337218,0,6,-1,1,0
337277,337279,337278,23,3,-1,1,0
337367,337369,337368,2,3,-1,1,0
337487,337489,337488,11,6,-1,1,0
337541,337543,337542,28,6,-1,1,0
337607,337609,337608,20,9,-1,1,0
337859,337861,337860,13,9,-1,1,0
337871,337873,337872,25,3,-1,1,0
337901,337903,337902,18,6,-1,1,0
338159,338161,338160,17,3,-1,1,0
338267,338269,338268,14,3,-1,1,0
338321,338323,338322,31,3,-1,1,0
338339,338341,338340,12,3,-1,1,0
338411,338413,338412,10,3,-1,1,0
338579,338581,338580,30,9,-1,1,0
339137,339139,339138,33,9,-1,1,0
339671,339673,339672,12,3,-1,1,0
339749,339751,339750,16,9,-1,1,0
339839,339841,339840,32,9,-1,1,0
340061,340063,340062,32,6,-1,1,0
340127,340129,340128,24,9,-1,1,0
340337,340339,340338,12,3,-1,1,0
340451,340453,340452,15,9,-1,1,0
340577,340579,340578,30,9,-1,1,0
340787,340789,340788,18,3,-1,1,0
340931,340933,340932,14,3,-1,1,0
340937,340939,340938,20,9,-1,1,0
341057,341059,341058,29,3,-1,1,0
341321,341323,341322,34,6,-1,1,0
341459,341461,341460,24,9,-1,1,0
341771,341773,341772,3,6,-1,1,0
341951,341953,341952,35,6,-1,1,0
342047,342049,342048,20,3,-1,1,0
342059,342061,342060,32,6,-1,1,0
342071,342073,342072,7,9,-1,1,0
342239,342241,342240,27,6,-1,1,0
342281,342283,342282,32,3,-1,1,0
342341,342343,342342,18,9,-1,1,0
342371,342373,342372,11,3,-1,1,0
342449,342451,342450,15,9,-1,1,0
342467,342469,342468,33,9,-1,1,0
342869,342871,342870,28,6,-1,1,0
343307,343309,343308,22,3,-1,1,0
343379,343381,343380,20,3,-1,1,0
343391,343393,343392,32,6,-1,1,0
343529,343531,343530,22,9,-1,1,0
343559,343561,343560,15,3,-1,1,0
343589,343591,343590,8,6,-1,1,0
343769,343771,343770,3,6,-1,1,0
343799,343801,343800,33,9,-1,1,0
343829,343831,343830,26,3,-1,1,0
344171,344173,344172,35,3,-1,1,0
344207,344209,344208,34,3,-1,1,0
344249,344251,344250,2,9,-1,1,0
344291,344293,344292,7,6,-1,1,0
344681,344683,344682,27,9,-1,1,0
344819,344821,344820,17,3,-1,1,0
344957,344959,344958,7,6,-1,1,0
345017,345019,345018,30,3,-1,1,0
345227,345229,345228,18,6,-1,1,0
345461,345463,345462,30,6,-1,1,0
345599,345601,345600,20,9,-1,1,0
345731,345733,345732,4,6,-1,1,0
345887,345889,345888,12,9,-1,1,0
346139,346141,346140,5,9,-1,1,0
346259,346261,346260,14,3,-1,1,0
346391,346393,346392,35,9,-1,1,0
346397,346399,346398,4,6,-1,1,0
346439,346441,346440,9,3,-1,1,0
346559,346561,346560,18,6,-1,1,0
346649,346651,346650,34,6,-1,1,0
346667,346669,346668,15,6,-1,1,0
346961,346963,346962,13,3,-1,1,0
347057,347059,347058,35,9,-1,1,0
347069,347071,347070,10,3,-1,1,0
347129,347131,347130,33,9,-1,1,0
347141,347143,347142,8,3,-1,1,0
347297,347299,347298,16,6,-1,1,0
347561,347563,347562,21,9,-1,1,0
347729,347731,347730,4,6,-1,1,0
347771,347773,347772,9,3,-1,1,0
347957,347959,347958,10,9,-1,1,0
347981,347983,347982,34,6,-1,1,0
347987,347989,347988,3,3,-1,1,0
348239,348241,348240,33,3,-1,1,0
348419,348421,348420,28,3,-1,1,0
348431,348433,348432,3,6,-1,1,0
348461,348463,348462,33,9,-1,1,0
348917,348919,348918,8,6,-1,1,0
348989,348991,348990,6,6,-1,1,0
349079,349081,349080,22,6,-1,1,0
349379,349381,349380,26,9,-1,1,0
349397,349399,349398,7,9,-1,1,0
349409,349411,349410,19,3,-1,1,0
349829,349831,349830,32,9,-1,1,0
349931,349933,349932,23,3,-1,1,0
350087,350089,350088,31,6,-1,1,0
350429,350431,350430,3,6,-1,1,0
350561,350563,350562,24,3,-1,1,0
350729,350731,350730,7,9,-1,1,0
350981,350983,350982,0,9,-1,1,0
351059,351061,351060,4,6,-1,1,0
351077,351079,351078,22,6,-1,1,0
351257,351259,351258,17,6,-1,1,0
351287,351289,351288,10,9,-1,1,0
351341,351343,351342,27,9,-1,1,0
351359,351361,351360,8,9,-1,1,0
351731,351733,351732,10,3,-1,1,0
351749,351751,351750,28,3,-1,1,0
351929,351931,351930,23,3,-1,1,0
352109,352111,352110,18,3,-1,1,0
352271,352273,352272,32,3,-1,1,0
352367,352369,352368,17,9,-1,1,0
352409,352411,352410,22,6,-1,1,0
352421,352423,352422,34,9,-1,1,0
352481,352483,352482,20,6,-1,1,0
352739,352741,352740,19,3,-1,1,0
352817,352819,352818,23,9,-1,1,0
352907,352909,352908,2,9,-1,1,0
352949,352951,352950,7,6,-1,1,0
353147,353149,353148,20,6,-1,1,0
353201,353203,353202,0,6,-1,1,0
353471,353473,353472,11,6,-1,1,0
353627,353629,353628,19,9,-1,1,0
353867,353869,353868,0,6,-1,1,0
354041,354043,354042,26,9,-1,1,0
354251,354253,354252,14,3,-1,1,0
354257,354259,354258,20,9,-1,1,0
354371,354373,354372,23,6,-1,1,0
354461,354463,354462,2,6,-1,1,0
354551,354553,354552,18,6,-1,1,0
354701,354703,354702,20,3,-1,1,0
354881,354883,354882,15,3,-1,1,0
354971,354973,354972,31,3,-1,1,0
355007,355009,355008,30,3,-1,1,0
355037,355039,355038,23,6,-1,1,0
355109,355111,355110,21,6,-1,1,0
355361,355363,355362,14,6,-1,1,0
355499,355501,355500,4,9,-1,1,0
355517,355519,355518,22,9,-1,1,0
355571,355573,355572,2,9,-1,1,0
355721,355723,355722,4,6,-1,1,0
355937,355939,355938,35,6,-1,1,0
355967,355969,355968,28,9,-1,1,0
356141,356143,356142,17,3,-1,1,0
356171,356173,356172,10,6,-1,1,0
356261,356263,356262,26,6,-1,1,0
356441,356443,356442,21,6,-1,1,0
356561,356563,356562,30,9,-1,1,0
356819,356821,356820,29,6,-1,1,0
356927,356929,356928,26,6,-1,1,0
357107,357109,357108,21,6,-1,1,0
357197,357199,357198,0,6,-1,1,0
357239,357241,357240,5,3,-1,1,0
357281,357283,357282,10,9,-1,1,0
357347,357349,357348,2,3,-1,1,0
357569,357571,357570,2,9,-1,1,0
357611,357613,357612,7,6,-1,1,0
357659,357661,357660,18,9,-1,1,0
357737,357739,357738,22,6,-1,1,0
357779,357781,357780,27,3,-1,1,0
358157,358159,358158,35,3,-1,1,0
358277,358279,358278,7,6,-1,1,0
358289,358291,358290,19,9,-1,1,0
358427,358429,358428,9,3,-1,1,0
358571,358573,358572,5,3,-1,1,0
358667,358669,358668,27,9,-1,1,0
358859,358861,358860,34,3,-1,1,0
358877,358879,358878,15,3,-1,1,0
358901,358903,358902,2,9,-1,1,0
358907,358909,358908,8,6,-1,1,0
359207,359209,359208,12,9,-1,1,0
359297,359299,359298,28,9,-1,1,0
359417,359419,359418,0,3,-1,1,0
359477,359479,359478,23,9,-1,1,0
359561,359563,359562,33,3,-1,1,0
360089,360091,360090,6,9,-1,1,0
360167,360169,360168,10,6,-1,1,0
360287,360289,360288,19,9,-1,1,0
360509,360511,360510,19,6,-1,1,0
360779,360781,360780,30,6,-1,1,0
360821,360823,360822,35,3,-1,1,0
360851,360853,360852,28,6,-1,1,0
360947,360949,360948,13,3,-1,1,0
360977,360979,360978,6,6,-1,1,0
361001,361003,361002,30,3,-1,1,0
361091,361093,361092,9,3,-1,1,0
361211,361213,361212,18,6,-1,1,0
361217,361219,361218,24,3,-1,1,0
361349,361351,361350,8,9,-1,1,0
361409,361411,361410,31,6,-1,1,0
361649,361651,361650,12,3,-1,1,0
361787,361789,361788,2,6,-1,1,0
361871,361873,361872,12,9,-1,1,0
361901,361903,361902,5,3,-1,1,0
362051,362053,362052,7,9,-1,1,0
362291,362293,362292,25,6,-1,1,0
362429,362431,362430,15,9,-1,1,0
362741,362743,362742,31,6,-1,1,0
362951,362953,362952,19,9,-1,1,0
363017,363019,363018,11,3,-1,1,0
363059,363061,363060,16,9,-1,1,0
363149,363151,363150,32,9,-1,1,0
363269,363271,363270,4,3,-1,1,0
363359,363361,363360,20,3,-1,1,0
363371,363373,363372,32,6,-1,1,0
363401,363403,363402,25,9,-1,1,0
363437,363439,363438,24,9,-1,1,0
363887,363889,363888,30,9,-1,1,0
363947,363949,363948,16,6,-1,1,0
364127,364129,364128,11,6,-1,1,0
364289,364291,364290,25,6,-1,1,0
364541,364543,364542,18,6,-1,1,0
364751,364753,364752,6,9,-1,1,0
364919,364921,364920,26,6,-1,1,0
365249,365251,365250,23,3,-1,1,0
365291,365293,365292,28,9,-1,1,0
365411,365413,365412,0,3,-1,1,0
365471,365473,365472,23,9,-1,1,0
365507,365509,365508,22,9,-1,1,0
365567,365569,365568,8,6,-1,1,0
365639,365641,365640,6,6,-1,1,0
365747,365749,365748,3,6,-1,1,0
365837,365839,365838,19,6,-1,1,0
366029,366031,366030,26,9,-1,1,0
366167,366169,366168,16,3,-1,1,0
366341,366343,366342,5,6,-1,1,0
366437,366439,366438,27,3,-1,1,0
366461,366463,366462,14,9,-1,1,0
366701,366703,366702,32,6,-1,1,0
366851,366853,366852,34,3,-1,1,0
367019,367021,367020,17,9,-1,1,0
367121,367123,367122,8,3,-1,1,0
367229,367231,367230,5,3,-1,1,0
367259,367261,367260,35,6,-1,1,0
367307,367309,367308,9,9,-1,1,0
367559,367561,367560,2,9,-1,1,0
367649,367651,367650,18,9,-1,1,0
368231,368233,368232,8,6,-1,1,0
368651,368653,368652,21,3,-1,1,0
368789,368791,368790,11,6,-1,1,0
368801,368803,368802,23,9,-1,1,0
369077,369079,369078,3,6,-1,1,0
369407,369409,369408,0,3,-1,1,0
369659,369661,369660,30,3,-1,1,0
369791,369793,369792,14,9,-1,1,0
369827,369829,369828,13,9,-1,1,0
369959,369961,369960,34,6,-1,1,0
370421,370423,370422,15,9,-1,1,0
370439,370441,370440,33,9,-1,1,0
370661,370663,370662,33,6,-1,1,0
370871,370873,370872,21,9,-1,1,0
371027,371029,371028,29,3,-1,1,0
371069,371071,371070,34,9,-1,1,0
371141,371143,371142,32,9,-1,1,0
371177,371179,371178,31,9,-1,1,0
371249,371251,371250,29,9,-1,1,0
371339,371341,371340,8,9,-1,1,0
371387,371389,371388,19,3,-1,1,0
371927,371929,371928,4,3,-1,1,0
371939,371941,371940,16,6,-1,1,0
372059,372061,372060,25,9,-1,1,0
372269,372271,372270,13,3,-1,1,0
372311,372313,372312,18,9,-1,1,0
372611,372613,372612,22,3,-1,1,0
372707,372709,372708,7,9,-1,1,0
372941,372943,372942,19,9,-1,1,0
372971,372973,372972,12,3,-1,1,0
373181,373183,373182,0,6,-1,1,0
373211,373213,373212,30,9,-1,1,0
373229,373231,373230,11,9,-1,1,0
373361,373363,373362,32,6,-1,1,0
373487,373489,373488,10,6,-1,1,0
373859,373861,373860,12,9,-1,1,0
374039,374041,374040,7,9,-1,1,0
374291,374293,374292,0,9,-1,1,0
374441,374443,374442,2,6,-1,1,0
374639,374641,374640,15,6,-1,1,0
374681,374683,374682,20,3,-1,1,0
374837,374839,374838,28,6,-1,1,0
374987,374989,374988,30,3,-1,1,0
375017,375019,375018,23,6,-1,1,0
375101,375103,375102,33,9,-1,1,0
375119,375121,375120,14,9,-1,1,0
375251,375253,375252,35,6,-1,1,0
375257,375259,375258,4,3,-1,1,0
375281,375283,375282,28,9,-1,1,0
375371,375373,375372,7,9,-1,1,0
375449,375451,375450,11,6,-1,1,0
375509,375511,375510,34,3,-1,1,0
375707,375709,375708,10,3,-1,1,0
375899,375901,375900,17,6,-1,1,0
376001,376003,376002,8,9,-1,1,0
376097,376099,376098,30,6,-1,1,0
376469,376471,376470,32,9,-1,1,0
376529,376531,376530,18,6,-1,1,0
376631,376633,376632,9,9,-1,1,0
376757,376759,376758,24,9,-1,1,0
376889,376891,376890,8,6,-1,1,0
376931,376933,376932,13,3,-1,1,0
377171,377173,377172,31,9,-1,1,0
377327,377329,377328,2,3,-1,1,0
377369,377371,377370,7,9,-1,1,0
377561,377563,377562,14,3,-1,1,0
378149,378151,378150,10,6,-1,1,0
378239,378241,378240,26,6,-1,1,0
378569,378571,378570,23,3,-1,1,0
378821,378823,378822,16,3,-1,1,0
379007,379009,379008,17,9,-1,1,0
379187,379189,379188,12,9,-1,1,0
379397,379399,379398,0,3,-1,1,0
379439,379441,379440,5,9,-1,1,0
379499,379501,379500,28,6,-1,1,0
379571,379573,379572,26,6,-1,1,0
379679,379681,379680,23,6,-1,1,0
379721,379723,379722,28,3,-1,1,0
379997,379999,379998,8,9,-1,1,0
380129,380131,380130,29,6,-1,1,0
380201,380203,380202,27,6,-1,1,0
380267,380269,380268,19,9,-1,1,0
380309,380311,380310,24,6,-1,1,0
380327,380329,380328,5,6,-1,1,0
380459,380461,380460,26,3,-1,1,0
380621,380623,380622,3,3,-1,1,0
380837,380839,380838,34,3,-1,1,0
380867,380869,380868,27,6,-1,1,0
380879,380881,380880,2,9,-1,1,0
381167,381169,381168,31,9,-1,1,0
381221,381223,381222,11,9,-1,1,0
381287,381289,381288,3,3,-1,1,0
381371,381373,381372,13,6,-1,1,0
381527,381529,381528,21,9,-1,1,0
381629,381631,381630,12,3,-1,1,0
381737,381739,381738,9,3,-1,1,0
381791,381793,381792,26,3,-1,1,0
381989,381991,381990,2,3,-1,1,0
382001,382003,382002,14,6,-1,1,0
382229,382231,382230,20,9,-1,1,0
382427,382429,382428,33,9,-1,1,0
382661,382663,382662,8,9,-1,1,0
382727,382729,382728,0,3,-1,1,0
382871,382873,382872,33,3,-1,1,0
383081,383083,383082,21,6,-1,1,0
383099,383101,383100,2,6,-1,1,0
383219,383221,383220,11,9,-1,1,0
383417,383419,383418,24,9,-1,1,0
383519,383521,383520,15,3,-1,1,0
383609,383611,383610,31,3,-1,1,0
383657,383659,383658,5,6,-1,1,0
383681,383683,383682,29,3,-1,1,0
383837,383839,383838,0,6,-1,1,0
384257,384259,384258,13,3,-1,1,0
384287,384289,384288,6,6,-1,1,0
384299,384301,384300,18,9,-1,1,0
384479,384481,384480,13,9,-1,1,0
385079,385081,385080,21,6,-1,1,0
385127,385129,385128,32,9,-1,1,0
385139,385141,385140,7,3,-1,1,0
385289,385291,385290,9,9,-1,1,0
385391,385393,385392,0,3,-1,1,0
385571,385573,385572,32,3,-1,1,0
385589,385591,385590,13,3,-1,1,0
385661,385663,385662,11,3,-1,1,0
385739,385741,385740,15,9,-1,1,0
386039,386041,386040,19,3,-1,1,0
386117,386119,386118,23,9,-1,1,0
386129,386131,386130,35,3,-1,1,0
386159,386161,386160,28,6,-1,1,0
386297,386299,386298,18,9,-1,1,0
386369,386371,386370,16,9,-1,1,0
386381,386383,386382,28,3,-1,1,0
386411,386413,386412,21,6,-1,1,0
386429,386431,386430,2,6,-1,1,0
386609,386611,386610,34,6,-1,1,0
386987,386989,386988,5,6,-1,1,0
387197,387199,387198,30,9,-1,1,0
387677,387679,387678,29,3,-1,1,0
387911,387913,387912,4,3,-1,1,0
387971,387973,387972,27,9,-1,1,0
388109,388111,388110,17,3,-1,1,0
388181,388183,388182,15,3,-1,1,0
388481,388483,388482,19,6,-1,1,0
388691,388693,388692,7,9,-1,1,0
388697,388699,388698,13,6,-1,1,0
388901,388903,388902,32,3,-1,1,0
388931,388933,388932,25,6,-1,1,0
388961,388963,388962,18,9,-1,1,0
389027,389029,389028,10,3,-1,1,0
389171,389173,389172,6,3,-1,1,0
389297,389299,389298,21,3,-1,1,0
389399,389401,389400,12,6,-1,1,0
389531,389533,389532,33,3,-1,1,0
389561,389563,389562,26,6,-1,1,0
389567,389569,389568,32,3,-1,1,0
389999,390001,390000,20,3,-1,1,0
390107,390109,390108,17,3,-1,1,0
390191,390193,390192,27,6,-1,1,0
390209,390211,390210,8,6,-1,1,0
390389,390391,390390,3,6,-1,1,0
390419,390421,390420,33,9,-1,1,0
390491,390493,390492,31,9,-1,1,0
390671,390673,390672,26,9,-1,1,0
390737,390739,390738,18,3,-1,1,0
390959,390961,390960,18,9,-1,1,0
390989,390991,390990,11,3,-1,1,0
391019,391021,391020,4,6,-1,1,0
391217,391219,391218,17,6,-1,1,0
391247,391249,391248,10,9,-1,1,0
391397,391399,391398,12,6,-1,1,0
391451,391453,391452,29,6,-1,1,0
391691,391693,391692,10,3,-1,1,0
391751,391753,391752,33,9,-1,1,0
391889,391891,391890,23,3,-1,1,0
392099,392101,392100,11,6,-1,1,0
392111,392113,392112,23,9,-1,1,0
392261,392263,392262,25,6,-1,1,0
392267,392269,392268,31,3,-1,1,0
392279,392281,392280,6,6,-1,1,0
392297,392299,392298,24,6,-1,1,0
392759,392761,392760,5,9,-1,1,0
392807,392809,392808,16,3,-1,1,0
392849,392851,392850,21,9,-1,1,0
392927,392929,392928,25,6,-1,1,0
392981,392983,392982,5,6,-1,1,0
393077,393079,393078,27,3,-1,1,0
393299,393301,393300,27,9,-1,1,0
393401,393403,393402,18,3,-1,1,0
393539,393541,393540,8,6,-1,1,0
393581,393583,393582,13,3,-1,1,0
393857,393859,393858,30,9,-1,1,0
393929,393931,393930,28,9,-1,1,0
394367,394369,394368,22,6,-1,1,0
394409,394411,394410,27,3,-1,1,0
394577,394579,394578,10,9,-1,1,0
394631,394633,394632,27,9,-1,1,0
394727,394729,394728,12,6,-1,1,0
394811,394813,394812,22,9,-1,1,0
394817,394819,394818,28,6,-1,1,0
394967,394969,394968,30,3,-1,1,0
395111,395113,395112,26,3,-1,1,0
395189,395191,395190,30,9,-1,1,0
395321,395323,395322,14,6,-1,1,0
395429,395431,395430,11,6,-1,1,0
395849,395851,395850,24,3,-1,1,0
396029,396031,396030,19,3,-1,1,0
396041,396043,396042,31,6,-1,1,0
396197,396199,396198,2,9,-1,1,0
396299,396301,396300,30,3,-1,1,0
396377,396379,396378,34,9,-1,1,0
396629,396631,396630,27,9,-1,1,0
396881,396883,396882,20,9,-1,1,0
397151,397153,397152,31,9,-1,1,0
397181,397183,397182,24,3,-1,1,0
397301,397303,397302,33,6,-1,1,0
397427,397429,397428,11,6,-1,1,0
397517,397519,397518,27,6,-1,1,0
397541,397543,397542,14,3,-1,1,0
397547,397549,397548,20,9,-1,1,0
397589,397591,397590,25,6,-1,1,0
397721,397723,397722,9,3,-1,1,0
397751,397753,397752,2,6,-1,1,0
397757,397759,397758,8,3,-1,1,0
398117,398119,398118,35,3,-1,1,0
398339,398341,398340,35,9,-1,1,0
398471,398473,398472,19,6,-1,1,0
398609,398611,398610,9,9,-1,1,0
398681,398683,398682,7,9,-1,1,0
398729,398731,398730,18,3,-1,1,0
398819,398821,398820,34,3,-1,1,0
399149,399151,399150,31,9,-1,1,0
399239,399241,399240,10,9,-1,1,0
399281,399283,399282,15,6,-1,1,0
399389,399391,399390,12,6,-1,1,0
399401,399403,399402,24,9,-1,1,0
399491,399493,399492,3,9,-1,1,0
399689,399691,399690,16,9,-1,1,0
399851,399853,399852,30,9,-1,1,0
399911,399913,399912,16,6,-1,1,0
400031,400033,400032,25,9,-1,1,0
400067,400069,400068,24,9,-1,1,0
400247,400249,400248,19,9,-1,1,0
400679,400681,400680,7,9,-1,1,0
400721,400723,400722,12,6,-1,1,0
401309,401311,401310,8,9,-1,1,0
401537,401539,401538,14,3,-1,1,0
401627,401629,401628,30,3,-1,1,0
401669,401671,401670,35,9,-1,1,0
401771,401773,401772,26,3,-1,1,0
401957,401959,401958,27,9,-1,1,0
402089,402091,402090,11,6,-1,1,0
402131,402133,402132,16,3,-1,1,0
402137,402139,402138,22,9,-1,1,0
402221,402223,402222,32,3,-1,1,0
402329,402331,402330,29,3,-1,1,0
402341,402343,402342,4,6,-1,1,0
402359,402361,402360,22,6,-1,1,0
402527,402529,402528,5,3,-1,1,0
402581,402583,402582,22,3,-1,1,0
402761,402763,402762,17,3,-1,1,0
402767,402769,402768,23,9,-1,1,0
402947,402949,402948,18,9,-1,1,0
403001,403003,403002,35,9,-1,1,0
403061,403063,403062,21,6,-1,1,0
403241,403243,403242,16,6,-1,1,0
403547,403549,403548,26,6,-1,1,0
403679,403681,403680,10,3,-1,1,0
403829,403831,403830,12,9,-1,1,0
403979,403981,403980,14,6,-1,1,0
404009,404011,404010,7,9,-1,1,0
404189,404191,404190,2,9,-1,1,0
404249,404251,404250,25,6,-1,1,0
404267,404269,404268,6,6,-1,1,0
404321,404323,404322,23,6,-1,1,0
404387,404389,404388,15,9,-1,1,0
404429,404431,404430,20,6,-1,1,0
404531,404533,404532,11,9,-1,1,0
404849,404851,404850,33,3,-1,1,0
404981,404983,404982,17,9,-1,1,0
405047,405049,405048,9,3,-1,1,0
405071,405073,405072,33,9,-1,1,0
405089,405091,405090,14,9,-1,1,0
405239,405241,405240,16,6,-1,1,0
405341,405343,405342,7,9,-1,1,0
405437,405439,405438,29,6,-1,1,0
405497,405499,405498,15,3,-1,1,0
405527,405529,405528,8,6,-1,1,0
405677,405679,405678,10,3,-1,1,0
405701,405703,405702,34,9,-1,1,0
405827,405829,405828,12,9,-1,1,0
405869,405871,405870,17,6,-1,1,0
405947,405949,405948,21,3,-1,1,0
405989,405991,405990,26,9,-1,1,0
406169,406171,406170,21,9,-1,1,0
406499,406501,406500,18,6,-1,1,0
406559,406561,406560,4,3,-1,1,0
406577,406579,406578,22,3,-1,1,0
406631,406633,406632,2,3,-1,1,0
406697,406699,406698,31,6,-1,1,0
407177,407179,407178,30,9,-1,1,0
407219,407221,407220,35,6,-1,1,0
407357,407359,407358,25,9,-1,1,0
407501,407503,407502,21,9,-1,1,0
407789,407791,407790,13,9,-1,1,0
407969,407971,407970,8,9,-1,1,0
408209,408211,408210,26,6,-1,1,0
408431,408433,408432,26,3,-1,1,0
408689,408691,408690,25,9,-1,1,0
408701,408703,408702,0,3,-1,1,0
408911,408913,408912,25,6,-1,1,0
409259,409261,409260,3,3,-1,1,0
409289,409291,409290,33,6,-1,1,0
409349,409351,409350,19,3,-1,1,0
409691,409693,409692,28,3,-1,1,0
409709,409711,409710,9,3,-1,1,0
409889,409891,409890,4,3,-1,1,0
410117,410119,410118,10,6,-1,1,0
410141,410143,410142,34,3,-1,1,0
410171,410173,410172,27,6,-1,1,0
410231,410233,410232,13,3,-1,1,0
410279,410281,410280,24,6,-1,1,0
410339,410341,410340,10,3,-1,1,0
410411,410413,410412,8,3,-1,1,0
410489,410491,410490,12,9,-1,1,0
410621,410623,410622,33,6,-1,1,0
410747,410749,410748,11,6,-1,1,0
410999,411001,411000,4,6,-1,1,0
411011,411013,411012,16,9,-1,1,0
411251,411253,411252,34,6,-1,1,0
411527,411529,411528,14,3,-1,1,0
411611,411613,411612,24,6,-1,1,0
411707,411709,411708,9,3,-1,1,0
411737,411739,411738,2,6,-1,1,0
411821,411823,411822,12,9,-1,1,0
412031,412033,412032,0,3,-1,1,0
412037,412039,412038,6,9,-1,1,0
412187,412189,412188,8,6,-1,1,0
412211,412213,412212,32,3,-1,1,0
412589,412591,412590,3,3,-1,1,0
412637,412639,412638,14,6,-1,1,0
412901,412903,412902,19,9,-1,1,0
413069,413071,413070,2,6,-1,1,0
413087,413089,413088,20,6,-1,1,0
413111,413113,413112,7,3,-1,1,0
413141,413143,413142,0,6,-1,1,0
413681,413683,413682,22,6,-1,1,0
413711,413713,413712,15,9,-1,1,0
413867,413869,413868,23,3,-1,1,0
414017,414019,414018,25,9,-1,1,0
414107,414109,414108,4,9,-1,1,0
414311,414313,414312,23,6,-1,1,0
414329,414331,414330,4,6,-1,1,0
414431,414433,414432,32,9,-1,1,0
414641,414643,414642,20,3,-1,1,0
414677,414679,414678,19,3,-1,1,0
414707,414709,414708,12,6,-1,1,0
414767,414769,414768,35,3,-1,1,0
415109,415111,415110,7,3,-1,1,0
415187,415189,415188,11,9,-1,1,0
415271,415273,415272,21,3,-1,1,0
415379,415381,415380,18,3,-1,1,0
415607,415609,415608,24,6,-1,1,0
415799,415801,415800,31,9,-1,1,0
415949,415951,415950,33,6,-1,1,0
416147,416149,416148,9,6,-1,1,0
416387,416389,416388,27,3,-1,1,0
416399,416401,416400,2,6,-1,1,0
416417,416419,416418,20,6,-1,1,0
416441,416443,416442,7,3,-1,1,0
416501,416503,416502,30,9,-1,1,0
416621,416623,416622,2,3,-1,1,0
416849,416851,416850,8,6,-1,1,0
417017,417019,417018,28,3,-1,1,0
417377,417379,417378,18,3,-1,1,0
417491,417493,417492,21,9,-1,1,0
417509,417511,417510,2,9,-1,1,0
417581,417583,417582,0,9,-1,1,0
417719,417721,417720,27,3,-1,1,0
417731,417733,417732,2,6,-1,1,0
417881,417883,417882,4,3,-1,1,0
417959,417961,417960,8,9,-1,1,0
418007,418009,418008,19,3,-1,1,0
418337,418339,418338,16,9,-1,1,0
418349,418351,418350,28,3,-1,1,0
418601,418603,418602,21,3,-1,1,0
418631,418633,418632,14,6,-1,1,0
418811,418813,418812,9,6,-1,1,0
419051,419053,419052,27,3,-1,1,0
419057,419059,419058,33,9,-1,1,0
419189,419191,419190,17,6,-1,1,0
419561,419563,419562,19,9,-1,1,0
419597,419599,419598,18,9,-1,1,0
419789,419791,419790,25,3,-1,1,0
419801,419803,419802,0,6,-1,1,0
419927,419929,419928,15,6,-1,1,0
419999,420001,420000,13,6,-1,1,0
420191,420193,420192,20,9,-1,1,0
420269,420271,420270,24,6,-1,1,0
420317,420319,420318,35,9,-1,1,0
420419,420421,420420,26,3,-1,1,0
420479,420481,420480,12,9,-1,1,0
420569,420571,420570,28,9,-1,1,0
420779,420781,420780,16,3,-1,1,0
420809,420811,420810,9,6,-1,1,0
420851,420853,420852,14,3,-1,1,0
420857,420859,420858,20,9,-1,1,0
421079,421081,421080,20,6,-1,1,0
421121,421123,421122,25,3,-1,1,0
421469,421471,421470,3,9,-1,1,0
421607,421609,421608,30,3,-1,1,0
421697,421699,421698,9,3,-1,1,0
421709,421711,421710,21,6,-1,1,0
421739,421741,421740,14,9,-1,1,0
422087,422089,422088,29,6,-1,1,0
422099,422101,422100,4,9,-1,1,0
422111,422113,422112,16,3,-1,1,0
422309,422311,422310,29,3,-1,1,0
422549,422551,422550,10,9,-1,1,0
422759,422761,422760,35,3,-1,1,0
422867,422869,422868,32,3,-1,1,0
422879,422881,422880,7,6,-1,1,0
422897,422899,422898,25,6,-1,1,0
423257,423259,423258,15,6,-1,1,0
423287,423289,423288,8,9,-1,1,0
423461,423463,423462,34,3,-1,1,0
423557,423559,423558,19,9,-1,1,0
423749,423751,423750,26,3,-1,1,0
423779,423781,423780,19,6,-1,1,0
423989,423991,423990,7,9,-1,1,0
424001,424003,424002,19,3,-1,1,0
424091,424093,424092,35,3,-1,1,0
424271,424273,424272,30,3,-1,1,0
424547,424549,424548,10,9,-1,1,0
424727,424729,424728,5,9,-1,1,0
424769,424771,424770,10,6,-1,1,0
424817,424819,424818,21,9,-1,1,0
424841,424843,424842,8,6,-1,1,0
424889,424891,424890,19,9,-1,1,0
425057,425059,425058,2,6,-1,1,0
425147,425149,425148,18,6,-1,1,0
425279,425281,425280,2,3,-1,1,0
425417,425419,425418,29,6,-1,1,0
425441,425443,425442,16,3,-1,1,0
425471,425473,425472,9,6,-1,1,0
425519,425521,425520,20,9,-1,1,0
425837,425839,425838,5,3,-1,1,0
425987,425989,425988,7,9,-1,1,0
426089,426091,426090,35,3,-1,1,0
426161,426163,426162,33,3,-1,1,0
426551,426553,426552,16,6,-1,1,0
426707,426709,426708,24,9,-1,1,0
426737,426739,426738,17,3,-1,1,0
426761,426763,426762,4,9,-1,1,0
426917,426919,426918,12,3,-1,1,0
426971,426973,426972,29,3,-1,1,0
427067,427069,427068,14,9,-1,1,0
427079,427081,427080,26,3,-1,1,0
427241,427243,427242,3,3,-1,1,0
427247,427249,427248,9,9,-1,1,0
427307,427309,427308,32,6,-1,1,0
427379,427381,427380,30,6,-1,1,0
427421,427423,427422,35,3,-1,1,0
427619,427621,427620,11,3,-1,1,0
427787,427789,427788,31,9,-1,1,0
427877,427879,427878,10,9,-1,1,0
427949,427951,427950,8,9,-1,1,0
427967,427969,427968,26,9,-1,1,0
427991,427993,427992,13,6,-1,1,0
428039,428041,428040,24,9,-1,1,0
428147,428149,428148,21,9,-1,1,0
428249,428251,428250,12,3,-1,1,0
428297,428299,428298,23,6,-1,1,0
428471,428473,428472,12,9,-1,1,0
428567,428569,428568,34,6,-1,1,0
428807,428809,428808,15,3,-1,1,0
429137,429139,429138,12,9,-1,1,0
429281,429283,429282,8,9,-1,1,0
429347,429349,429348,0,3,-1,1,0
429467,429469,429468,9,6,-1,1,0
429509,429511,429510,14,3,-1,1,0
429587,429589,429588,18,9,-1,1,0
429659,429661,429660,16,9,-1,1,0
429677,429679,429678,34,9,-1,1,0
429731,429733,429732,14,9,-1,1,0
429851,429853,429852,23,3,-1,1,0
429887,429889,429888,22,3,-1,1,0
429899,429901,429900,34,6,-1,1,0
429929,429931,429930,27,9,-1,1,0
429971,429973,429972,32,6,-1,1,0
430007,430009,430008,31,6,-1,1,0
430091,430093,430092,4,9,-1,1,0
430277,430279,430278,5,6,-1,1,0
430511,430513,430512,17,6,-1,1,0
430601,430603,430602,33,6,-1,1,0
430697,430699,430698,18,3,-1,1,0
430739,430741,430740,23,9,-1,1,0
430751,430753,430752,35,3,-1,1,0
430907,430909,430908,6,6,-1,1,0
430979,430981,430980,4,6,-1,1,0
431267,431269,431268,33,6,-1,1,0
431447,431449,431448,28,6,-1,1,0
431657,431659,431658,16,9,-1,1,0
431729,431731,431730,14,9,-1,1,0
431801,431803,431802,12,9,-1,1,0
431831,431833,431832,5,3,-1,1,0
431867,431869,431868,4,3,-1,1,0
432137,432139,432138,15,3,-1,1,0
432161,432163,432162,2,9,-1,1,0
432389,432391,432390,8,3,-1,1,0
432557,432559,432558,28,9,-1,1,0
432587,432589,432588,21,3,-1,1,0
432659,432661,432660,19,3,-1,1,0
432797,432799,432798,9,6,-1,1,0
432959,432961,432960,23,6,-1,1,0
433049,433051,433050,2,6,-1,1,0
433259,433261,433260,27,9,-1,1,0
433469,433471,433470,15,3,-1,1,0
433661,433663,433662,22,6,-1,1,0
433679,433681,433680,3,6,-1,1,0
433859,433861,433860,35,6,-1,1,0
434009,434011,434010,0,3,-1,1,0
434111,434113,434112,28,6,-1,1,0
434387,434389,434388,8,3,-1,1,0
434459,434461,434460,6,3,-1,1,0
434561,434563,434562,34,6,-1,1,0
434717,434719,434718,5,9,-1,1,0
434921,434923,434922,24,6,-1,1,0
435107,435109,435108,25,3,-1,1,0
435179,435181,435180,23,3,-1,1,0
435221,435223,435222,28,9,-1,1,0
435401,435403,435402,23,9,-1,1,0
435437,435439,435438,22,9,-1,1,0
435569,435571,435570,6,6,-1,1,0
435647,435649,435648,10,3,-1,1,0
435731,435733,435732,20,6,-1,1,0
435857,435859,435858,35,6,-1,1,0
435947,435949,435948,14,6,-1,1,0
436307,436309,436308,4,6,-1,1,0
436481,436483,436482,30,9,-1,1,0
436529,436531,436530,4,3,-1,1,0
436547,436549,436548,22,3,-1,1,0
436649,436651,436650,13,6,-1,1,0
436727,436729,436728,17,3,-1,1,0
436739,436741,436740,29,6,-1,1,0
437111,437113,437112,31,9,-1,1,0
437387,437389,437388,11,6,-1,1,0
437471,437473,437472,21,9,-1,1,0
437651,437653,437652,16,9,-1,1,0
438047,438049,438048,5,9,-1,1,0
438131,438133,438132,15,3,-1,1,0
438521,438523,438522,35,6,-1,1,0
438827,438829,438828,8,6,-1,1,0
439007,439009,439008,3,6,-1,1,0
439427,439429,439428,16,3,-1,1,0
440177,440179,440178,26,6,-1,1,0
440441,440443,440442,31,9,-1,1,0
440507,440509,440508,23,3,-1,1,0
440549,440551,440550,28,9,-1,1,0
440567,440569,440568,9,9,-1,1,0
440579,440581,440580,21,3,-1,1,0
440651,440653,440652,19,3,-1,1,0
440681,440683,440682,12,6,-1,1,0
440807,440809,440808,27,6,-1,1,0
440939,440941,440940,11,3,-1,1,0
440987,440989,440988,22,6,-1,1,0
441041,441043,441042,2,6,-1,1,0
441107,441109,441108,31,9,-1,1,0
441191,441193,441192,4,3,-1,1,0
441359,441361,441360,24,9,-1,1,0
441797,441799,441798,18,6,-1,1,0
441827,441829,441828,11,9,-1,1,0
441839,441841,441840,23,3,-1,1,0
442007,442009,442008,6,9,-1,1,0
442031,442033,442032,30,6,-1,1,0
442397,442399,442398,26,3,-1,1,0
442487,442489,442488,5,3,-1,1,0
442499,442501,442500,17,6,-1,1,0
442571,442573,442572,15,6,-1,1,0
442577,442579,442578,21,3,-1,1,0
442829,442831,442830,14,3,-1,1,0
442961,442963,442962,35,9,-1,1,0
443039,443041,443040,2,6,-1,1,0
443057,443059,443058,20,6,-1,1,0
443159,443161,443160,11,9,-1,1,0
443291,443293,443292,32,6,-1,1,0
443561,443563,443562,6,6,-1,1,0
443687,443689,443688,21,6,-1,1,0
443759,443761,443760,19,6,-1,1,0
443867,443869,443868,16,6,-1,1,0
443879,443881,443880,28,9,-1,1,0
443939,443941,443940,14,6,-1,1,0
443999,444001,444000,0,3,-1,1,0
444179,444181,444180,32,3,-1,1,0
444287,444289,444288,29,3,-1,1,0
444341,444343,444342,9,3,-1,1,0
444347,444349,444348,15,9,-1,1,0
444401,444403,444402,32,9,-1,1,0
444461,444463,444462,18,6,-1,1,0
444527,444529,444528,10,9,-1,1,0
444791,444793,444792,15,3,-1,1,0
445019,445021,445020,21,6,-1,1,0
445031,445033,445032,33,9,-1,1,0
445631,445633,445632,4,6,-1,1,0
445769,445771,445770,31,9,-1,1,0
445967,445969,445968,7,9,-1,1,0
446189,446191,446190,7,6,-1,1,0
446261,446263,446262,5,6,-1,1,0
446387,446389,446388,20,6,-1,1,0
446399,446401,446400,32,9,-1,1,0
446891,446893,446892,6,6,-1,1,0
446909,446911,446910,24,6,-1,1,0
447257,447259,447258,2,3,-1,1,0
447449,447451,447450,9,6,-1,1,0
447569,447571,447570,18,9,-1,1,0
447701,447703,447702,2,6,-1,1,0
447791,447793,447792,18,6,-1,1,0
447827,447829,447828,17,6,-1,1,0
448139,448141,448140,33,3,-1,1,0
448157,448159,448158,14,3,-1,1,0
448631,448633,448632,7,9,-1,1,0
448871,448873,448872,25,6,-1,1,0
448997,448999,448998,3,6,-1,1,0
449129,449131,449130,24,3,-1,1,0
449171,449173,449172,29,9,-1,1,0
449201,449203,449202,22,3,-1,1,0
449261,449263,449262,8,9,-1,1,0
449417,449419,449418,16,3,-1,1,0
449567,449569,449568,18,9,-1,1,0
449987,449989,449988,31,6,-1,1,0
450101,450103,450102,34,3,-1,1,0
450257,450259,450258,5,6,-1,1,0
450299,450301,450300,10,3,-1,1,0
450479,450481,450480,5,3,-1,1,0
450599,450601,450600,14,6,-1,1,0
450641,450643,450642,19,3,-1,1,0
450797,450799,450798,27,6,-1,1,0
450809,450811,450810,2,9,-1,1,0
450839,450841,450840,32,3,-1,1,0
450881,450883,450882,0,9,-1,1,0
451181,451183,451182,4,3,-1,1,0
451277,451279,451278,26,9,-1,1,0
451301,451303,451302,13,6,-1,1,0
451439,451441,451440,3,9,-1,1,0
451667,451669,451668,9,3,-1,1,0
451679,451681,451680,21,6,-1,1,0
451901,451903,451902,21,3,-1,1,0
451937,451939,451938,20,3,-1,1,0
452159,452161,452160,20,9,-1,1,0
452519,452521,452520,10,9,-1,1,0
452531,452533,452532,22,3,-1,1,0
452537,452539,452538,28,9,-1,1,0
452687,452689,452688,30,6,-1,1,0
453197,453199,453198,22,3,-1,1,0
453377,453379,453378,17,3,-1,1,0
453569,453571,453570,24,6,-1,1,0
453599,453601,453600,17,9,-1,1,0
453641,453643,453642,22,6,-1,1,0
453707,453709,453708,14,9,-1,1,0
453797,453799,453798,30,9,-1,1,0
454031,454033,454032,5,9,-1,1,0
454061,454063,454062,35,3,-1,1,0
454211,454213,454212,0,9,-1,1,0
454229,454231,454230,18,9,-1,1,0
454451,454453,454452,18,6,-1,1,0
454541,454543,454542,34,6,-1,1,0
454577,454579,454578,33,6,-1,1,0
454709,454711,454710,17,3,-1,1,0
454721,454723,454722,29,6,-1,1,0
454847,454849,454848,7,6,-1,1,0
454889,454891,454890,12,3,-1,1,0
454919,454921,454920,5,6,-1,1,0
454967,454969,454968,16,9,-1,1,0
455261,455263,455262,14,6,-1,1,0
455339,455341,455340,18,3,-1,1,0
455471,455473,455472,2,9,-1,1,0
455489,455491,455490,20,9,-1,1,0
455597,455599,455598,17,9,-1,1,0
455681,455683,455682,27,3,-1,1,0
456107,456109,456108,9,6,-1,1,0
456149,456151,456150,14,3,-1,1,0
456557,456559,456558,15,6,-1,1,0
456611,456613,456612,32,6,-1,1,0
456647,456649,456648,31,6,-1,1,0
456767,456769,456768,3,9,-1,1,0
456809,456811,456810,8,6,-1,1,0
456899,456901,456900,24,6,-1,1,0
457001,457003,457002,15,9,-1,1,0
457097,457099,457098,0,6,-1,1,0
457151,457153,457152,17,6,-1,1,0
457277,457279,457278,32,6,-1,1,0
457397,457399,457398,4,9,-1,1,0
457607,457609,457608,29,3,-1,1,0
457979,457981,457980,31,6,-1,1,0
458189,458191,458190,19,9,-1,1,0
458399,458401,458400,7,3,-1,1,0
458531,458533,458532,28,9,-1,1,0
458567,458569,458568,27,9,-1,1,0
458789,458791,458790,27,6,-1,1,0
458957,458959,458958,10,3,-1,1,0
459029,459031,459030,8,3,-1,1,0
459089,459091,459090,31,9,-1,1,0
459167,459169,459168,35,6,-1,1,0
459341,459343,459342,24,9,-1,1,0
459467,459469,459468,2,9,-1,1,0
459521,459523,459522,19,9,-1,1,0
459647,459649,459648,34,9,-1,1,0
460079,460081,460080,22,9,-1,1,0
460709,460711,460710,23,9,-1,1,0
460841,460843,460842,7,6,-1,1,0
460949,460951,460950,4,6,-1,1,0
460979,460981,460980,34,9,-1,1,0
461009,461011,461010,27,3,-1,1,0
461051,461053,461052,32,9,-1,1,0
461297,461299,461298,19,3,-1,1,0
461411,461413,461412,22,9,-1,1,0
461441,461443,461442,15,3,-1,1,0
461687,461689,461688,2,6,-1,1,0
461801,461803,461802,5,3,-1,1,0
462419,462421,462420,31,9,-1,1,0
462491,462493,462492,29,9,-1,1,0
462569,462571,462570,33,6,-1,1,0
462641,462643,462642,31,6,-1,1,0
462899,462901,462900,30,3,-1,1,0
463031,463033,463032,14,9,-1,1,0
463247,463249,463248,8,9,-1,1,0
463319,463321,463320,6,9,-1,1,0
463451,463453,463452,27,6,-1,1,0
463457,463459,463458,33,3,-1,1,0
463511,463513,463512,13,3,-1,1,0
463829,463831,463830,35,6,-1,1,0
463889,463891,463890,21,3,-1,1,0
463919,463921,463920,14,6,-1,1,0
464129,464131,464130,2,9,-1,1,0
464141,464143,464142,14,3,-1,1,0
464171,464173,464172,7,6,-1,1,0
464279,464281,464280,4,6,-1,1,0
464309,464311,464310,34,9,-1,1,0
464381,464383,464382,32,9,-1,1,0
464537,464539,464538,3,3,-1,1,0
464747,464749,464748,28,6,-1,1,0
464771,464773,464772,15,3,-1,1,0
464801,464803,464802,8,6,-1,1,0
464939,464941,464940,35,9,-1,1,0
464951,464953,464952,10,3,-1,1,0
465011,465013,465012,33,9,-1,1,0
465077,465079,465078,25,3,-1,1,0
465161,465163,465162,35,6,-1,1,0
465167,465169,465168,4,3,-1,1,0
465209,465211,465210,9,9,-1,1,0
465317,465319,465318,6,9,-1,1,0
465797,465799,465798,5,3,-1,1,0
465929,465931,465930,26,9,-1,1,0
466181,466183,466182,19,9,-1,1,0
466649,466651,466650,6,9,-1,1,0
467081,467083,467082,31,9,-1,1,0
467237,467239,467238,2,3,-1,1,0
467471,467473,467472,14,3,-1,1,0
467477,467479,467478,20,9,-1,1,0
467627,467629,467628,22,6,-1,1,0
467669,467671,467670,27,3,-1,1,0
467867,467869,467868,3,3,-1,1,0
467879,467881,467880,15,6,-1,1,0
467897,467899,467898,33,6,-1,1,0
468107,468109,468108,21,9,-1,1,0
468239,468241,468240,5,6,-1,1,0
468491,468493,468492,35,6,-1,1,0
468737,468739,468738,22,9,-1,1,0
468887,468889,468888,24,6,-1,1,0
469367,469369,469368,23,9,-1,1,0
469541,469543,469542,12,3,-1,1,0
469877,469879,469878,15,6,-1,1,0
470081,470083,470082,34,3,-1,1,0
470087,470089,470088,3,9,-1,1,0
470207,470209,470208,12,3,-1,1,0
470297,470299,470298,28,3,-1,1,0
470411,470413,470412,31,9,-1,1,0
470471,470473,470472,17,6,-1,1,0
470597,470599,470598,32,6,-1,1,0
470651,470653,470652,12,6,-1,1,0
470957,470959,470958,22,6,-1,1,0
471089,471091,471090,6,3,-1,1,0
471137,471139,471138,17,6,-1,1,0
471281,471283,471282,13,6,-1,1,0
471299,471301,471300,31,6,-1,1,0
471389,471391,471390,10,6,-1,1,0
471617,471619,471618,16,9,-1,1,0
471671,471673,471672,33,9,-1,1,0
471719,471721,471720,7,3,-1,1,0
471929,471931,471930,32,6,-1,1,0
472247,472249,472248,17,9,-1,1,0
472331,472333,472332,27,3,-1,1,0
472391,472393,472392,13,9,-1,1,0
472541,472543,472542,15,6,-1,1,0
472559,472561,472560,33,6,-1,1,0
472709,472711,472710,35,3,-1,1,0
472907,472909,472908,11,3,-1,1,0
472937,472939,472938,4,6,-1,1,0
473201,473203,473202,9,9,-1,1,0
473351,473353,473352,11,6,-1,1,0
473381,473383,473382,4,9,-1,1,0
473441,473443,473442,27,6,-1,1,0
473477,473479,473478,26,6,-1,1,0
473531,473533,473532,6,6,-1,1,0
473741,473743,473742,31,9,-1,1,0
473927,473929,473928,32,6,-1,1,0
473951,473953,473952,19,3,-1,1,0
474389,474391,474390,13,9,-1,1,0
474497,474499,474498,10,9,-1,1,0
474569,474571,474570,8,9,-1,1,0
474581,474583,474582,20,3,-1,1,0
474707,474709,474708,35,3,-1,1,0
474809,474811,474810,26,6,-1,1,0
475091,475093,475092,12,9,-1,1,0
475271,475273,475272,7,9,-1,1,0
475331,475333,475332,30,6,-1,1,0
475367,475369,475368,29,6,-1,1,0
475379,475381,475380,4,9,-1,1,0
475427,475429,475428,15,3,-1,1,0
475619,475621,475620,22,6,-1,1,0
475637,475639,475638,3,6,-1,1,0
475679,475681,475680,8,3,-1,1,0
475691,475693,475692,20,6,-1,1,0
475751,475753,475752,6,3,-1,1,0
475877,475879,475878,21,3,-1,1,0
476027,476029,476028,23,9,-1,1,0
476039,476041,476040,35,3,-1,1,0
476087,476089,476088,9,6,-1,1,0
476477,476479,476478,29,9,-1,1,0
476681,476683,476682,11,6,-1,1,0
476849,476851,476850,31,3,-1,1,0
477011,477013,477012,8,3,-1,1,0
477017,477019,477018,14,9,-1,1,0
477359,477361,477360,23,9,-1,1,0
477551,477553,477552,30,3,-1,1,0
477767,477769,477768,24,3,-1,1,0
477809,477811,477810,29,9,-1,1,0
477821,477823,477822,4,3,-1,1,0
478067,478069,478068,28,6,-1,1,0
478169,478171,478170,19,9,-1,1,0
478241,478243,478242,17,9,-1,1,0
478271,478273,478272,10,3,-1,1,0
478451,478453,478452,5,3,-1,1,0
478481,478483,478482,35,6,-1,1,0
478571,478573,478572,14,6,-1,1,0
478727,478729,478728,22,9,-1,1,0
478739,478741,478740,34,3,-1,1,0
478811,478813,478812,32,3,-1,1,0
479027,479029,479028,26,3,-1,1,0
479189,479191,479190,3,3,-1,1,0
479429,479431,479430,21,9,-1,1,0
479879,479881,479880,27,9,-1,1,0
479951,479953,479952,25,9,-1,1,0
480017,480019,480018,17,3,-1,1,0
480047,480049,480048,10,6,-1,1,0
480059,480061,480060,22,9,-1,1,0
480167,480169,480168,19,9,-1,1,0
480341,480343,480342,8,3,-1,1,0
480449,480451,480450,5,3,-1,1,0
480461,480463,480462,17,6,-1,1,0
481001,481003,481002,2,6,-1,1,0
481301,481303,481302,6,9,-1,1,0
481697,481699,481698,32,9,-1,1,0
481751,481753,481752,12,9,-1,1,0
481847,481849,481848,34,6,-1,1,0
482099,482101,482100,27,6,-1,1,0
482231,482233,482232,11,3,-1,1,0
482399,482401,482400,31,9,-1,1,0
482507,482509,482508,28,9,-1,1,0
482687,482689,482688,23,9,-1,1,0
482717,482719,482718,16,3,-1,1,0
482861,482863,482862,12,3,-1,1,0
482897,482899,482898,11,3,-1,1,0
483209,483211,483210,27,9,-1,1,0
483407,483409,483408,3,9,-1,1,0
483809,483811,483810,35,6,-1,1,0
483827,483829,483828,16,6,-1,1,0
484151,484153,484152,7,6,-1,1,0
484301,484303,484302,9,3,-1,1,0
484457,484459,484458,17,6,-1,1,0
484487,484489,484488,10,9,-1,1,0
484607,484609,484608,19,3,-1,1,0
485207,485209,485208,27,9,-1,1,0
485729,485731,485730,31,9,-1,1,0
485831,485833,485832,22,3,-1,1,0
486041,486043,486042,10,6,-1,1,0
486179,486181,486180,0,9,-1,1,0
486221,486223,486222,5,6,-1,1,0
486329,486331,486330,2,6,-1,1,0
486377,486379,486378,13,9,-1,1,0
486389,486391,486390,25,3,-1,1,0
486509,486511,486510,34,6,-1,1,0
486641,486643,486642,18,3,-1,1,0
486677,486679,486678,17,3,-1,1,0
486767,486769,486768,33,3,-1,1,0
486947,486949,486948,28,3,-1,1,0
487049,487051,487050,19,6,-1,1,0
487211,487213,487212,33,6,-1,1,0
487427,487429,487428,27,6,-1,1,0
487469,487471,487470,32,3,-1,1,0
487601,487603,487602,16,9,-1,1,0
487649,487651,487650,27,3,-1,1,0
487829,487831,487830,22,3,-1,1,0
487889,487891,487890,8,9,-1,1,0
488009,488011,488010,17,3,-1,1,0
488207,488209,488208,30,3,-1,1,0
488231,488233,488232,17,9,-1,1,0
488261,488263,488262,10,3,-1,1,0
488309,488311,488310,21,6,-1,1,0
488399,488401,488400,0,6,-1,1,0
488417,488419,488418,18,6,-1,1,0
488639,488641,488640,18,3,-1,1,0
488687,488689,488688,29,6,-1,1,0
489239,489241,489240,26,9,-1,1,0
489407,489409,489408,9,6,-1,1,0
489551,489553,489552,5,6,-1,1,0
489677,489679,489678,20,6,-1,1,0
489689,489691,489690,32,9,-1,1,0
489791,489793,489792,23,3,-1,1,0
489869,489871,489870,27,9,-1,1,0
489911,489913,489912,32,6,-1,1,0
489941,489943,489942,25,9,-1,1,0
489959,489961,489960,6,9,-1,1,0
490001,490003,490002,11,6,-1,1,0
490031,490033,490032,4,9,-1,1,0
490247,490249,490248,35,9,-1,1,0
490541,490543,490542,33,6,-1,1,0
490571,490573,490572,26,9,-1,1,0
490577,490579,490578,32,6,-1,1,0
490661,490663,490662,5,9,-1,1,0
490769,490771,490770,2,9,-1,1,0
490949,490951,490950,34,9,-1,1,0
490967,490969,490968,15,9,-1,1,0
490991,490993,490992,2,6,-1,1,0
491039,491041,491040,13,9,-1,1,0
491081,491083,491082,18,6,-1,1,0
491297,491299,491298,12,6,-1,1,0
491327,491329,491328,5,9,-1,1,0
491339,491341,491340,17,3,-1,1,0
491501,491503,491502,31,3,-1,1,0
491537,491539,491538,30,3,-1,1,0
491591,491593,491592,10,3,-1,1,0
491651,491653,491652,33,9,-1,1,0
492059,492061,492060,34,3,-1,1,0
492251,492253,492252,4,6,-1,1,0
492617,492619,492618,0,3,-1,1,0
492629,492631,492630,12,6,-1,1,0
492671,492673,492672,17,3,-1,1,0
492719,492721,492720,28,6,-1,1,0
492761,492763,492762,33,3,-1,1,0
493109,493111,493110,11,9,-1,1,0
493121,493123,493122,23,3,-1,1,0
493217,493219,493218,8,9,-1,1,0
493277,493279,493278,31,6,-1,1,0
493397,493399,493398,3,9,-1,1,0
493709,493711,493710,19,6,-1,1,0
493811,493813,493812,10,9,-1,1,0
493937,493939,493938,25,9,-1,1,0
494267,494269,494268,22,6,-1,1,0
494381,494383,494382,25,3,-1,1,0
494441,494443,494442,11,9,-1,1,0
494519,494521,494520,15,6,-1,1,0
494561,494563,494562,20,3,-1,1,0
494759,494761,494760,33,3,-1,1,0
495041,495043,495042,19,6,-1,1,0
495149,495151,495150,16,6,-1,1,0
495359,495361,495360,4,9,-1,1,0
495557,495559,495558,17,9,-1,1,0
495569,495571,495570,29,3,-1,1,0
495587,495589,495588,10,3,-1,1,0
495611,495613,495612,34,9,-1,1,0
495617,495619,495618,3,6,-1,1,0
495749,495751,495750,24,3,-1,1,0
495797,495799,495798,35,6,-1,1,0
495827,495829,495828,28,9,-1,1,0
496229,496231,496230,23,6,-1,1,0
496289,496291,496290,9,3,-1,1,0
496889,496891,496890,17,9,-1,1,0
496997,496999,496998,14,9,-1,1,0
497111,497113,497112,17,6,-1,1,0
497279,497281,497280,0,3,-1,1,0
497507,497509,497508,6,6,-1,1,0
497771,497773,497772,11,9,-1,1,0
497867,497869,497868,33,6,-1,1,0
498101,498103,498102,8,6,-1,1,0
498257,498259,498258,16,9,-1,1,0
498401,498403,498402,12,9,-1,1,0
498467,498469,498468,4,3,-1,1,0
498521,498523,498522,21,3,-1,1,0
498611,498613,498612,0,3,-1,1,0
498689,498691,498690,4,9,-1,1,0
498779,498781,498780,20,9,-1,1,0
498857,498859,498858,24,6,-1,1,0
499127,499129,499128,35,6,-1,1,0
499139,499141,499140,10,9,-1,1,0
499157,499159,499158,28,9,-1,1,0
499181,499183,499182,15,6,-1,1,0
499361,499363,499362,10,6,-1,1,0
499481,499483,499482,19,9,-1,1,0
499661,499663,499662,14,9,-1,1,0
499691,499693,499692,7,3,-1,1,0
500111,500113,500112,20,9,-1,1,0
500177,500179,500178,12,3,-1,1,0
500231,500233,500232,29,3,-1,1,0
500237,500239,500238,35,9,-1,1,0
500471,500473,500472,10,9,-1,1,0
500807,500809,500808,13,3,-1,1,0
500909,500911,500910,4,6,-1,1,0
500921,500923,500922,16,9,-1,1,0
501029,501031,501030,13,9,-1,1,0
501131,501133,501132,4,3,-1,1,0
501341,501343,501342,29,6,-1,1,0
501701,501703,501702,19,6,-1,1,0
501827,501829,501828,34,6,-1,1,0
502079,502081,502080,27,6,-1,1,0
502259,502261,502260,22,6,-1,1,0
502499,502501,502500,3,3,-1,1,0
502631,502633,502632,24,9,-1,1,0
502769,502771,502770,14,3,-1,1,0
502919,502921,502920,16,9,-1,1,0
503231,503233,503232,32,6,-1,1,0
503381,503383,503382,34,3,-1,1,0
503549,503551,503550,17,9,-1,1,0
503609,503611,503610,3,6,-1,1,0
503621,503623,503622,15,9,-1,1,0
503777,503779,503778,23,3,-1,1,0
503819,503821,503820,28,9,-1,1,0
503927,503929,503928,25,9,-1,1,0
504149,504151,504150,25,6,-1,1,0
504377,504379,504378,31,9,-1,1,0
504521,504523,504522,27,9,-1,1,0
504617,504619,504618,12,6,-1,1,0
504797,504799,504798,7,6,-1,1,0
504851,504853,504852,24,6,-1,1,0
504989,504991,504990,14,9,-1,1,0
505031,505033,505032,19,6,-1,1,0
505049,505051,505050,0,6,-1,1,0
505157,505159,505158,34,6,-1,1,0
505277,505279,505278,6,9,-1,1,0
505319,505321,505320,11,6,-1,1,0
505367,505369,505368,22,9,-1,1,0
505409,505411,505410,27,6,-1,1,0
505511,505513,505512,18,9,-1,1,0
505691,505693,505692,13,9,-1,1,0
505709,505711,505710,31,9,-1,1,0
506171,506173,506172,12,3,-1,1,0
506327,506329,506328,20,6,-1,1,0
506459,506461,506460,4,3,-1,1,0
506531,506533,506532,2,3,-1,1,0
506591,506593,506592,25,9,-1,1,0
506687,506689,506688,10,6,-1,1,0
506729,506731,506730,15,3,-1,1,0
507077,507079,507078,30,9,-1,1,0
507137,507139,507138,16,6,-1,1,0
507149,507151,507150,28,9,-1,1,0
507347,507349,507348,4,9,-1,1,0
507359,507361,507360,16,3,-1,1,0
507497,507499,507498,6,6,-1,1,0
507779,507781,507780,29,9,-1,1,0
507917,507919,507918,19,3,-1,1,0
508019,508021,508020,10,6,-1,1,0
508271,508273,508272,3,6,-1,1,0
508577,508579,508578,13,6,-1,1,0
508619,508621,508620,18,3,-1,1,0
508901,508903,508902,4,6,-1,1,0
509147,509149,509148,28,9,-1,1,0
509687,509689,509688,13,9,-1,1,0
509909,509911,509910,13,6,-1,1,0
510047,510049,510048,3,9,-1,1,0
510077,510079,510078,33,3,-1,1,0
510401,510403,510402,24,3,-1,1,0
510449,510451,510450,35,6,-1,1,0
510551,510553,510552,26,9,-1,1,0
510581,510583,510582,19,3,-1,1,0
510611,510613,510612,12,6,-1,1,0
510617,510619,510618,18,3,-1,1,0
510707,510709,510708,34,3,-1,1,0
510941,510943,510942,9,3,-1,1,0
511109,511111,511110,29,9,-1,1,0
511151,511153,511152,34,6,-1,1,0
511169,511171,511170,15,6,-1,1,0
511211,511213,511212,20,3,-1,1,0
511631,511633,511632,33,9,-1,1,0
511961,511963,511962,30,6,-1,1,0
512009,512011,512010,4,9,-1,1,0
512249,512251,512250,22,6,-1,1,0
512579,512581,512580,19,3,-1,1,0
512591,512593,512592,31,6,-1,1,0
512711,512713,512712,3,9,-1,1,0
512819,512821,512820,0,9,-1,1,0
512927,512929,512928,34,9,-1,1,0
512999,513001,513000,32,9,-1,1,0
513101,513103,513102,23,3,-1,1,0
513167,513169,513168,15,6,-1,1,0
513311,513313,513312,11,6,-1,1,0
513479,513481,513480,31,3,-1,1,0
513509,513511,513510,24,6,-1,1,0
513767,513769,513768,23,3,-1,1,0
513839,513841,513840,21,3,-1,1,0
514049,514051,514050,9,6,-1,1,0
514079,514081,514080,2,9,-1,1,0
514247,514249,514248,22,6,-1,1,0
514529,514531,514530,8,9,-1,1,0
514637,514639,514638,5,9,-1,1,0
514649,514651,514650,17,3,-1,1,0
514739,514741,514740,33,3,-1,1,0
515087,515089,515088,11,9,-1,1,0
515231,515233,515232,7,9,-1,1,0
515369,515371,515370,34,3,-1,1,0
515651,515653,515652,20,6,-1,1,0
515771,515773,515772,29,9,-1,1,0
516161,516163,516162,12,3,-1,1,0
516251,516253,516252,28,3,-1,1,0
516359,516361,516360,25,3,-1,1,0
516431,516433,516432,23,3,-1,1,0
516539,516541,516540,20,3,-1,1,0
516587,516589,516588,31,6,-1,1,0
516617,516619,516618,24,9,-1,1,0
516947,516949,516948,21,6,-1,1,0
516977,516979,516978,14,9,-1,1,0
517079,517081,517080,5,3,-1,1,0
517241,517243,517242,19,3,-1,1,0
517457,517459,517458,13,3,-1,1,0
517469,517471,517470,25,6,-1,1,0
517499,517501,517500,18,9,-1,1,0
517511,517513,517512,30,3,-1,1,0
517547,517549,517548,29,3,-1,1,0
517637,517639,517638,8,3,-1,1,0
518057,518059,518058,21,9,-1,1,0
518099,518101,518100,26,6,-1,1,0
518129,518131,518130,19,9,-1,1,0
518207,518209,518208,23,6,-1,1,0
518237,518239,518238,16,9,-1,1,0
518387,518389,518388,18,6,-1,1,0
518429,518431,518430,23,3,-1,1,0
518471,518473,518472,28,9,-1,1,0
518741,518743,518742,2,9,-1,1,0
518759,518761,518760,20,9,-1,1,0
518801,518803,518802,25,6,-1,1,0
518807,518809,518808,31,3,-1,1,0
518981,518983,518982,20,6,-1,1,0
519089,519091,519090,17,6,-1,1,0
519119,519121,519120,10,9,-1,1,0
519227,519229,519228,7,9,-1,1,0
519371,519373,519372,3,9,-1,1,0
519521,519523,519522,5,6,-1,1,0
519551,519553,519552,35,9,-1,1,0
519917,519919,519918,31,6,-1,1,0
520019,520021,520020,22,9,-1,1,0
520307,520309,520308,14,9,-1,1,0
520361,520363,520362,31,9,-1,1,0
520379,520381,520380,12,9,-1,1,0
520409,520411,520410,5,3,-1,1,0
520547,520549,520548,32,6,-1,1,0
520607,520609,520608,18,3,-1,1,0
520631,520633,520632,5,9,-1,1,0
520967,520969,520968,8,3,-1,1,0
521021,521023,521022,25,3,-1,1,0
521039,521041,521040,6,3,-1,1,0
521177,521179,521178,33,6,-1,1,0
521357,521359,521358,28,6,-1,1,0
521399,521401,521400,33,3,-1,1,0
521537,521539,521538,23,6,-1,1,0
521657,521659,521658,32,9,-1,1,0
521669,521671,521670,7,3,-1,1,0
521789,521791,521790,16,6,-1,1,0
521879,521881,521880,32,6,-1,1,0
522059,522061,522060,27,6,-1,1,0
522227,522229,522228,10,3,-1,1,0
522281,522283,522282,27,3,-1,1,0
522371,522373,522372,6,3,-1,1,0
522521,522523,522522,8,9,-1,1,0
522659,522661,522660,35,3,-1,1,0
522677,522679,522678,16,3,-1,1,0
522761,522763,522762,26,6,-1,1,0
522827,522829,522828,18,9,-1,1,0
522881,522883,522882,35,9,-1,1,0
522959,522961,522960,2,6,-1,1,0
523349,523351,523350,22,9,-1,1,0
523487,523489,523488,12,3,-1,1,0
523541,523543,523542,29,3,-1,1,0
523571,523573,523572,22,6,-1,1,0
523637,523639,523638,14,9,-1,1,0
523667,523669,523668,7,3,-1,1,0
524201,524203,524202,23,6,-1,1,0
524219,524221,524220,4,6,-1,1,0
524351,524353,524352,25,3,-1,1,0
524387,524389,524388,24,3,-1,1,0
524411,524413,524412,11,9,-1,1,0
524507,524509,524508,33,6,-1,1,0
524519,524521,524520,8,9,-1,1,0
524591,524593,524592,6,9,-1,1,0
524681,524683,524682,22,9,-1,1,0
524801,524803,524802,31,3,-1,1,0
524939,524941,524940,21,6,-1,1,0
524957,524959,524958,2,6,-1,1,0
524969,524971,524970,14,9,-1,1,0
524981,524983,524982,26,3,-1,1,0
524999,525001,525000,7,3,-1,1,0
525191,525193,525192,14,6,-1,1,0
525359,525361,525360,34,3,-1,1,0
525377,525379,525378,15,3,-1,1,0
525431,525433,525432,32,3,-1,1,0
525491,525493,525492,18,9,-1,1,0
525869,525871,525870,26,9,-1,1,0
525947,525949,525948,30,6,-1,1,0
526049,526051,526050,21,9,-1,1,0
526067,526069,526068,2,9,-1,1,0
526157,526159,526158,18,9,-1,1,0
526289,526291,526290,2,6,-1,1,0
526499,526501,526500,27,9,-1,1,0
526571,526573,526572,25,9,-1,1,0
526649,526651,526650,29,6,-1,1,0
526679,526681,526680,22,9,-1,1,0
526739,526741,526740,8,6,-1,1,0
526829,526831,526830,24,6,-1,1,0
527069,527071,527070,5,3,-1,1,0
527159,527161,527160,21,3,-1,1,0
527207,527209,527208,32,6,-1,1,0
527699,527701,527700,6,3,-1,1,0
527981,527983,527982,29,6,-1,1,0
528041,528043,528042,15,3,-1,1,0
528401,528403,528402,5,3,-1,1,0
528509,528511,528510,2,3,-1,1,0
528629,528631,528630,11,6,-1,1,0
528707,528709,528708,15,3,-1,1,0
528821,528823,528822,18,9,-1,1,0
528881,528883,528882,4,6,-1,1,0
528971,528973,528972,20,6,-1,1,0
529049,529051,529050,24,3,-1,1,0
529127,529129,529128,28,9,-1,1,0
529181,529183,529182,8,9,-1,1,0
529271,529273,529272,24,9,-1,1,0
529421,529423,529422,26,6,-1,1,0
529517,529519,529518,11,3,-1,1,0
529577,529579,529578,34,9,-1,1,0
529691,529693,529692,0,6,-1,1,0
529811,529813,529812,9,9,-1,1,0
529979,529981,529980,29,6,-1,1,0
530249,530251,530250,3,6,-1,1,0
530531,530533,530532,26,9,-1,1,0
530597,530599,530598,18,3,-1,1,0
530711,530713,530712,21,9,-1,1,0
530741,530743,530742,14,3,-1,1,0
531101,531103,531102,4,3,-1,1,0
531569,531571,531570,28,3,-1,1,0
531611,531613,531612,33,9,-1,1,0
531821,531823,531822,21,3,-1,1,0
532331,532333,532332,13,9,-1,1,0
532451,532453,532452,22,3,-1,1,0
532529,532531,532530,26,9,-1,1,0
532601,532603,532602,24,9,-1,1,0
532619,532621,532620,5,9,-1,1,0
532781,532783,532782,19,9,-1,1,0
532949,532951,532950,2,6,-1,1,0
533009,533011,533010,25,3,-1,1,0
533051,533053,533052,30,9,-1,1,0
533189,533191,533190,20,3,-1,1,0
533261,533263,533262,18,3,-1,1,0
533711,533713,533712,24,3,-1,1,0
533969,533971,533970,23,9,-1,1,0
534047,534049,534048,27,6,-1,1,0
534629,534631,534630,17,3,-1,1,0
534647,534649,534648,35,3,-1,1,0
534659,534661,534660,10,6,-1,1,0
534839,534841,534840,5,6,-1,1,0
535349,535351,535350,34,3,-1,1,0
535487,535489,535488,24,6,-1,1,0
535571,535573,535572,34,9,-1,1,0
535607,535609,535608,33,9,-1,1,0
535859,535861,535860,26,9,-1,1,0
535937,535939,535938,30,6,-1,1,0
536057,536059,536058,2,9,-1,1,0
536099,536101,536100,7,6,-1,1,0
536147,536149,536148,18,9,-1,1,0
536189,536191,536190,23,6,-1,1,0
536279,536281,536280,2,6,-1,1,0
536441,536443,536442,16,6,-1,1,0
536447,536449,536448,22,3,-1,1,0
536531,536533,536532,32,6,-1,1,0
536561,536563,536562,25,9,-1,1,0
536717,536719,536718,33,3,-1,1,0
536771,536773,536772,13,3,-1,1,0
536777,536779,536778,19,9,-1,1,0
536801,536803,536802,6,6,-1,1,0
536867,536869,536868,35,9,-1,1,0
536999,537001,537000,19,6,-1,1,0
537401,537403,537402,14,3,-1,1,0
538049,538051,538050,33,3,-1,1,0
538121,538123,538122,31,3,-1,1,0
538157,538159,538158,30,3,-1,1,0
538199,538201,538200,35,9,-1,1,0
538247,538249,538248,9,3,-1,1,0
538301,538303,538302,26,3,-1,1,0
538331,538333,538332,19,6,-1,1,0
538397,538399,538398,11,9,-1,1,0
538511,538513,538512,14,6,-1,1,0
538649,538651,538650,4,9,-1,1,0
538709,538711,538710,27,6,-1,1,0
538721,538723,538722,2,9,-1,1,0
538799,538801,538800,6,6,-1,1,0
539111,539113,539112,22,3,-1,1,0
539267,539269,539268,30,6,-1,1,0
539309,539311,539310,35,3,-1,1,0
539321,539323,539322,10,6,-1,1,0
539447,539449,539448,25,6,-1,1,0
539501,539503,539502,5,6,-1,1,0
539507,539509,539508,11,3,-1,1,0
539639,539641,539640,32,9,-1,1,0
539711,539713,539712,30,9,-1,1,0
539837,539839,539838,8,9,-1,1,0
539897,539899,539898,31,6,-1,1,0
540119,540121,540120,31,3,-1,1,0
540179,540181,540180,17,9,-1,1,0
540269,540271,540270,33,9,-1,1,0
540347,540349,540348,0,6,-1,1,0
540389,540391,540390,5,3,-1,1,0
540509,540511,540510,14,6,-1,1,0
540539,540541,540540,7,9,-1,1,0
540557,540559,540558,25,9,-1,1,0
540611,540613,540612,5,9,-1,1,0
540677,540679,540678,34,3,-1,1,0
540689,540691,540690,9,6,-1,1,0
540779,540781,540780,25,6,-1,1,0
541361,541363,541362,15,3,-1,1,0
541529,541531,541530,35,9,-1,1,0
541547,541549,541548,16,9,-1,1,0
541577,541579,541578,9,3,-1,1,0
541991,541993,541992,16,3,-1,1,0
542021,542023,542022,9,6,-1,1,0
542081,542083,542082,32,3,-1,1,0
542117,542119,542118,31,3,-1,1,0
542261,542263,542262,27,3,-1,1,0
542537,542539,542538,7,9,-1,1,0
542921,542923,542922,21,6,-1,1,0
543017,543019,543018,6,3,-1,1,0
543161,543163,543162,2,3,-1,1,0
543287,543289,543288,17,3,-1,1,0
543311,543313,543312,4,9,-1,1,0
543551,543553,543552,22,6,-1,1,0
543659,543661,543660,19,6,-1,1,0
543791,543793,543792,3,3,-1,1,0
543857,543859,543858,32,6,-1,1,0
543887,543889,543888,25,9,-1,1,0
544007,544009,544008,34,3,-1,1,0
544097,544099,544098,13,3,-1,1,0
544277,544279,544278,8,3,-1,1,0
544721,544723,544722,8,6,-1,1,0
544757,544759,544758,7,6,-1,1,0
544877,544879,544878,16,9,-1,1,0
544961,544963,544962,26,3,-1,1,0
545087,545089,545088,4,3,-1,1,0
545141,545143,545142,21,3,-1,1,0
545549,545551,545550,22,6,-1,1,0
545747,545749,545748,35,6,-1,1,0
545789,545791,545790,3,3,-1,1,0
546017,546019,546018,9,6,-1,1,0
546101,546103,546102,19,9,-1,1,0
546149,546151,546150,30,3,-1,1,0
546239,546241,546240,9,3,-1,1,0
546617,546619,546618,17,3,-1,1,0
547271,547273,547272,5,9,-1,1,0
547361,547363,547362,21,9,-1,1,0
547397,547399,547398,20,9,-1,1,0
547499,547501,547500,11,3,-1,1,0
547661,547663,547662,25,3,-1,1,0
547817,547819,547818,33,6,-1,1,0
548459,548461,548460,9,9,-1,1,0
548501,548503,548502,14,6,-1,1,0
548519,548521,548520,32,6,-1,1,0
548831,548833,548832,11,3,-1,1,0
549011,549013,549012,6,3,-1,1,0
549089,549091,549090,10,9,-1,1,0
549161,549163,549162,8,9,-1,1,0
549167,549169,549168,14,6,-1,1,0
549257,549259,549258,30,6,-1,1,0
549509,549511,549510,23,6,-1,1,0
549551,549553,549552,28,3,-1,1,0
549587,549589,549588,27,3,-1,1,0
549641,549643,549642,7,3,-1,1,0
549737,549739,549738,29,9,-1,1,0
549749,549751,549750,4,3,-1,1,0
549977,549979,549978,10,6,-1,1,0
550007,550009,550008,3,9,-1,1,0
550061,550063,550062,20,9,-1,1,0
550127,550129,550128,12,3,-1,1,0
550211,550213,550212,22,6,-1,1,0
550439,550441,550440,28,9,-1,1,0
550469,550471,550470,21,3,-1,1,0
550607,550609,550608,11,6,-1,1,0
550661,550663,550662,28,6,-1,1,0
550811,550813,550812,30,3,-1,1,0
550841,550843,550842,23,6,-1,1,0
550859,550861,550860,4,6,-1,1,0
550937,550939,550938,8,3,-1,1,0
551231,551233,551232,6,9,-1,1,0
551651,551653,551652,19,6,-1,1,0
551729,551731,551730,23,3,-1,1,0
551909,551911,551910,18,3,-1,1,0
552029,552031,552030,27,6,-1,1,0
552089,552091,552090,13,3,-1,1,0
552239,552241,552240,15,9,-1,1,0
552401,552403,552402,29,9,-1,1,0
552491,552493,552492,8,9,-1,1,0
552581,552583,552582,24,9,-1,1,0
552707,552709,552708,2,9,-1,1,0
552749,552751,552750,7,6,-1,1,0
552791,552793,552792,12,3,-1,1,0
553097,553099,553098,22,3,-1,1,0
553139,553141,553140,27,9,-1,1,0
553277,553279,553278,17,3,-1,1,0
553589,553591,553590,33,9,-1,1,0
553757,553759,553758,16,6,-1,1,0
553919,553921,553920,30,6,-1,1,0
553961,553963,553962,35,3,-1,1,0
554087,554089,554088,13,3,-1,1,0
554207,554209,554208,22,6,-1,1,0
554417,554419,554418,10,9,-1,1,0
554639,554641,554640,10,6,-1,1,0
554789,554791,554790,12,3,-1,1,0
554837,554839,554838,23,6,-1,1,0
554891,554893,554892,3,6,-1,1,0
555041,555043,555042,5,3,-1,1,0
555251,555253,555252,30,6,-1,1,0
555419,555421,555420,13,3,-1,1,0
555521,555523,555522,4,6,-1,1,0
555827,555829,555828,14,6,-1,1,0
556067,556069,556068,32,3,-1,1,0
556271,556273,556272,14,9,-1,1,0
556607,556609,556608,17,3,-1,1,0
556691,556693,556692,27,6,-1,1,0
556817,556819,556818,5,6,-1,1,0
556859,556861,556860,10,3,-1,1,0
557057,557059,557058,23,3,-1,1,0
557369,557371,557370,2,9,-1,1,0
557519,557521,557520,4,6,-1,1,0
557729,557731,557730,29,9,-1,1,0
557741,557743,557742,4,3,-1,1,0
557759,557761,557760,22,3,-1,1,0
557801,557803,557802,27,9,-1,1,0
557861,557863,557862,13,6,-1,1,0
558251,558253,558252,33,9,-1,1,0
558287,558289,558288,32,9,-1,1,0
558497,558499,558498,20,3,-1,1,0
558539,558541,558540,25,9,-1,1,0
558791,558793,558792,18,9,-1,1,0
558827,558829,558828,17,9,-1,1,0
559049,559051,559050,17,6,-1,1,0
559211,559213,559212,31,6,-1,1,0
559217,559219,559218,0,3,-1,1,0
559367,559369,559368,2,9,-1,1,0
559511,559513,559512,35,9,-1,1,0
559547,559549,559548,34,9,-1,1,0
559631,559633,559632,7,3,-1,1,0
560081,560083,560082,13,3,-1,1,0
560171,560173,560172,29,3,-1,1,0
560237,560239,560238,21,6,-1,1,0
560297,560299,560298,7,3,-1,1,0
560477,560479,560478,2,3,-1,1,0
560489,560491,560490,14,6,-1,1,0
560501,560503,560502,26,9,-1,1,0
560639,560641,560640,16,3,-1,1,0
560891,560893,560892,9,3,-1,1,0
560939,560941,560940,20,6,-1,1,0
561059,561061,561060,29,9,-1,1,0
561101,561103,561102,34,6,-1,1,0
561551,561553,561552,3,6,-1,1,0
562019,562021,562020,27,6,-1,1,0
562271,562273,562272,20,6,-1,1,0
562349,562351,562350,24,3,-1,1,0
562517,562519,562518,7,9,-1,1,0
562577,562579,562578,30,6,-1,1,0
562589,562591,562590,5,9,-1,1,0
562631,562633,562632,10,6,-1,1,0
562691,562693,562692,33,3,-1,1,0
563009,563011,563010,18,6,-1,1,0
563039,563041,563040,11,9,-1,1,0
563117,563119,563118,15,6,-1,1,0
563357,563359,563358,33,3,-1,1,0
563411,563413,563412,13,3,-1,1,0
563417,563419,563418,19,9,-1,1,0
563447,563449,563448,12,3,-1,1,0
563501,563503,563502,29,3,-1,1,0
564059,564061,564060,32,3,-1,1,0
564227,564229,564228,15,9,-1,1,0
564269,564271,564270,20,6,-1,1,0
564299,564301,564300,13,9,-1,1,0
564371,564373,564372,11,9,-1,1,0
564407,564409,564408,10,9,-1,1,0
564701,564703,564702,8,6,-1,1,0
564917,564919,564918,2,6,-1,1,0
565109,565111,565110,9,9,-1,1,0
565259,565261,565260,11,6,-1,1,0
565379,565381,565380,20,9,-1,1,0
565391,565393,565392,32,3,-1,1,0
565427,565429,565428,31,3,-1,1,0
565517,565519,565518,10,3,-1,1,0
565769,565771,565770,3,3,-1,1,0
565889,565891,565890,12,6,-1,1,0
565907,565909,565908,30,6,-1,1,0
565919,565921,565920,5,9,-1,1,0
566231,566233,566232,21,6,-1,1,0
566429,566431,566430,34,6,-1,1,0
566441,566443,566442,9,9,-1,1,0
566537,566539,566538,31,6,-1,1,0
566549,566551,566550,6,9,-1,1,0
566717,566719,566718,26,6,-1,1,0
567011,567013,567012,24,3,-1,1,0
567179,567181,567180,7,9,-1,1,0
567449,567451,567450,18,9,-1,1,0
567527,567529,567528,22,6,-1,1,0
567659,567661,567660,6,3,-1,1,0
567881,567883,567882,6,9,-1,1,0
567947,567949,567948,35,3,-1,1,0
568151,568153,568152,17,9,-1,1,0
568187,568189,568188,16,9,-1,1,0
568439,568441,568440,9,9,-1,1,0
569081,569083,569082,22,3,-1,1,0
569159,569161,569160,26,9,-1,1,0
569249,569251,569250,5,9,-1,1,0
569267,569269,569268,23,9,-1,1,0
569321,569323,569322,3,9,-1,1,0
569417,569419,569418,25,6,-1,1,0
569579,569581,569580,2,6,-1,1,0
569711,569713,569712,23,3,-1,1,0
569729,569731,569730,4,3,-1,1,0
569771,569773,569772,9,9,-1,1,0
570041,570043,570042,20,9,-1,1,0
570047,570049,570048,26,6,-1,1,0
570077,570079,570078,19,9,-1,1,0
570107,570109,570108,12,3,-1,1,0
570389,570391,570390,35,6,-1,1,0
570419,570421,570420,28,9,-1,1,0
570461,570463,570462,33,6,-1,1,0
570497,570499,570498,32,6,-1,1,0
570509,570511,570510,7,9,-1,1,0
570527,570529,570528,25,9,-1,1,0
570839,570841,570840,4,6,-1,1,0
570851,570853,570852,16,9,-1,1,0
570959,570961,570960,13,9,-1,1,0
571199,571201,571200,31,6,-1,1,0
571229,571231,571230,24,9,-1,1,0
571397,571399,571398,7,6,-1,1,0
571601,571603,571602,26,3,-1,1,0
571799,571801,571800,2,3,-1,1,0
571871,571873,571872,0,3,-1,1,0
572051,572053,572052,32,3,-1,1,0
572177,572179,572178,10,3,-1,1,0
572321,572323,572322,6,3,-1,1,0
572417,572419,572418,28,9,-1,1,0
572519,572521,572520,19,3,-1,1,0
572597,572599,572598,23,9,-1,1,0
572651,572653,572652,3,9,-1,1,0
572657,572659,572658,9,6,-1,1,0
572879,572881,572880,9,3,-1,1,0
572939,572941,572940,32,9,-1,1,0
573107,573109,573108,15,6,-1,1,0
573161,573163,573162,32,6,-1,1,0
573341,573343,573342,27,6,-1,1,0
573479,573481,573480,17,9,-1,1,0
573509,573511,573510,10,3,-1,1,0
573569,573571,573570,33,9,-1,1,0
573737,573739,573738,16,6,-1,1,0
573761,573763,573762,3,3,-1,1,0
573899,573901,573900,30,6,-1,1,0
574031,574033,574032,14,3,-1,1,0
574157,574159,574158,29,3,-1,1,0
574181,574183,574182,16,9,-1,1,0
574307,574309,574308,31,9,-1,1,0
574619,574621,574620,10,6,-1,1,0
574799,574801,574800,5,6,-1,1,0
574967,574969,574968,25,3,-1,1,0
575129,575131,575130,2,3,-1,1,0
575249,575251,575250,11,6,-1,1,0
575369,575371,575370,20,9,-1,1,0
575429,575431,575430,6,6,-1,1,0
575579,575581,575580,8,3,-1,1,0
575591,575593,575592,20,6,-1,1,0
575921,575923,575922,17,3,-1,1,0
575957,575959,575958,16,3,-1,1,0
576029,576031,576030,14,3,-1,1,0
576221,576223,576222,21,6,-1,1,0
576377,576379,576378,29,9,-1,1,0
576551,576553,576552,18,3,-1,1,0
576647,576649,576648,3,9,-1,1,0
576701,576703,576702,20,9,-1,1,0
576881,576883,576882,15,9,-1,1,0
577007,577009,577008,30,9,-1,1,0
577067,577069,577068,16,6,-1,1,0
577151,577153,577152,26,9,-1,1,0
577331,577333,577332,21,9,-1,1,0
577349,577351,577350,2,9,-1,1,0
577397,577399,577398,13,3,-1,1,0
577529,577531,577530,34,9,-1,1,0
577637,577639,577638,31,9,-1,1,0
577937,577939,577938,35,3,-1,1,0
577979,577981,577980,3,9,-1,1,0
578297,578299,578298,25,3,-1,1,0
578309,578311,578310,0,6,-1,1,0
578399,578401,578400,16,6,-1,1,0
578687,578689,578688,8,6,-1,1,0
578777,578779,578778,24,6,-1,1,0
578819,578821,578820,29,3,-1,1,0
578957,578959,578958,19,6,-1,1,0
579197,579199,579198,0,3,-1,1,0
579281,579283,579282,10,6,-1,1,0
579407,579409,579408,25,6,-1,1,0
579497,579499,579498,4,6,-1,1,0
579539,579541,579540,9,3,-1,1,0
579569,579571,579570,2,6,-1,1,0
579611,579613,579612,7,3,-1,1,0
579641,579643,579642,0,6,-1,1,0
579881,579883,579882,18,3,-1,1,0
579947,579949,579948,10,6,-1,1,0
580031,580033,580032,20,9,-1,1,0
580079,580081,580080,31,3,-1,1,0
580301,580303,580302,31,9,-1,1,0
580379,580381,580380,35,6,-1,1,0
580631,580633,580632,28,6,-1,1,0
580691,580693,580692,14,3,-1,1,0
580757,580759,580758,6,6,-1,1,0
580889,580891,580890,27,3,-1,1,0
581069,581071,581070,22,3,-1,1,0
581099,581101,581100,15,6,-1,1,0
581171,581173,581172,13,6,-1,1,0
581237,581239,581238,5,9,-1,1,0
581261,581263,581262,29,6,-1,1,0
581351,581353,581352,8,6,-1,1,0
581549,581551,581550,21,6,-1,1,0
581597,581599,581598,32,9,-1,1,0
581699,581701,581700,23,3,-1,1,0
581729,581731,581730,16,6,-1,1,0
581981,581983,581982,9,6,-1,1,0
582011,582013,582012,2,9,-1,1,0
582137,582139,582138,17,9,-1,1,0
582221,582223,582222,27,3,-1,1,0
582317,582319,582318,12,9,-1,1,0
582509,582511,582510,19,3,-1,1,0
582689,582691,582690,14,3,-1,1,0
582719,582721,582720,7,6,-1,1,0
582761,582763,582762,12,3,-1,1,0
582851,582853,582852,28,3,-1,1,0
582971,582973,582972,0,6,-1,1,0
583019,583021,583020,11,9,-1,1,0
583169,583171,583170,13,6,-1,1,0
583337,583339,583338,33,3,-1,1,0
583619,583621,583620,19,6,-1,1,0
583859,583861,583860,0,3,-1,1,0
584279,584281,584280,13,9,-1,1,0
584357,584359,584358,17,6,-1,1,0
584471,584473,584472,20,3,-1,1,0
584789,584791,584790,5,6,-1,1,0
585041,585043,585042,35,6,-1,1,0
585071,585073,585072,28,9,-1,1,0
585269,585271,585270,4,9,-1,1,0
585839,585841,585840,19,3,-1,1,0
585881,585883,585882,24,9,-1,1,0
585911,585913,585912,17,3,-1,1,0
585917,585919,585918,23,9,-1,1,0
586121,586123,586122,5,6,-1,1,0
586361,586363,586362,23,3,-1,1,0
586457,586459,586458,8,9,-1,1,0
586499,586501,586500,13,6,-1,1,0
586541,586543,586542,18,3,-1,1,0
586601,586603,586602,4,9,-1,1,0
586631,586633,586632,34,3,-1,1,0
586811,586813,586812,29,3,-1,1,0
586919,586921,586920,26,3,-1,1,0
586979,586981,586980,12,9,-1,1,0
587051,587053,587052,10,9,-1,1,0
587267,587269,587268,4,9,-1,1,0
587549,587551,587550,27,3,-1,1,0
587621,587623,587622,25,3,-1,1,0
587747,587749,587748,3,3,-1,1,0
587771,587773,587772,27,9,-1,1,0
587969,587971,587970,3,9,-1,1,0
587987,587989,587988,21,9,-1,1,0
588167,588169,588168,16,9,-1,1,0
588239,588241,588240,14,9,-1,1,0
588359,588361,588360,23,3,-1,1,0
588569,588571,588570,11,6,-1,1,0
588647,588649,588648,15,3,-1,1,0
588947,588949,588948,19,6,-1,1,0
589109,589111,589110,33,6,-1,1,0
589187,589189,589188,0,3,-1,1,0
589241,589243,589242,17,3,-1,1,0
589289,589291,589290,28,6,-1,1,0
589451,589453,589452,5,6,-1,1,0
589529,589531,589530,9,3,-1,1,0
589607,589609,589608,13,9,-1,1,0
589751,589753,589752,9,9,-1,1,0
589859,589861,589860,6,9,-1,1,0
590129,590131,590130,17,9,-1,1,0
590267,590269,590268,7,3,-1,1,0
590321,590323,590322,24,3,-1,1,0
590657,590659,590658,27,6,-1,1,0
590717,590719,590718,13,3,-1,1,0
590921,590923,590922,32,9,-1,1,0
591089,591091,591090,15,6,-1,1,0
591161,591163,591162,13,6,-1,1,0
591287,591289,591288,28,6,-1,1,0
591317,591319,591318,21,9,-1,1,0
591599,591601,591600,7,3,-1,1,0
591749,591751,591750,9,9,-1,1,0
592217,592219,592218,33,9,-1,1,0
592307,592309,592308,12,9,-1,1,0
592367,592369,592368,35,6,-1,1,0
592391,592393,592392,22,3,-1,1,0
592451,592453,592452,8,9,-1,1,0
592661,592663,592662,33,3,-1,1,0
593081,593083,593082,9,9,-1,1,0
593141,593143,593142,32,6,-1,1,0
593207,593209,593208,24,9,-1,1,0
593231,593233,593232,11,6,-1,1,0
593291,593293,593292,34,3,-1,1,0
593321,593323,593322,27,6,-1,1,0
593399,593401,593400,31,3,-1,1,0
593447,593449,593448,5,6,-1,1,0
593627,593629,593628,0,6,-1,1,0
594161,594163,594162,16,9,-1,1,0
594281,594283,594282,25,3,-1,1,0
594311,594313,594312,18,6,-1,1,0
594401,594403,594402,34,6,-1,1,0
594467,594469,594468,26,9,-1,1,0
594521,594523,594522,6,9,-1,1,0
594569,594571,594570,17,3,-1,1,0
594749,594751,594750,12,3,-1,1,0
594821,594823,594822,10,3,-1,1,0
594827,594829,594828,16,9,-1,1,0
594929,594931,594930,7,3,-1,1,0
594959,594961,594960,0,6,-1,1,0
595037,595039,595038,4,3,-1,1,0
595139,595141,595140,32,6,-1,1,0
595157,595159,595158,13,6,-1,1,0
595181,595183,595182,0,3,-1,1,0
595379,595381,595380,13,3,-1,1,0
595451,595453,595452,11,3,-1,1,0
595547,595549,595548,33,9,-1,1,0
595577,595579,595578,26,3,-1,1,0
595709,595711,595710,10,9,-1,1,0
595949,595951,595950,28,6,-1,1,0
595961,595963,595962,3,9,-1,1,0
596081,596083,596082,12,3,-1,1,0
596117,596119,596118,11,3,-1,1,0
596291,596293,596292,0,6,-1,1,0
596669,596671,596670,8,6,-1,1,0
596861,596863,596862,15,9,-1,1,0
596927,596929,596928,7,3,-1,1,0
597131,597133,597132,26,9,-1,1,0
597269,597271,597270,16,3,-1,1,0
597407,597409,597408,6,6,-1,1,0
597521,597523,597522,9,3,-1,1,0
597671,597673,597672,11,9,-1,1,0
597677,597679,597678,17,6,-1,1,0
597767,597769,597768,33,6,-1,1,0
597899,597901,597900,17,3,-1,1,0
598049,598051,598050,19,9,-1,1,0
598187,598189,598188,9,3,-1,1,0
598487,598489,598488,13,6,-1,1,0
598649,598651,598650,27,6,-1,1,0
598727,598729,598728,31,3,-1,1,0
598931,598933,598932,13,9,-1,1,0
599021,599023,599022,29,9,-1,1,0
599147,599149,599148,7,9,-1,1,0
599477,599479,599478,4,6,-1,1,0
599699,599701,599700,4,3,-1,1,0
599939,599941,599940,22,9,-1,1,0
600071,600073,600072,6,6,-1,1,0
600167,600169,600168,28,3,-1,1,0
600239,600241,600240,26,3,-1,1,0
600317,600319,600318,30,9,-1,1,0
600359,600361,600360,35,6,-1,1,0
600401,600403,600402,3,3,-1,1,0
600449,600451,600450,14,6,-1,1,0
600701,600703,600702,7,6,-1,1,0
600881,600883,600882,2,6,-1,1,0
600947,600949,600948,31,9,-1,1,0
600959,600961,600960,6,3,-1,1,0
601037,601039,601038,10,9,-1,1,0
601187,601189,601188,12,6,-1,1,0
601541,601543,601542,33,9,-1,1,0
601589,601591,601590,7,3,-1,1,0
602081,602083,602082,18,9,-1,1,0
602141,602143,602142,4,6,-1,1,0
602267,602269,602268,19,6,-1,1,0
602309,602311,602310,24,3,-1,1,0
602477,602479,602478,7,9,-1,1,0
602687,602689,602688,32,3,-1,1,0
602711,602713,602712,19,9,-1,1,0
603011,603013,603012,23,3,-1,1,0
603101,603103,603102,2,3,-1,1,0
603131,603133,603132,32,6,-1,1,0
603389,603391,603390,31,3,-1,1,0
603521,603523,603522,15,9,-1,1,0
603791,603793,603792,26,9,-1,1,0
603851,603853,603852,12,6,-1,1,0
603899,603901,603900,23,9,-1,1,0
603917,603919,603918,4,9,-1,1,0
603947,603949,603948,34,3,-1,1,0
604649,604651,604650,33,3,-1,1,0
604697,604699,604698,7,6,-1,1,0
604727,604729,604728,0,9,-1,1,0
604859,604861,604860,21,6,-1,1,0
605021,605023,605022,35,6,-1,1,0
605069,605071,605070,9,9,-1,1,0
605237,605239,605238,29,6,-1,1,0
605411,605413,605412,18,9,-1,1,0
605531,605533,605532,27,3,-1,1,0
605597,605599,605598,19,6,-1,1,0
605639,605641,605640,24,3,-1,1,0
606029,606031,606030,7,6,-1,1,0
606077,606079,606078,18,9,-1,1,0
606299,606301,606300,18,6,-1,1,0
606311,606313,606312,30,9,-1,1,0
606587,606589,606588,10,6,-1,1,0
606731,606733,606732,6,6,-1,1,0
606959,606961,606960,12,9,-1,1,0
607001,607003,607002,17,6,-1,1,0
607091,607093,607092,33,6,-1,1,0
607127,607129,607128,32,6,-1,1,0
607151,607153,607152,19,3,-1,1,0
607301,607303,607302,21,9,-1,1,0
607307,607309,607308,27,6,-1,1,0
607337,607339,607338,20,9,-1,1,0
607421,607423,607422,30,3,-1,1,0
607667,607669,607668,17,6,-1,1,0
607721,607723,607722,34,6,-1,1,0
607931,607933,607932,22,9,-1,1,0
607991,607993,607992,8,6,-1,1,0
608087,608089,608088,30,3,-1,1,0
608129,608131,608130,35,9,-1,1,0
608297,608299,608298,18,6,-1,1,0
608357,608359,608358,4,3,-1,1,0
608369,608371,608370,16,6,-1,1,0
608429,608431,608430,2,3,-1,1,0
608519,608521,608520,18,3,-1,1,0
608591,608593,608592,16,3,-1,1,0
608609,608611,608610,34,3,-1,1,0
608897,608899,608898,26,3,-1,1,0
608987,608989,608988,5,3,-1,1,0
609359,609361,609360,7,6,-1,1,0
609599,609601,609600,25,3,-1,1,0
609617,609619,609618,6,3,-1,1,0
609779,609781,609780,20,3,-1,1,0
609911,609913,609912,4,9,-1,1,0
609989,609991,609990,8,6,-1,1,0
610217,610219,610218,14,9,-1,1,0
610541,610543,610542,5,9,-1,1,0
610739,610741,610740,18,9,-1,1,0
610781,610783,610782,23,6,-1,1,0
610847,610849,610848,15,9,-1,1,0
610877,610879,610878,8,3,-1,1,0
610919,610921,610920,13,9,-1,1,0
611069,611071,611070,15,6,-1,1,0
611111,611113,611112,20,3,-1,1,0
611549,611551,611550,14,9,-1,1,0
611801,611803,611802,7,9,-1,1,0
611837,611839,611838,6,9,-1,1,0
611951,611953,611952,9,6,-1,1,0
612041,612043,612042,25,6,-1,1,0
612107,612109,612108,17,9,-1,1,0
612317,612319,612318,5,3,-1,1,0
612371,612373,612372,22,3,-1,1,0
612611,612613,612612,3,9,-1,1,0
612809,612811,612810,16,9,-1,1,0
613007,613009,613008,29,9,-1,1,0
613097,613099,613098,8,9,-1,1,0
613229,613231,613230,29,6,-1,1,0
613439,613441,613440,17,9,-1,1,0
613469,613471,613470,10,3,-1,1,0
613607,613609,613608,0,6,-1,1,0
613967,613969,613968,27,6,-1,1,0
614177,614179,614178,15,9,-1,1,0
614291,614293,614292,18,6,-1,1,0
614561,614563,614562,29,6,-1,1,0
614609,614611,614610,3,9,-1,1,0
614657,614659,614658,14,3,-1,1,0
614741,614743,614742,24,6,-1,1,0
614849,614851,614850,21,6,-1,1,0
614981,614983,614982,5,3,-1,1,0
615101,615103,615102,14,6,-1,1,0
615341,615343,615342,32,3,-1,1,0
615401,615403,615402,18,9,-1,1,0
615491,615493,615492,34,9,-1,1,0
615677,615679,615678,35,6,-1,1,0
615749,615751,615750,33,6,-1,1,0
615827,615829,615828,0,3,-1,1,0
616139,616141,616140,16,9,-1,1,0
616169,616171,616170,9,3,-1,1,0
616391,616393,616392,9,9,-1,1,0
616409,616411,616410,27,9,-1,1,0
616787,616789,616788,35,9,-1,1,0
616841,616843,616842,15,9,-1,1,0
616997,616999,616998,23,3,-1,1,0
617051,617053,617052,3,3,-1,1,0
617129,617131,617130,7,9,-1,1,0
617189,617191,617190,30,6,-1,1,0
617231,617233,617232,35,3,-1,1,0
617339,617341,617340,32,3,-1,1,0
617471,617473,617472,16,9,-1,1,0
617717,617719,617718,3,3,-1,1,0
617759,617761,617760,8,9,-1,1,0
618029,618031,618030,19,9,-1,1,0
618227,618229,618228,32,9,-1,1,0
618269,618271,618270,0,6,-1,1,0
618347,618349,618348,4,3,-1,1,0
618437,618439,618438,20,3,-1,1,0
618587,618589,618588,22,9,-1,1,0
618857,618859,618858,33,9,-1,1,0
619007,619009,619008,35,6,-1,1,0
619187,619189,619188,30,6,-1,1,0
619277,619279,619278,9,6,-1,1,0
619739,619741,619740,27,9,-1,1,0
619811,619813,619812,25,9,-1,1,0
619979,619981,619980,8,6,-1,1,0
620159,620161,620160,3,6,-1,1,0
620237,620239,620238,7,3,-1,1,0
620567,620569,620568,4,9,-1,1,0
620771,620773,620772,23,6,-1,1,0
620909,620911,620910,13,9,-1,1,0
621029,621031,621030,22,3,-1,1,0
621239,621241,621240,10,6,-1,1,0
621617,621619,621618,18,6,-1,1,0
621629,621631,621630,30,9,-1,1,0
621701,621703,621702,28,9,-1,1,0
621869,621871,621870,11,6,-1,1,0
622049,622051,622050,6,6,-1,1,0
622157,622159,622158,3,6,-1,1,0
622187,622189,622188,33,9,-1,1,0
622241,622243,622242,13,9,-1,1,0
622247,622249,622248,19,6,-1,1,0
622331,622333,622332,29,9,-1,1,0
622397,622399,622398,21,3,-1,1,0
622481,622483,622482,31,6,-1,1,0
622547,622549,622548,23,9,-1,1,0
622619,622621,622620,21,9,-1,1,0
622637,622639,622638,2,9,-1,1,0
623057,623059,623058,15,6,-1,1,0
623261,623263,623262,34,3,-1,1,0
623279,623281,623280,15,3,-1,1,0
623351,623353,623352,13,3,-1,1,0
623669,623671,623670,35,6,-1,1,0
623681,623683,623682,10,9,-1,1,0
623717,623719,623718,9,9,-1,1,0
623867,623869,623868,11,6,-1,1,0
623879,623881,623880,23,9,-1,1,0
624047,624049,624048,6,6,-1,1,0
624311,624313,624312,11,9,-1,1,0
624329,624331,624330,29,9,-1,1,0
624467,624469,624468,19,3,-1,1,0
624539,624541,624540,17,3,-1,1,0
624599,624601,624600,3,9,-1,1,0
624707,624709,624708,0,9,-1,1,0
625109,625111,625110,32,6,-1,1,0
625169,625171,625170,18,3,-1,1,0
625367,625369,625368,31,3,-1,1,0
625589,625591,625590,31,9,-1,1,0
625661,625663,625662,29,9,-1,1,0
625697,625699,625698,28,9,-1,1,0
626009,626011,626010,7,6,-1,1,0
626189,626191,626190,2,6,-1,1,0
626597,626599,626598,3,9,-1,1,0
626609,626611,626610,15,3,-1,1,0
626621,626623,626622,27,6,-1,1,0
626627,626629,626628,33,3,-1,1,0
626711,626713,626712,6,6,-1,1,0
627071,627073,627072,33,6,-1,1,0
627089,627091,627090,14,6,-1,1,0
627269,627271,627270,9,6,-1,1,0
627377,627379,627378,6,6,-1,1,0
627479,627481,627480,34,9,-1,1,0
627617,627619,627618,24,3,-1,1,0
627659,627661,627660,29,9,-1,1,0
627797,627799,627798,19,3,-1,1,0
628049,628051,628050,12,3,-1,1,0
628217,628219,628218,32,9,-1,1,0
628679,628681,628680,13,3,-1,1,0
628757,628759,628758,17,9,-1,1,0
628781,628783,628782,4,6,-1,1,0
628799,628801,628800,22,6,-1,1,0
628937,628939,628938,12,9,-1,1,0
629009,629011,629010,10,9,-1,1,0
629339,629341,629340,7,6,-1,1,0
629381,629383,629382,12,3,-1,1,0
629567,629569,629568,13,9,-1,1,0
629591,629593,629592,0,6,-1,1,0
629609,629611,629610,18,6,-1,1,0
629687,629689,629688,22,3,-1,1,0
629897,629899,629898,10,6,-1,1,0
629927,629929,629928,3,9,-1,1,0
629987,629989,629988,26,6,-1,1,0
630167,630169,630168,21,6,-1,1,0
630521,630523,630522,5,9,-1,1,0
630587,630589,630588,34,3,-1,1,0
630899,630901,630900,13,9,-1,1,0
631151,631153,631152,6,9,-1,1,0
631247,631249,631248,28,6,-1,1,0
631271,631273,631272,15,3,-1,1,0
631457,631459,631458,16,9,-1,1,0
631469,631471,631470,28,3,-1,1,0
631529,631531,631530,14,9,-1,1,0
631679,631681,631680,16,6,-1,1,0
631751,631753,631752,14,6,-1,1,0
631817,631819,631818,6,9,-1,1,0
631859,631861,631860,11,6,-1,1,0
631901,631903,631902,16,3,-1,1,0
631991,631993,631992,32,3,-1,1,0
632081,632083,632082,11,3,-1,1,0
632087,632089,632088,17,9,-1,1,0
632297,632299,632298,5,3,-1,1,0
632321,632323,632322,29,9,-1,1,0
632327,632329,632328,35,6,-1,1,0
632351,632353,632352,22,3,-1,1,0
632501,632503,632502,24,9,-1,1,0
632627,632629,632628,2,9,-1,1,0
632939,632941,632940,18,6,-1,1,0
633377,633379,633378,12,3,-1,1,0
633461,633463,633462,22,6,-1,1,0
633467,633469,633468,28,3,-1,1,0
633569,633571,633570,19,6,-1,1,0
633791,633793,633792,19,3,-1,1,0
633797,633799,633798,25,9,-1,1,0
634157,634159,634158,15,9,-1,1,0
634649,634651,634650,26,6,-1,1,0
634679,634681,634680,19,9,-1,1,0
634757,634759,634758,23,6,-1,1,0
634859,634861,634860,14,9,-1,1,0
634901,634903,634902,19,6,-1,1,0
634937,634939,634938,18,6,-1,1,0
635147,635149,635148,6,9,-1,1,0
635249,635251,635250,34,3,-1,1,0
635291,635293,635292,2,9,-1,1,0
635351,635353,635352,25,6,-1,1,0
635387,635389,635388,24,6,-1,1,0
635729,635731,635730,33,6,-1,1,0
635891,635893,635892,10,6,-1,1,0
635981,635983,635982,26,6,-1,1,0
636059,636061,636060,30,3,-1,1,0
636071,636073,636072,5,6,-1,1,0
636107,636109,636108,4,6,-1,1,0
636407,636409,636408,8,9,-1,1,0
636539,636541,636540,29,6,-1,1,0
636719,636721,636720,24,6,-1,1,0
636761,636763,636762,29,3,-1,1,0
636917,636919,636918,0,6,-1,1,0
637001,637003,637002,10,9,-1,1,0
637199,637201,637200,23,9,-1,1,0
637319,637321,637320,32,3,-1,1,0
637337,637339,637338,13,3,-1,1,0
637421,637423,637422,23,6,-1,1,0
637529,637531,637530,20,6,-1,1,0
637601,637603,637602,18,6,-1,1,0
637709,637711,637710,15,6,-1,1,0
637727,637729,637728,33,6,-1,1,0
637781,637783,637782,13,6,-1,1,0
637829,637831,637830,24,9,-1,1,0
637937,637939,637938,21,9,-1,1,0
638159,638161,638160,21,6,-1,1,0
638177,638179,638178,2,6,-1,1,0
638717,638719,638718,24,6,-1,1,0
639167,639169,639168,30,6,-1,1,0
639257,639259,639258,9,6,-1,1,0
639491,639493,639492,21,6,-1,1,0
639599,639601,639600,18,6,-1,1,0
639677,639679,639678,22,3,-1,1,0
639701,639703,639702,9,9,-1,1,0
639851,639853,639852,11,6,-1,1,0
640007,640009,640008,19,9,-1,1,0
640151,640153,640152,15,9,-1,1,0
640229,640231,640230,19,6,-1,1,0
640247,640249,640248,0,6,-1,1,0
640259,640261,640260,12,9,-1,1,0
640529,640531,640530,23,9,-1,1,0
640667,640669,640668,13,3,-1,1,0
641129,641131,641130,31,6,-1,1,0
641411,641413,641412,17,9,-1,1,0
641519,641521,641520,14,9,-1,1,0
641549,641551,641550,7,3,-1,1,0
641579,641581,641580,0,6,-1,1,0
641747,641749,641748,20,3,-1,1,0
641789,641791,641790,25,9,-1,1,0
641819,641821,641820,18,3,-1,1,0
642011,642013,642012,25,6,-1,1,0
642077,642079,642078,17,9,-1,1,0
642149,642151,642150,15,9,-1,1,0
642197,642199,642198,26,3,-1,1,0
642359,642361,642360,3,3,-1,1,0
642527,642529,642528,23,9,-1,1,0
642737,642739,642738,11,3,-1,1,0
642797,642799,642798,34,9,-1,1,0
642869,642871,642870,32,9,-1,1,0
643301,643303,643302,20,9,-1,1,0
643649,643651,643650,35,6,-1,1,0
643691,643693,643692,3,3,-1,1,0
643847,643849,643848,11,6,-1,1,0
644051,644053,644052,30,3,-1,1,0
644129,644131,644130,34,9,-1,1,0
644141,644143,644142,9,3,-1,1,0
644381,644383,644382,27,9,-1,1,0
644489,644491,644490,24,9,-1,1,0
644597,644599,644598,21,9,-1,1,0
644669,644671,644670,19,9,-1,1,0
644729,644731,644730,5,6,-1,1,0
644867,644869,644868,32,9,-1,1,0
644909,644911,644910,0,6,-1,1,0
645011,645013,645012,28,9,-1,1,0
645431,645433,645432,4,6,-1,1,0
645497,645499,645498,33,9,-1,1,0
645527,645529,645528,26,3,-1,1,0
645581,645583,645582,6,3,-1,1,0
645647,645649,645648,35,6,-1,1,0
645737,645739,645738,14,6,-1,1,0
646157,646159,646158,27,3,-1,1,0
646181,646183,646182,14,9,-1,1,0
646271,646273,646272,30,9,-1,1,0
646307,646309,646308,29,9,-1,1,0
646421,646423,646422,32,6,-1,1,0
646571,646573,646572,34,3,-1,1,0
646979,646981,646980,35,6,-1,1,0
646991,646993,646992,10,9,-1,1,0
647111,647113,647112,19,3,-1,1,0
647261,647263,647262,21,9,-1,1,0
647357,647359,647358,6,6,-1,1,0
647399,647401,647400,11,3,-1,1,0
647741,647743,647742,20,3,-1,1,0
647837,647839,647838,5,9,-1,1,0
647891,647893,647892,22,9,-1,1,0
647951,647953,647952,8,6,-1,1,0
648059,648061,648060,5,6,-1,1,0
648257,648259,648258,18,6,-1,1,0
648341,648343,648342,28,9,-1,1,0
648377,648379,648378,27,9,-1,1,0
648617,648619,648618,8,6,-1,1,0
648629,648631,648630,20,9,-1,1,0
648887,648889,648888,19,6,-1,1,0
649079,649081,649080,26,9,-1,1,0
649277,649279,649278,2,9,-1,1,0
649379,649381,649380,30,3,-1,1,0
649421,649423,649422,35,9,-1,1,0
649469,649471,649470,9,3,-1,1,0
649499,649501,649500,2,6,-1,1,0
649631,649633,649632,23,3,-1,1,0
649769,649771,649770,13,6,-1,1,0
649799,649801,649800,6,9,-1,1,0
649877,649879,649878,10,6,-1,1,0
650327,650329,650328,16,6,-1,1,0
650477,650479,650478,18,3,-1,1,0
650759,650761,650760,4,6,-1,1,0
650861,650863,650862,32,9,-1,1,0
651017,651019,651018,3,3,-1,1,0
651179,651181,651180,17,3,-1,1,0
651191,651193,651192,29,6,-1,1,0
651221,651223,651222,22,9,-1,1,0
651437,651439,651438,16,9,-1,1,0
651647,651649,651648,4,3,-1,1,0
651731,651733,651732,14,6,-1,1,0
651767,651769,651768,13,6,-1,1,0
651809,651811,651810,18,3,-1,1,0
651839,651841,651840,11,6,-1,1,0
652079,652081,652080,29,3,-1,1,0
652241,652243,652242,6,3,-1,1,0
652319,652321,652320,10,9,-1,1,0
652451,652453,652452,31,6,-1,1,0
652541,652543,652542,10,6,-1,1,0
652607,652609,652608,2,9,-1,1,0
652739,652741,652740,23,6,-1,1,0
652931,652933,652932,30,9,-1,1,0
652997,652999,652998,22,3,-1,1,0
653111,653113,653112,25,9,-1,1,0
653207,653209,653208,10,6,-1,1,0
653501,653503,653502,8,3,-1,1,0
653537,653539,653538,7,3,-1,1,0
653561,653563,653562,31,9,-1,1,0
653621,653623,653622,17,6,-1,1,0
653711,653713,653712,33,6,-1,1,0
653879,653881,653880,16,3,-1,1,0
653927,653929,653928,27,6,-1,1,0
654161,654163,654162,2,6,-1,1,0
654167,654169,654168,8,3,-1,1,0
654221,654223,654222,25,3,-1,1,0
654527,654529,654528,35,3,-1,1,0
654539,654541,654540,10,6,-1,1,0
654611,654613,654612,8,6,-1,1,0
654779,654781,654780,28,3,-1,1,0
655001,655003,655002,28,9,-1,1,0
655241,655243,655242,9,6,-1,1,0
655559,655561,655560,31,9,-1,1,0
655649,655651,655650,10,9,-1,1,0
655847,655849,655848,23,9,-1,1,0
656321,656323,656322,16,6,-1,1,0
656597,656599,656598,33,3,-1,1,0
656681,656683,656682,6,6,-1,1,0
657047,657049,657048,2,3,-1,1,0
657089,657091,657090,7,9,-1,1,0
657311,657313,657312,7,6,-1,1,0
657491,657493,657492,2,6,-1,1,0
657497,657499,657498,8,3,-1,1,0
657581,657583,657582,18,6,-1,1,0
657659,657661,657660,22,3,-1,1,0
657929,657931,657930,33,3,-1,1,0
658277,658279,658278,11,9,-1,1,0
658319,658321,658320,16,6,-1,1,0
658349,658351,658350,9,9,-1,1,0
658547,658549,658548,22,9,-1,1,0
658589,658591,658590,27,6,-1,1,0
658751,658753,658752,4,6,-1,1,0
658871,658873,658872,13,9,-1,1,0
658961,658963,658962,29,9,-1,1,0
659171,659173,659172,17,3,-1,1,0
659609,659611,659610,11,9,-1,1,0
659669,659671,659670,34,6,-1,1,0
659759,659761,659760,13,6,-1,1,0
659999,660001,660000,31,3,-1,1,0
660071,660073,660072,29,3,-1,1,0
660197,660199,660198,7,3,-1,1,0
660347,660349,660348,9,9,-1,1,0
660377,660379,660378,2,3,-1,1,0
660557,660559,660558,34,3,-1,1,0
660599,660601,660600,2,9,-1,1,0
660617,660619,660618,20,9,-1,1,0
660659,660661,660660,25,6,-1,1,0
660731,660733,660732,23,6,-1,1,0
660809,660811,660810,27,3,-1,1,0
660851,660853,660852,32,9,-1,1,0
660899,660901,660900,6,3,-1,1,0
661091,661093,661092,13,6,-1,1,0
661097,661099,661098,19,3,-1,1,0
661187,661189,661188,35,3,-1,1,0
661481,661483,661482,33,9,-1,1,0
661877,661879,661878,22,9,-1,1,0
661949,661951,661950,20,9,-1,1,0
662141,662143,662142,27,3,-1,1,0
662351,662353,662352,15,6,-1,1,0
662537,662539,662538,16,3,-1,1,0
662771,662773,662772,28,3,-1,1,0
662897,662899,662898,6,3,-1,1,0
662939,662941,662940,11,9,-1,1,0
662951,662953,662952,23,3,-1,1,0
662999,663001,663000,34,6,-1,1,0
663161,663163,663162,11,6,-1,1,0
663239,663241,663240,15,3,-1,1,0
663281,663283,663282,20,9,-1,1,0
663407,663409,663408,35,9,-1,1,0
663539,663541,663540,19,6,-1,1,0
663569,663571,663570,12,9,-1,1,0
663581,663583,663582,24,3,-1,1,0
663587,663589,663588,30,9,-1,1,0
663599,663601,663600,5,3,-1,1,0
663659,663661,663660,28,9,-1,1,0
663821,663823,663822,5,9,-1,1,0
663959,663961,663960,32,3,-1,1,0
663977,663979,663978,13,3,-1,1,0
664121,664123,664122,9,3,-1,1,0
664271,664273,664272,11,9,-1,1,0
664379,664381,664380,8,9,-1,1,0
664619,664621,664620,26,6,-1,1,0
664661,664663,664662,31,3,-1,1,0
664667,664669,664668,0,9,-1,1,0
664691,664693,664692,24,6,-1,1,0
664847,664849,664848,32,9,-1,1,0
665051,665053,665052,14,6,-1,1,0
665111,665113,665112,0,3,-1,1,0
665177,665179,665178,29,6,-1,1,0
665501,665503,665502,20,6,-1,1,0
665801,665803,665802,24,9,-1,1,0
665921,665923,665922,33,3,-1,1,0
665981,665983,665982,19,9,-1,1,0
666089,666091,666090,16,9,-1,1,0
666431,666433,666432,25,9,-1,1,0
666437,666439,666438,31,6,-1,1,0
666527,666529,666528,10,6,-1,1,0
666557,666559,666558,3,9,-1,1,0
666647,666649,666648,19,9,-1,1,0
666749,666751,666750,10,3,-1,1,0
666821,666823,666822,8,3,-1,1,0
667019,667021,667020,21,3,-1,1,0
667127,667129,667128,18,3,-1,1,0
667241,667243,667242,21,9,-1,1,0
667361,667363,667362,30,3,-1,1,0
667421,667423,667422,16,9,-1,1,0
667547,667549,667548,31,9,-1,1,0
667559,667561,667560,6,3,-1,1,0
667697,667699,667698,33,6,-1,1,0
667817,667819,667818,5,9,-1,1,0
667859,667861,667860,10,6,-1,1,0
668201,668203,668202,19,6,-1,1,0
668531,668533,668532,16,3,-1,1,0
668579,668581,668580,27,6,-1,1,0
668609,668611,668610,20,9,-1,1,0
668867,668869,668868,19,6,-1,1,0
669089,669091,669090,19,3,-1,1,0
669287,669289,669288,32,3,-1,1,0
669377,669379,669378,11,3,-1,1,0
669479,669481,669480,2,6,-1,1,0
669659,669661,669660,34,6,-1,1,0
669677,669679,669678,15,6,-1,1,0
669857,669859,669858,10,6,-1,1,0
670037,670039,670038,5,6,-1,1,0
670049,670051,670050,17,9,-1,1,0
670097,670099,670098,28,3,-1,1,0
670487,670489,670488,11,6,-1,1,0
670541,670543,670542,28,6,-1,1,0
670727,670729,670728,29,3,-1,1,0
671159,671161,671160,17,3,-1,1,0
671777,671779,671778,6,9,-1,1,0
671939,671941,671940,20,9,-1,1,0
671969,671971,671970,13,3,-1,1,0
672041,672043,672042,11,3,-1,1,0
672167,672169,672168,26,3,-1,1,0
672227,672229,672228,12,9,-1,1,0
672377,672379,672378,14,6,-1,1,0
672641,672643,672642,19,9,-1,1,0
672779,672781,672780,9,3,-1,1,0
672869,672871,672870,25,3,-1,1,0
673091,673093,673092,25,9,-1,1,0
673109,673111,673110,6,9,-1,1,0
673199,673201,673200,22,9,-1,1,0
673271,673273,673272,20,9,-1,1,0
673397,673399,673398,35,9,-1,1,0
673427,673429,673428,28,3,-1,1,0
673457,673459,673458,21,6,-1,1,0
673637,673639,673638,16,6,-1,1,0
673667,673669,673668,9,9,-1,1,0
674057,674059,674058,29,3,-1,1,0
674159,674161,674160,20,6,-1,1,0
674699,674701,674700,5,6,-1,1,0
674717,674719,674718,23,6,-1,1,0
674759,674761,674760,28,3,-1,1,0
674831,674833,674832,26,3,-1,1,0
675131,675133,675132,30,6,-1,1,0
675161,675163,675162,23,9,-1,1,0
675251,675253,675252,2,9,-1,1,0
675539,675541,675540,31,9,-1,1,0
675551,675553,675552,6,3,-1,1,0
675839,675841,675840,35,3,-1,1,0
675929,675931,675930,14,3,-1,1,0
675977,675979,675978,25,6,-1,1,0
676007,676009,676008,18,9,-1,1,0
676217,676219,676218,6,3,-1,1,0
676337,676339,676338,15,6,-1,1,0
676409,676411,676410,13,6,-1,1,0
676859,676861,676860,19,6,-1,1,0
676979,676981,676980,28,9,-1,1,0
677111,677113,677112,12,6,-1,1,0
677231,677233,677232,21,9,-1,1,0
677309,677311,677310,25,6,-1,1,0
677321,677323,677322,0,9,-1,1,0
677459,677461,677460,27,3,-1,1,0
677471,677473,677472,2,6,-1,1,0
677531,677533,677532,25,3,-1,1,0
677561,677563,677562,18,6,-1,1,0
677681,677683,677682,27,9,-1,1,0
678101,678103,678102,3,6,-1,1,0
678341,678343,678342,21,3,-1,1,0
678407,678409,678408,13,6,-1,1,0
678479,678481,678480,11,6,-1,1,0
678647,678649,678648,31,3,-1,1,0
678719,678721,678720,29,3,-1,1,0
678761,678763,678762,34,9,-1,1,0
678941,678943,678942,29,9,-1,1,0
679037,679039,679038,14,6,-1,1,0
679169,679171,679170,35,3,-1,1,0
679277,679279,679278,32,3,-1,1,0
679361,679363,679362,5,6,-1,1,0
679517,679519,679518,13,9,-1,1,0
679751,679753,679752,25,9,-1,1,0
679907,679909,679908,33,3,-1,1,0
680081,680083,680082,22,6,-1,1,0
680159,680161,680160,26,3,-1,1,0
680291,680293,680292,10,9,-1,1,0
680297,680299,680298,16,6,-1,1,0
680399,680401,680400,7,9,-1,1,0
680441,680443,680442,12,6,-1,1,0
680507,680509,680508,4,9,-1,1,0
680567,680569,680568,27,6,-1,1,0
680879,680881,680880,6,3,-1,1,0
680987,680989,680988,3,3,-1,1,0
681047,681049,681048,26,9,-1,1,0
681089,681091,681090,31,6,-1,1,0
681251,681253,681252,8,6,-1,1,0
681257,681259,681258,14,3,-1,1,0
681407,681409,681408,16,9,-1,1,0
681449,681451,681450,21,6,-1,1,0
681521,681523,681522,19,6,-1,1,0
681839,681841,681840,4,9,-1,1,0
681977,681979,681978,31,3,-1,1,0
682151,682153,682152,20,6,-1,1,0
682289,682291,682290,10,9,-1,1,0
682697,682699,682698,11,3,-1,1,0
683477,683479,683478,14,9,-1,1,0
683651,683653,683652,3,3,-1,1,0
683699,683701,683700,14,6,-1,1,0
683819,683821,683820,23,9,-1,1,0
683831,683833,683832,35,3,-1,1,0
683861,683863,683862,28,6,-1,1,0
683909,683911,683910,2,9,-1,1,0
684119,684121,684120,27,3,-1,1,0
684287,684289,684288,10,9,-1,1,0
684347,684349,684348,33,6,-1,1,0
684557,684559,684558,21,9,-1,1,0
684767,684769,684768,9,3,-1,1,0
684791,684793,684792,33,9,-1,1,0
685247,685249,685248,8,6,-1,1,0
685337,685339,685338,24,6,-1,1,0
685367,685369,685368,17,9,-1,1,0
685427,685429,685428,3,6,-1,1,0
685511,685513,685512,13,9,-1,1,0
686009,686011,686010,30,3,-1,1,0
686027,686029,686028,11,3,-1,1,0
686039,686041,686040,23,6,-1,1,0
686087,686089,686088,34,9,-1,1,0
686141,686143,686142,14,9,-1,1,0
686267,686269,686268,29,9,-1,1,0
686669,686671,686670,24,6,-1,1,0
686729,686731,686730,10,3,-1,1,0
686891,686893,686892,24,3,-1,1,0
686969,686971,686970,28,9,-1,1,0
687017,687019,687018,2,3,-1,1,0
687107,687109,687108,18,3,-1,1,0
687161,687163,687162,35,3,-1,1,0
687341,687343,687342,30,3,-1,1,0
687431,687433,687432,9,3,-1,1,0
687521,687523,687522,25,3,-1,1,0
688451,688453,688452,30,6,-1,1,0
689459,689461,689460,2,6,-1,1,0
689597,689599,689598,29,9,-1,1,0
689867,689869,689868,3,9,-1,1,0
689891,689893,689892,27,6,-1,1,0
689957,689959,689958,19,9,-1,1,0
690269,690271,690270,35,6,-1,1,0
690491,690493,690492,35,3,-1,1,0
690509,690511,690510,16,3,-1,1,0
690719,690721,690720,4,6,-1,1,0
690839,690841,690840,13,9,-1,1,0
690869,690871,690870,6,3,-1,1,0
690887,690889,690888,24,3,-1,1,0
691109,691111,691110,24,9,-1,1,0
691151,691153,691152,29,6,-1,1,0
691181,691183,691182,22,9,-1,1,0
691589,691591,691590,23,3,-1,1,0
691721,691723,691722,7,9,-1,1,0
691727,691729,691728,13,6,-1,1,0
691841,691843,691842,16,3,-1,1,0
691919,691921,691920,20,9,-1,1,0
692147,692149,692148,26,3,-1,1,0
692297,692299,692298,28,9,-1,1,0
692387,692389,692388,7,9,-1,1,0
692399,692401,692400,19,3,-1,1,0
692537,692539,692538,9,6,-1,1,0
692927,692929,692928,29,9,-1,1,0
693167,693169,693168,10,6,-1,1,0
693401,693403,693402,22,6,-1,1,0
693527,693529,693528,0,6,-1,1,0
693569,693571,693570,5,3,-1,1,0
693659,693661,693660,21,3,-1,1,0
693689,693691,693690,14,6,-1,1,0
693731,693733,693732,19,3,-1,1,0
693827,693829,693828,4,9,-1,1,0
694079,694081,694080,34,9,-1,1,0
694259,694261,694260,29,9,-1,1,0
694271,694273,694272,4,3,-1,1,0
694481,694483,694482,29,6,-1,1,0
694511,694513,694512,22,9,-1,1,0
694649,694651,694650,12,3,-1,1,0
694781,694783,694782,33,9,-1,1,0
694829,694831,694830,7,3,-1,1,0
694871,694873,694872,12,9,-1,1,0
694997,694999,694998,27,9,-1,1,0
695087,695089,695088,6,9,-1,1,0
695327,695329,695328,24,6,-1,1,0
695369,695371,695370,29,3,-1,1,0
695687,695689,695688,14,6,-1,1,0
695879,695881,695880,21,9,-1,1,0
696077,696079,696078,34,9,-1,1,0
696107,696109,696108,27,3,-1,1,0
696359,696361,696360,20,3,-1,1,0
696719,696721,696720,10,3,-1,1,0
696809,696811,696810,26,3,-1,1,0
696851,696853,696852,31,9,-1,1,0
696887,696889,696888,30,9,-1,1,0
696989,696991,696990,21,3,-1,1,0
697259,697261,697260,32,3,-1,1,0
697379,697381,697380,4,6,-1,1,0
697397,697399,697398,22,6,-1,1,0
697511,697513,697512,25,3,-1,1,0
697601,697603,697602,4,3,-1,1,0
697691,697693,697692,20,3,-1,1,0
697727,697729,697728,19,3,-1,1,0
697757,697759,697758,12,6,-1,1,0
698051,698053,698052,10,3,-1,1,0
698249,698251,698250,23,3,-1,1,0
698261,698263,698262,35,6,-1,1,0
698417,698419,698418,6,9,-1,1,0
699287,699289,699288,25,6,-1,1,0
699527,699529,699528,6,3,-1,1,0
699539,699541,699540,18,6,-1,1,0
699791,699793,699792,11,6,-1,1,0
700079,700081,700080,3,6,-1,1,0
700127,700129,700128,14,9,-1,1,0
700199,700201,700200,12,9,-1,1,0
700277,700279,700278,16,6,-1,1,0
700361,700363,700362,26,9,-1,1,0
700391,700393,700392,19,3,-1,1,0
700571,700573,700572,14,3,-1,1,0
701009,701011,701010,8,9,-1,1,0
701177,701179,701178,28,6,-1,1,0
701219,701221,701220,33,3,-1,1,0
701357,701359,701358,23,6,-1,1,0
701399,701401,701400,28,3,-1,1,0
701417,701419,701418,9,3,-1,1,0
701507,701509,701508,25,3,-1,1,0
701579,701581,701580,23,3,-1,1,0
701609,701611,701610,16,6,-1,1,0
701627,701629,701628,34,6,-1,1,0
701669,701671,701670,2,3,-1,1,0
702137,702139,702138,26,3,-1,1,0
702281,702283,702282,22,3,-1,1,0
702311,702313,702312,15,6,-1,1,0
702347,702349,702348,14,6,-1,1,0
702431,702433,702432,24,9,-1,1,0
702587,702589,702588,32,3,-1,1,0
702731,702733,702732,28,3,-1,1,0
702851,702853,702852,0,6,-1,1,0
703121,703123,703122,11,6,-1,1,0
703139,703141,703140,29,6,-1,1,0
703229,703231,703230,8,6,-1,1,0
703559,703561,703560,5,3,-1,1,0
703709,703711,703710,7,9,-1,1,0
704027,704029,704028,29,3,-1,1,0
704279,704281,704280,22,3,-1,1,0
704447,704449,704448,5,9,-1,1,0
704549,704551,704550,33,3,-1,1,0
704567,704569,704568,14,3,-1,1,0
704579,704581,704580,26,6,-1,1,0
704777,704779,704778,2,6,-1,1,0
704861,704863,704862,12,9,-1,1,0
705011,705013,705012,14,6,-1,1,0
705161,705163,705162,16,3,-1,1,0
705167,705169,705168,22,9,-1,1,0
705491,705493,705492,13,9,-1,1,0
705779,705781,705780,5,9,-1,1,0
705827,705829,705828,16,3,-1,1,0
706001,706003,706002,5,6,-1,1,0
706049,706051,706050,16,9,-1,1,0
706157,706159,706158,13,9,-1,1,0
706631,706633,706632,6,6,-1,1,0
706751,706753,706752,15,9,-1,1,0
706919,706921,706920,35,6,-1,1,0
707027,707029,707028,32,6,-1,1,0
707429,707431,707430,27,3,-1,1,0
707561,707563,707562,11,9,-1,1,0
707669,707671,707670,8,9,-1,1,0
707951,707953,707952,31,3,-1,1,0
707981,707983,707982,24,6,-1,1,0
708047,708049,708048,16,9,-1,1,0
708137,708139,708138,32,9,-1,1,0
708161,708163,708162,19,6,-1,1,0
708221,708223,708222,5,3,-1,1,0
708359,708361,708360,32,6,-1,1,0
708479,708481,708480,4,9,-1,1,0
708599,708601,708600,13,3,-1,1,0
708857,708859,708858,12,9,-1,1,0
708989,708991,708990,33,6,-1,1,0
709139,709141,709140,35,3,-1,1,0
709151,709153,709152,10,6,-1,1,0
709271,709273,709272,19,9,-1,1,0
709349,709351,709350,23,6,-1,1,0
709451,709453,709452,14,9,-1,1,0
709607,709609,709608,22,3,-1,1,0
709649,709651,709650,27,9,-1,1,0
709691,709693,709692,32,6,-1,1,0
709739,709741,709740,6,9,-1,1,0
710051,710053,710052,22,6,-1,1,0
710219,710221,710220,5,3,-1,1,0
710321,710323,710322,33,6,-1,1,0
710441,710443,710442,5,9,-1,1,0
710621,710623,710622,0,9,-1,1,0
710777,710779,710778,8,3,-1,1,0
710837,710839,710838,31,9,-1,1,0
710849,710851,710850,6,3,-1,1,0
710909,710911,710910,29,9,-1,1,0
710987,710989,710988,33,6,-1,1,0
711017,711019,711018,26,9,-1,1,0
711131,711133,711132,29,6,-1,1,0
711497,711499,711498,25,3,-1,1,0
711707,711709,711708,13,6,-1,1,0
711749,711751,711750,18,3,-1,1,0
712169,712171,712170,31,9,-1,1,0
712301,712303,712302,15,6,-1,1,0
712319,712321,712320,33,6,-1,1,0
712427,712429,712428,30,6,-1,1,0
712571,712573,712572,26,6,-1,1,0
712601,712603,712602,19,9,-1,1,0
712841,712843,712842,0,6,-1,1,0
712889,712891,712890,11,9,-1,1,0
713147,713149,713148,10,6,-1,1,0
713189,713191,713190,15,3,-1,1,0
713309,713311,713310,24,6,-1,1,0
713351,713353,713352,29,3,-1,1,0
713597,713599,713598,16,6,-1,1,0
713831,713833,713832,28,6,-1,1,0
713861,713863,713862,21,9,-1,1,0
713939,713941,713940,25,6,-1,1,0
714479,714481,714480,10,6,-1,1,0
714839,714841,714840,0,6,-1,1,0
714851,714853,714852,12,9,-1,1,0
714947,714949,714948,34,6,-1,1,0
715151,715153,715152,16,3,-1,1,0
715157,715159,715158,22,9,-1,1,0
715301,715303,715302,18,9,-1,1,0
715439,715441,715440,8,3,-1,1,0
715577,715579,715578,35,6,-1,1,0
715679,715681,715680,26,9,-1,1,0
715877,715879,715878,2,9,-1,1,0
715961,715963,715962,12,3,-1,1,0
716171,716173,716172,0,6,-1,1,0
716411,716413,716412,18,3,-1,1,0
716447,716449,716448,17,3,-1,1,0
716477,716479,716478,10,6,-1,1,0
716741,716743,716742,15,9,-1,1,0
716897,716899,716898,23,3,-1,1,0
716951,716953,716952,3,3,-1,1,0
717089,717091,717090,30,6,-1,1,0
717149,717151,717150,16,3,-1,1,0
717527,717529,717528,24,3,-1,1,0
717917,717919,717918,7,6,-1,1,0
718049,718051,718050,28,3,-1,1,0
718169,718171,718170,0,6,-1,1,0
718379,718381,718380,25,9,-1,1,0
718511,718513,718512,9,6,-1,1,0
719009,719011,719010,26,9,-1,1,0
719177,719179,719178,9,6,-1,1,0
719237,719239,719238,32,3,-1,1,0
719351,719353,719352,35,9,-1,1,0
719567,719569,719568,29,9,-1,1,0
719597,719599,719598,22,3,-1,1,0
719681,719683,719682,32,6,-1,1,0
720089,720091,720090,33,9,-1,1,0
720281,720283,720282,3,3,-1,1,0
720299,720301,720300,21,3,-1,1,0
720359,720361,720360,7,9,-1,1,0
720569,720571,720570,32,3,-1,1,0
720617,720619,720618,6,6,-1,1,0
720791,720793,720792,32,9,-1,1,0
720899,720901,720900,29,9,-1,1,0
721109,721111,721110,17,3,-1,1,0
721139,721141,721140,10,6,-1,1,0
721319,721321,721320,5,6,-1,1,0
721379,721381,721380,28,3,-1,1,0
721619,721621,721620,9,9,-1,1,0
721661,721663,721662,14,6,-1,1,0
722147,722149,722148,19,6,-1,1,0
722537,722539,722538,2,9,-1,1,0
723029,723031,723030,13,6,-1,1,0
723101,723103,723102,11,6,-1,1,0
723167,723169,723168,3,9,-1,1,0
723257,723259,723258,19,9,-1,1,0
723269,723271,723270,31,3,-1,1,0
723407,723409,723408,21,6,-1,1,0
723491,723493,723492,31,9,-1,1,0
723551,723553,723552,17,6,-1,1,0
723587,723589,723588,16,6,-1,1,0
723797,723799,723798,4,9,-1,1,0
723857,723859,723858,27,6,-1,1,0
724121,724123,724122,32,9,-1,1,0
724517,724519,724518,21,9,-1,1,0
724721,724723,724722,3,6,-1,1,0
724781,724783,724782,26,3,-1,1,0
724901,724903,724902,35,6,-1,1,0
724991,724993,724992,14,6,-1,1,0
725111,725113,725112,23,9,-1,1,0
725147,725149,725148,22,9,-1,1,0
725159,725161,725160,34,3,-1,1,0
725321,725323,725322,11,3,-1,1,0
725357,725359,725358,10,3,-1,1,0
725447,725449,725448,26,3,-1,1,0
725861,725863,725862,33,3,-1,1,0
725981,725983,725982,5,6,-1,1,0
726107,726109,726108,20,6,-1,1,0
726137,726139,726138,13,9,-1,1,0
726287,726289,726288,15,6,-1,1,0
726377,726379,726378,31,6,-1,1,0
726599,726601,726600,31,3,-1,1,0
726809,726811,726810,19,6,-1,1,0
726839,726841,726840,12,9,-1,1,0
726989,726991,726990,14,6,-1,1,0
727019,727021,727020,7,9,-1,1,0
727061,727063,727062,12,6,-1,1,0
727121,727123,727122,35,3,-1,1,0
727157,727159,727158,34,3,-1,1,0
727247,727249,727248,13,3,-1,1,0
727271,727273,727272,0,9,-1,1,0
727499,727501,727500,6,3,-1,1,0
727877,727879,727878,14,3,-1,1,0
728129,728131,728130,7,3,-1,1,0
728207,728209,728208,11,9,-1,1,0
728267,728269,728268,34,6,-1,1,0
728381,728383,728382,0,3,-1,1,0
728699,728701,728700,22,6,-1,1,0
728729,728731,728730,15,9,-1,1,0
728837,728839,728838,12,9,-1,1,0
728867,728869,728868,5,3,-1,1,0
728927,728929,728928,28,9,-1,1,0
728969,728971,728970,33,6,-1,1,0
729269,729271,729270,0,9,-1,1,0
729329,729331,729330,23,6,-1,1,0
729371,729373,729372,28,3,-1,1,0
729557,729559,729558,29,9,-1,1,0
729569,729571,729570,4,3,-1,1,0
729941,729943,729942,6,6,-1,1,0
729977,729979,729978,5,6,-1,1,0
730397,730399,730398,18,3,-1,1,0
730571,730573,730572,7,6,-1,1,0
730589,730591,730590,25,6,-1,1,0
730781,730783,730782,32,9,-1,1,0
731189,731191,731190,33,3,-1,1,0
731249,731251,731250,19,9,-1,1,0
731501,731503,731502,12,9,-1,1,0
731681,731683,731682,7,9,-1,1,0
731711,731713,731712,0,3,-1,1,0
731909,731911,731910,13,3,-1,1,0
731921,731923,731922,25,6,-1,1,0
732077,732079,732078,33,9,-1,1,0
732209,732211,732210,17,6,-1,1,0
732491,732493,732492,3,9,-1,1,0
732827,732829,732828,6,3,-1,1,0
733097,733099,733098,17,3,-1,1,0
733331,733333,733332,29,3,-1,1,0
733391,733393,733392,15,9,-1,1,0
733517,733519,733518,30,9,-1,1,0
733559,733561,733560,35,6,-1,1,0
733751,733753,733752,5,9,-1,1,0
733847,733849,733848,27,6,-1,1,0
733919,733921,733920,25,6,-1,1,0
733937,733939,733938,6,6,-1,1,0
734429,734431,734430,17,3,-1,1,0
734471,734473,734472,22,9,-1,1,0
734477,734479,734478,28,6,-1,1,0
734957,734959,734958,27,9,-1,1,0
735071,735073,735072,30,6,-1,1,0
735107,735109,735108,29,6,-1,1,0
735209,735211,735210,20,9,-1,1,0
735389,735391,735390,15,9,-1,1,0
735419,735421,735420,8,3,-1,1,0
735731,735733,735732,24,9,-1,1,0
736037,736039,736038,34,9,-1,1,0
736061,736063,736062,21,6,-1,1,0
736091,736093,736092,14,9,-1,1,0
736247,736249,736248,22,3,-1,1,0
736277,736279,736278,15,6,-1,1,0
736361,736363,736362,25,9,-1,1,0
736367,736369,736368,31,6,-1,1,0
736469,736471,736470,22,9,-1,1,0
737039,737041,737040,0,3,-1,1,0
737129,737131,737130,16,3,-1,1,0
737279,737281,737280,18,9,-1,1,0
737291,737293,737292,30,3,-1,1,0
737351,737353,737352,16,9,-1,1,0
737411,737413,737412,2,6,-1,1,0
737507,737509,737508,24,3,-1,1,0
737531,737533,737532,11,9,-1,1,0
737591,737593,737592,34,6,-1,1,0
737717,737719,737718,12,6,-1,1,0
737927,737929,737928,0,9,-1,1,0
738107,738109,738108,32,9,-1,1,0
738317,738319,738318,20,3,-1,1,0
738401,738403,738402,30,6,-1,1,0
738581,738583,738582,25,6,-1,1,0
738917,738919,738918,28,9,-1,1,0
739199,739201,739200,14,3,-1,1,0
739301,739303,739302,5,6,-1,1,0
739391,739393,739392,21,6,-1,1,0
739397,739399,739398,27,3,-1,1,0
739511,739513,739512,30,9,-1,1,0
739601,739603,739602,9,9,-1,1,0
739631,739633,739632,2,3,-1,1,0
739859,739861,739860,8,6,-1,1,0
739967,739969,739968,5,6,-1,1,0
740021,740023,740022,22,6,-1,1,0
740141,740143,740142,31,9,-1,1,0
740189,740191,740190,5,3,-1,1,0
740321,740323,740322,26,9,-1,1,0
740651,740653,740652,23,6,-1,1,0
740711,740713,740712,9,3,-1,1,0
740891,740893,740892,4,3,-1,1,0
741077,741079,741078,5,9,-1,1,0
741119,741121,741120,10,6,-1,1,0
741227,741229,741228,7,6,-1,1,0
741341,741343,741342,10,3,-1,1,0
741467,741469,741468,25,3,-1,1,0
741491,741493,741492,12,9,-1,1,0
741677,741679,741678,13,6,-1,1,0
741857,741859,741858,8,6,-1,1,0
742151,742153,742152,6,3,-1,1,0
742199,742201,742200,17,6,-1,1,0
742211,742213,742212,29,9,-1,1,0
742241,742243,742242,22,3,-1,1,0
742697,742699,742698,34,9,-1,1,0
742757,742759,742758,20,6,-1,1,0
742991,742993,742992,32,6,-1,1,0
743129,743131,743130,22,9,-1,1,0
743159,743161,743160,15,3,-1,1,0
743177,743179,743178,33,3,-1,1,0
743549,743551,743550,35,6,-1,1,0
743669,743671,743670,7,9,-1,1,0
743777,743779,743778,4,9,-1,1,0
743849,743851,743850,2,9,-1,1,0
743921,743923,743922,0,9,-1,1,0
743987,743989,743988,29,3,-1,1,0
744251,744253,744252,34,6,-1,1,0
744389,744391,744390,24,9,-1,1,0
744407,744409,744408,5,9,-1,1,0
744659,744661,744660,35,9,-1,1,0
745187,745189,745188,8,6,-1,1,0
745247,745249,745248,31,3,-1,1,0
745529,745531,745530,17,6,-1,1,0
745697,745699,745698,0,3,-1,1,0
745709,745711,745710,12,6,-1,1,0
745751,745753,745752,17,3,-1,1,0
745931,745933,745932,12,3,-1,1,0
746099,746101,746100,32,9,-1,1,0
746231,746233,746232,16,6,-1,1,0
746411,746413,746412,11,6,-1,1,0
746477,746479,746478,3,9,-1,1,0
746507,746509,746508,33,3,-1,1,0
746531,746533,746532,20,9,-1,1,0
746561,746563,746562,13,3,-1,1,0
746747,746749,746748,14,9,-1,1,0
746957,746959,746958,2,3,-1,1,0
747449,747451,747450,13,9,-1,1,0
747497,747499,747498,24,3,-1,1,0
747827,747829,747828,21,9,-1,1,0
747839,747841,747840,33,3,-1,1,0
747869,747871,747870,26,6,-1,1,0
747917,747919,747918,0,9,-1,1,0
747977,747979,747978,23,6,-1,1,0
748019,748021,748020,28,3,-1,1,0
748091,748093,748092,26,3,-1,1,0
748217,748219,748218,4,3,-1,1,0
748271,748273,748272,21,3,-1,1,0
748337,748339,748338,13,6,-1,1,0
748637,748639,748638,17,9,-1,1,0
748817,748819,748818,12,9,-1,1,0
748829,748831,748830,24,3,-1,1,0
749081,749083,749082,17,3,-1,1,0
749297,749299,749298,11,3,-1,1,0
749429,749431,749430,32,9,-1,1,0
749807,749809,749808,3,9,-1,1,0
749891,749893,749892,13,3,-1,1,0
749939,749941,749940,24,6,-1,1,0
750119,750121,750120,19,6,-1,1,0
750131,750133,750132,31,9,-1,1,0
750161,750163,750162,24,3,-1,1,0
750311,750313,750312,26,9,-1,1,0
750719,750721,750720,27,3,-1,1,0
751139,751141,751140,3,9,-1,1,0
751181,751183,751182,8,6,-1,1,0
751319,751321,751320,35,9,-1,1,0
751631,751633,751632,14,6,-1,1,0
752201,752203,752202,29,9,-1,1,0
752291,752293,752292,8,9,-1,1,0
752447,752449,752448,16,3,-1,1,0
752681,752683,752682,28,3,-1,1,0
752699,752701,752700,9,3,-1,1,0
752819,752821,752820,18,6,-1,1,0
752831,752833,752832,30,9,-1,1,0
753437,753439,753438,7,3,-1,1,0
753461,753463,753462,31,9,-1,1,0
753497,753499,753498,30,9,-1,1,0
753587,753589,753588,9,9,-1,1,0
753617,753619,753618,2,3,-1,1,0
753677,753679,753678,25,9,-1,1,0
753689,753691,753690,0,3,-1,1,0
753719,753721,753720,30,6,-1,1,0
754109,754111,754110,13,9,-1,1,0
754121,754123,754122,25,3,-1,1,0
754181,754183,754182,11,9,-1,1,0
754379,754381,754380,24,9,-1,1,0
754709,754711,754710,21,6,-1,1,0
754937,754939,754938,27,9,-1,1,0
754967,754969,754968,20,3,-1,1,0
754979,754981,754980,32,6,-1,1,0
754991,754993,754992,7,9,-1,1,0
755171,755173,755172,2,9,-1,1,0
755309,755311,755310,29,3,-1,1,0
755399,755401,755400,8,3,-1,1,0
755567,755569,755568,28,9,-1,1,0
755717,755719,755718,30,6,-1,1,0
755789,755791,755790,28,6,-1,1,0
755861,755863,755862,26,6,-1,1,0
756251,756253,756252,9,9,-1,1,0
756419,756421,756420,29,6,-1,1,0
757109,757111,757110,16,3,-1,1,0
757241,757243,757242,0,9,-1,1,0
757577,757579,757578,3,3,-1,1,0
757709,757711,757710,24,9,-1,1,0
757751,757753,757752,29,6,-1,1,0
758099,758101,758100,7,3,-1,1,0
758201,758203,758202,35,6,-1,1,0
758267,758269,758268,27,9,-1,1,0
758339,758341,758340,25,9,-1,1,0
758501,758503,758502,2,9,-1,1,0
758519,758521,758520,20,9,-1,1,0
758711,758713,758712,27,3,-1,1,0
758729,758731,758730,8,3,-1,1,0
758741,758743,758742,20,6,-1,1,0
758969,758971,758970,26,9,-1,1,0
759179,759181,759180,14,3,-1,1,0
759431,759433,759432,7,3,-1,1,0
759557,759559,759558,22,3,-1,1,0
759569,759571,759570,34,6,-1,1,0
759797,759799,759798,3,9,-1,1,0
759959,759961,759960,17,9,-1,1,0
760229,760231,760230,28,9,-1,1,0
760619,760621,760620,11,3,-1,1,0
760841,760843,760842,11,9,-1,1,0
761177,761179,761178,14,3,-1,1,0
761249,761251,761250,12,3,-1,1,0
761261,761263,761262,24,6,-1,1,0
761441,761443,761442,19,6,-1,1,0
761531,761533,761532,35,6,-1,1,0
761669,761671,761670,25,9,-1,1,0
761711,761713,761712,30,6,-1,1,0
761777,761779,761778,22,9,-1,1,0
761807,761809,761808,15,3,-1,1,0
761861,761863,761862,32,3,-1,1,0
762239,762241,762240,3,3,-1,1,0
762371,762373,762372,24,9,-1,1,0
762407,762409,762408,23,9,-1,1,0
762821,762823,762822,30,9,-1,1,0
762899,762901,762900,34,6,-1,1,0
762917,762919,762918,15,6,-1,1,0
763157,763159,763158,33,3,-1,1,0
763619,763621,763620,14,6,-1,1,0
763751,763753,763752,35,3,-1,1,0
764051,764053,764052,2,6,-1,1,0
764249,764251,764250,15,6,-1,1,0
764339,764341,764340,31,6,-1,1,0
764591,764593,764592,24,6,-1,1,0
764627,764629,764628,23,6,-1,1,0
764717,764719,764718,2,6,-1,1,0
764837,764839,764838,11,9,-1,1,0
764891,764893,764892,28,9,-1,1,0
764969,764971,764970,32,6,-1,1,0
765041,765043,765042,30,6,-1,1,0
765137,765139,765138,15,3,-1,1,0
765209,765211,765210,13,3,-1,1,0
765227,765229,765228,31,3,-1,1,0
765437,765439,765438,19,6,-1,1,0
765857,765859,765858,32,3,-1,1,0
766109,766111,766110,25,3,-1,1,0
766229,766231,766230,34,6,-1,1,0
766541,766543,766542,13,3,-1,1,0
766637,766639,766638,35,9,-1,1,0
766811,766813,766812,24,3,-1,1,0
766937,766939,766938,2,3,-1,1,0
767321,767323,767322,16,9,-1,1,0
767357,767359,767358,15,9,-1,1,0
767537,767539,767538,10,9,-1,1,0
767549,767551,767550,22,3,-1,1,0
767747,767749,767748,35,3,-1,1,0
767759,767761,767760,10,6,-1,1,0
767867,767869,767868,7,6,-1,1,0
768167,768169,768168,11,9,-1,1,0
768191,768193,768192,35,6,-1,1,0
768197,768199,768198,4,3,-1,1,0
768371,768373,768372,30,6,-1,1,0
768629,768631,768630,29,3,-1,1,0
768641,768643,768642,4,6,-1,1,0
768851,768853,768852,29,9,-1,1,0
769259,769261,769260,30,3,-1,1,0
769421,769423,769422,7,3,-1,1,0
769541,769543,769542,16,6,-1,1,0
769577,769579,769578,15,6,-1,1,0
769589,769591,769590,27,9,-1,1,0
769661,769663,769662,25,9,-1,1,0
769961,769963,769962,29,3,-1,1,0
769997,769999,769998,28,3,-1,1,0
770039,770041,770040,33,9,-1,1,0
770057,770059,770058,14,9,-1,1,0
770111,770113,770112,31,9,-1,1,0
770177,770179,770178,23,3,-1,1,0
770309,770311,770310,7,9,-1,1,0
770447,770449,770448,34,3,-1,1,0
770639,770641,770640,4,6,-1,1,0
770837,770839,770838,17,6,-1,1,0
770927,770929,770928,33,6,-1,1,0
771011,771013,771012,6,9,-1,1,0
771047,771049,771048,5,9,-1,1,0
771179,771181,771180,26,6,-1,1,0
771299,771301,771300,35,9,-1,1,0
771401,771403,771402,26,3,-1,1,0
771437,771439,771438,25,3,-1,1,0
771887,771889,771888,31,3,-1,1,0
771971,771973,771972,4,6,-1,1,0
772001,772003,772002,34,9,-1,1,0
772229,772231,772230,3,3,-1,1,0
772379,772381,772380,5,9,-1,1,0
772391,772393,772392,17,3,-1,1,0
772439,772441,772440,28,6,-1,1,0
772571,772573,772572,12,3,-1,1,0
772661,772663,772662,28,3,-1,1,0
772907,772909,772908,15,6,-1,1,0
773021,773023,773022,18,3,-1,1,0
773027,773029,773028,24,9,-1,1,0
773081,773083,773082,4,9,-1,1,0
773207,773209,773208,19,9,-1,1,0
773249,773251,773250,24,6,-1,1,0
773567,773569,773568,9,9,-1,1,0
773609,773611,773610,14,6,-1,1,0
773657,773659,773658,25,9,-1,1,0
773681,773683,773682,12,6,-1,1,0
773777,773779,773778,34,3,-1,1,0
773867,773869,773868,13,3,-1,1,0
773951,773953,773952,23,6,-1,1,0
773987,773989,773988,22,6,-1,1,0
773999,774001,774000,34,9,-1,1,0
774071,774073,774072,32,9,-1,1,0
774131,774133,774132,18,6,-1,1,0
774797,774799,774798,18,6,-1,1,0
774929,774931,774930,2,3,-1,1,0
775361,775363,775362,27,3,-1,1,0
775601,775603,775602,8,9,-1,1,0
775739,775741,775740,35,3,-1,1,0
775937,775939,775938,11,3,-1,1,0
776057,776059,776058,20,6,-1,1,0
776117,776119,776118,6,3,-1,1,0
776177,776179,776178,29,9,-1,1,0
776219,776221,776220,34,6,-1,1,0
776561,776563,776562,6,6,-1,1,0
777011,777013,777012,12,6,-1,1,0
777167,777169,777168,20,9,-1,1,0
777389,777391,777390,20,6,-1,1,0
777419,777421,777420,13,9,-1,1,0
777431,777433,777432,25,3,-1,1,0
777617,777619,777618,26,9,-1,1,0
777641,777643,777642,13,6,-1,1,0
777857,777859,777858,7,6,-1,1,0
777977,777979,777978,16,9,-1,1,0
778049,778051,778050,14,9,-1,1,0
778079,778081,778080,7,3,-1,1,0
778109,778111,778110,0,6,-1,1,0
778121,778123,778122,12,9,-1,1,0
778361,778363,778362,30,6,-1,1,0
778511,778513,778512,32,3,-1,1,0
778697,778699,778698,33,9,-1,1,0
778871,778873,778872,22,3,-1,1,0
779327,779329,779328,34,9,-1,1,0
779351,779353,779352,21,6,-1,1,0
779561,779563,779562,9,9,-1,1,0
779591,779593,779592,2,3,-1,1,0
779657,779659,779658,31,6,-1,1,0
779747,779749,779748,10,6,-1,1,0
779981,779983,779982,22,6,-1,1,0
780047,780049,780048,14,9,-1,1,0
780191,780193,780192,10,9,-1,1,0
780719,780721,780720,20,6,-1,1,0
780851,780853,780852,4,3,-1,1,0
780887,780889,780888,3,3,-1,1,0
780971,780973,780972,13,6,-1,1,0
781127,781129,781128,21,9,-1,1,0
781307,781309,781308,16,9,-1,1,0
781367,781369,781368,2,6,-1,1,0
781397,781399,781398,32,9,-1,1,0
781481,781483,781482,5,3,-1,1,0
781511,781513,781512,35,6,-1,1,0
781631,781633,781632,7,9,-1,1,0
781799,781801,781800,27,6,-1,1,0
781817,781819,781818,8,6,-1,1,0
781967,781969,781968,10,3,-1,1,0
781997,781999,781998,3,6,-1,1,0
782009,782011,782010,15,9,-1,1,0
782147,782149,782148,5,3,-1,1,0
782189,782191,782190,10,9,-1,1,0
782387,782389,782388,23,9,-1,1,0
782669,782671,782670,9,3,-1,1,0
782687,782689,782688,27,3,-1,1,0
782981,782983,782982,25,9,-1,1,0
783119,783121,783120,15,3,-1,1,0
783149,783151,783150,8,6,-1,1,0
783191,783193,783192,13,3,-1,1,0
783257,783259,783258,5,6,-1,1,0
783359,783361,783360,33,9,-1,1,0
783527,783529,783528,16,6,-1,1,0
783569,783571,783570,21,3,-1,1,0
783689,783691,783690,30,6,-1,1,0
783701,783703,783702,5,9,-1,1,0
783719,783721,783720,23,9,-1,1,0
783779,783781,783780,9,6,-1,1,0
783791,783793,783792,21,9,-1,1,0
784181,784183,784182,4,3,-1,1,0
784211,784213,784212,34,6,-1,1,0
784307,784309,784308,19,3,-1,1,0
784349,784351,784350,24,9,-1,1,0
784409,784411,784410,10,6,-1,1,0
784541,784543,784542,31,3,-1,1,0
785219,785221,785220,6,6,-1,1,0
785459,785461,785460,24,3,-1,1,0
785501,785503,785502,29,9,-1,1,0
785777,785779,785778,9,6,-1,1,0
785801,785803,785802,33,3,-1,1,0
785921,785923,785922,5,6,-1,1,0
786059,786061,786060,32,9,-1,1,0
786431,786433,786432,34,3,-1,1,0
786551,786553,786552,6,6,-1,1,0
786587,786589,786588,5,6,-1,1,0
786659,786661,786660,3,6,-1,1,0
786701,786703,786702,8,3,-1,1,0
786887,786889,786888,9,9,-1,1,0
787067,787069,787068,4,9,-1,1,0
787331,787333,787332,9,3,-1,1,0
787427,787429,787428,31,9,-1,1,0
787517,787519,787518,10,9,-1,1,0
787769,787771,787770,3,9,-1,1,0
788087,788089,788088,25,3,-1,1,0
788351,788353,788352,30,6,-1,1,0
788561,788563,788562,18,9,-1,1,0
788867,788869,788868,28,9,-1,1,0
788999,789001,789000,12,6,-1,1,0
789029,789031,789030,5,9,-1,1,0
789389,789391,789390,32,9,-1,1,0
789491,789493,789492,23,3,-1,1,0
789587,789589,789588,8,9,-1,1,0
789671,789673,789672,18,3,-1,1,0
789959,789961,789960,10,3,-1,1,0
789977,789979,789978,28,3,-1,1,0
790169,790171,790170,35,6,-1,1,0
790199,790201,790200,28,9,-1,1,0
790289,790291,790290,7,9,-1,1,0
790331,790333,790332,12,6,-1,1,0
790649,790651,790650,34,9,-1,1,0
790817,790819,790818,17,6,-1,1,0
790967,790969,790968,19,3,-1,1,0
791309,791311,791310,28,3,-1,1,0
791561,791563,791562,21,3,-1,1,0
791627,791629,791628,13,6,-1,1,0
791801,791803,791802,2,9,-1,1,0
791849,791851,791850,13,3,-1,1,0
791897,791899,791898,24,6,-1,1,0
791927,791929,791928,17,9,-1,1,0
791969,791971,791970,22,6,-1,1,0
792107,792109,792108,12,9,-1,1,0
792227,792229,792228,21,3,-1,1,0
792299,792301,792300,19,3,-1,1,0
792479,792481,792480,14,3,-1,1,0
792551,792553,792552,12,3,-1,1,0
792641,792643,792642,28,3,-1,1,0
792689,792691,792690,2,6,-1,1,0
792989,792991,792990,6,9,-1,1,0
793187,793189,793188,19,9,-1,1,0
793487,793489,793488,23,3,-1,1,0
793517,793519,793518,16,6,-1,1,0
793787,793789,793788,27,6,-1,1,0
793841,793843,793842,7,6,-1,1,0
793979,793981,793980,34,9,-1,1,0
794009,794011,794010,27,3,-1,1,0
794039,794041,794040,20,6,-1,1,0
794111,794113,794112,18,6,-1,1,0
794201,794203,794202,34,6,-1,1,0
794471,794473,794472,8,6,-1,1,0
794657,794659,794658,9,3,-1,1,0
794741,794743,794742,19,6,-1,1,0
794879,794881,794880,9,9,-1,1,0
794921,794923,794922,14,6,-1,1,0
794999,795001,795000,18,3,-1,1,0
795077,795079,795078,22,9,-1,1,0
795101,795103,795102,9,6,-1,1,0
795251,795253,795252,11,3,-1,1,0
795647,795649,795648,0,3,-1,1,0
795659,795661,795660,12,6,-1,1,0
795761,795763,795762,3,9,-1,1,0
795791,795793,795792,33,3,-1,1,0
795797,795799,795798,2,9,-1,1,0
795827,795829,795828,32,3,-1,1,0
795941,795943,795942,35,9,-1,1,0
796139,796141,796140,11,9,-1,1,0
796337,796339,796338,24,9,-1,1,0
796361,796363,796362,11,6,-1,1,0
796709,796711,796710,26,3,-1,1,0
796799,796801,796800,5,3,-1,1,0
796847,796849,796848,16,6,-1,1,0
796931,796933,796932,26,9,-1,1,0
796967,796969,796968,25,9,-1,1,0
797051,797053,797052,35,3,-1,1,0
797309,797311,797310,34,9,-1,1,0
797507,797509,797508,10,9,-1,1,0
797549,797551,797550,15,6,-1,1,0
797567,797569,797568,33,6,-1,1,0
797579,797581,797580,8,9,-1,1,0
797591,797593,797592,20,3,-1,1,0
798197,798199,798198,34,6,-1,1,0
798221,798223,798222,21,3,-1,1,0
798647,798649,798648,3,6,-1,1,0
799061,799063,799062,10,6,-1,1,0
799091,799093,799092,3,9,-1,1,0
799217,799219,799218,18,9,-1,1,0
799301,799303,799302,28,3,-1,1,0
799361,799363,799362,14,9,-1,1,0
799481,799483,799482,23,3,-1,1,0
799619,799621,799620,13,6,-1,1,0
799739,799741,799740,22,9,-1,1,0
799991,799993,799992,15,9,-1,1,0
800117,800119,800118,30,9,-1,1,0
800159,800161,800160,35,6,-1,1,0
800417,800419,800418,34,3,-1,1,0
800519,800521,800520,25,6,-1,1,0
800537,800539,800538,6,6,-1,1,0
800621,800623,800622,16,9,-1,1,0
800729,800731,800730,13,9,-1,1,0
800741,800743,800742,25,3,-1,1,0
800999,801001,801000,24,9,-1,1,0
801077,801079,801078,28,6,-1,1,0
801419,801421,801420,0,6,-1,1,0
801569,801571,801570,2,3,-1,1,0
801707,801709,801708,29,6,-1,1,0
801809,801811,801810,20,9,-1,1,0
801947,801949,801948,10,3,-1,1,0
802127,802129,802128,5,3,-1,1,0
802181,802183,802182,22,3,-1,1,0
802649,802651,802650,9,3,-1,1,0
802829,802831,802830,4,3,-1,1,0
803057,803059,803058,10,6,-1,1,0
803441,803443,803442,24,3,-1,1,0
803447,803449,803448,30,9,-1,1,0
803609,803611,803610,7,9,-1,1,0
803729,803731,803730,16,3,-1,1,0
803987,803989,803988,15,9,-1,1,0
804281,804283,804282,13,6,-1,1,0
804521,804523,804522,31,3,-1,1,0
804611,804613,804612,10,3,-1,1,0
804941,804943,804942,7,9,-1,1,0
805031,805033,805032,23,9,-1,1,0
805097,805099,805098,15,3,-1,1,0
805109,805111,805110,27,6,-1,1,0
805331,805333,805332,27,3,-1,1,0
805499,805501,805500,10,9,-1,1,0
806009,806011,806010,2,6,-1,1,0
806261,806263,806262,32,6,-1,1,0
806369,806371,806370,29,6,-1,1,0
806381,806383,806382,4,9,-1,1,0
806579,806581,806580,17,9,-1,1,0
806789,806791,806790,5,3,-1,1,0
807407,807409,807408,31,9,-1,1,0
807491,807493,807492,4,3,-1,1,0
807509,807511,807510,22,3,-1,1,0
807731,807733,807732,22,9,-1,1,0
807869,807871,807870,12,3,-1,1,0
807941,807943,807942,10,3,-1,1,0
808019,808021,808020,14,9,-1,1,0
808307,808309,808308,6,9,-1,1,0
808349,808351,808350,11,6,-1,1,0
808361,808363,808362,23,9,-1,1,0
808439,808441,808440,27,6,-1,1,0
808601,808603,808602,4,6,-1,1,0
808679,808681,808680,8,3,-1,1,0
808991,808993,808992,24,9,-1,1,0
809141,809143,809142,26,6,-1,1,0
809201,809203,809202,12,3,-1,1,0
809357,809359,809358,20,6,-1,1,0
809399,809401,809400,25,3,-1,1,0
809579,809581,809580,20,3,-1,1,0
809747,809749,809748,3,9,-1,1,0
809801,809803,809802,20,9,-1,1,0
809981,809983,809982,15,9,-1,1,0
810149,810151,810150,35,6,-1,1,0
810191,810193,810192,3,3,-1,1,0
810377,810379,810378,4,9,-1,1,0
810389,810391,810390,16,3,-1,1,0
810539,810541,810540,18,9,-1,1,0
810581,810583,810582,23,6,-1,1,0
811037,811039,811038,35,3,-1,1,0
811649,811651,811650,18,3,-1,1,0
811931,811933,811932,4,6,-1,1,0
812297,812299,812298,0,3,-1,1,0
812351,812353,812352,17,3,-1,1,0
812501,812503,812502,19,9,-1,1,0
812597,812599,812598,4,6,-1,1,0
812639,812641,812640,9,3,-1,1,0
812699,812701,812700,32,9,-1,1,0
812759,812761,812760,18,6,-1,1,0
813089,813091,813090,15,3,-1,1,0
813299,813301,813300,3,6,-1,1,0
814061,814063,814062,25,3,-1,1,0
814067,814069,814068,31,9,-1,1,0
814127,814129,814128,17,6,-1,1,0
814211,814213,814212,27,9,-1,1,0
814241,814243,814242,20,3,-1,1,0
814379,814381,814380,10,6,-1,1,0
814577,814579,814578,23,6,-1,1,0
814601,814603,814602,10,3,-1,1,0
814631,814633,814632,3,6,-1,1,0
814901,814903,814902,14,6,-1,1,0
814937,814939,814938,13,6,-1,1,0
815411,815413,815412,6,3,-1,1,0
815621,815623,815622,31,6,-1,1,0
815669,815671,815670,5,9,-1,1,0
815819,815821,815820,7,6,-1,1,0
816131,816133,816132,23,3,-1,1,0
816161,816163,816162,16,6,-1,1,0
816587,816589,816588,35,9,-1,1,0
816689,816691,816690,26,3,-1,1,0
816839,816841,816840,28,9,-1,1,0
816857,816859,816858,9,9,-1,1,0
816917,816919,816918,32,6,-1,1,0
817049,817051,817050,16,3,-1,1,0
817151,817153,817152,7,6,-1,1,0
817277,817279,817278,22,6,-1,1,0
817319,817321,817320,27,3,-1,1,0
817709,817711,817710,10,6,-1,1,0
817721,817723,817722,22,9,-1,1,0
817889,817891,817890,5,6,-1,1,0
818099,818101,818100,30,9,-1,1,0
818171,818173,818172,28,9,-1,1,0
818339,818341,818340,11,6,-1,1,0
818579,818581,818580,29,3,-1,1,0
818687,818689,818688,26,3,-1,1,0
818819,818821,818820,10,9,-1,1,0
818999,819001,819000,5,9,-1,1,0
819029,819031,819030,35,3,-1,1,0
819239,819241,819240,23,6,-1,1,0
819251,819253,819252,35,9,-1,1,0
819317,819319,819318,27,3,-1,1,0
819389,819391,819390,25,3,-1,1,0
819407,819409,819408,6,3,-1,1,0
819491,819493,819492,16,6,-1,1,0
819617,819619,819618,31,6,-1,1,0
819737,819739,819738,3,9,-1,1,0
819827,819829,819828,19,9,-1,1,0
819911,819913,819912,29,3,-1,1,0
819989,819991,819990,33,9,-1,1,0
820241,820243,820242,26,9,-1,1,0
820271,820273,820272,19,3,-1,1,0
820319,820321,820320,30,6,-1,1,0
820331,820333,820332,5,9,-1,1,0
820409,820411,820410,9,6,-1,1,0
820427,820429,820428,27,6,-1,1,0
820679,820681,820680,20,6,-1,1,0
820907,820909,820908,26,9,-1,1,0
821099,821101,821100,33,3,-1,1,0
821207,821209,821208,30,3,-1,1,0
821459,821461,821460,23,3,-1,1,0
821477,821479,821478,4,3,-1,1,0
821801,821803,821802,32,3,-1,1,0
821939,821941,821940,22,6,-1,1,0
822011,822013,822012,20,6,-1,1,0
822161,822163,822162,22,3,-1,1,0
822167,822169,822168,28,9,-1,1,0
822221,822223,822222,8,9,-1,1,0
822389,822391,822390,28,6,-1,1,0
822431,822433,822432,33,3,-1,1,0
822539,822541,822540,30,3,-1,1,0
822551,822553,822552,5,6,-1,1,0
822587,822589,822588,4,6,-1,1,0
822671,822673,822672,14,9,-1,1,0
822761,822763,822762,30,9,-1,1,0
822791,822793,822792,23,3,-1,1,0
822821,822823,822822,16,6,-1,1,0
822881,822883,822882,2,3,-1,1,0
822971,822973,822972,18,3,-1,1,0
823001,823003,823002,11,6,-1,1,0
823127,823129,823128,26,6,-1,1,0
823241,823243,823242,29,3,-1,1,0
823349,823351,823350,26,3,-1,1,0
823481,823483,823482,10,9,-1,1,0
823619,823621,823620,0,3,-1,1,0
823721,823723,823722,28,6,-1,1,0
823727,823729,823728,34,3,-1,1,0
823787,823789,823788,20,9,-1,1,0
823829,823831,823830,25,6,-1,1,0
823841,823843,823842,0,9,-1,1,0
823967,823969,823968,15,9,-1,1,0
824189,824191,824190,15,6,-1,1,0
824231,824233,824232,20,3,-1,1,0
824399,824401,824400,3,9,-1,1,0
824669,824671,824670,14,9,-1,1,0
824699,824701,824700,7,3,-1,1,0
824777,824779,824778,11,9,-1,1,0
824981,824983,824982,30,6,-1,1,0
825047,825049,825048,22,9,-1,1,0
825107,825109,825108,8,6,-1,1,0
825191,825193,825192,18,9,-1,1,0
825281,825283,825282,34,9,-1,1,0
825551,825553,825552,8,9,-1,1,0
825611,825613,825612,31,6,-1,1,0
825827,825829,825828,25,6,-1,1,0
825959,825961,825960,9,3,-1,1,0
826037,826039,826038,13,9,-1,1,0
826151,826153,826152,16,6,-1,1,0
826169,826171,826170,34,6,-1,1,0
826349,826351,826350,29,6,-1,1,0
826379,826381,826380,22,9,-1,1,0
826391,826393,826392,34,3,-1,1,0
826559,826561,826560,17,9,-1,1,0
826667,826669,826668,14,9,-1,1,0
826697,826699,826698,7,3,-1,1,0
827039,827041,827040,16,3,-1,1,0
827129,827131,827130,32,3,-1,1,0
827537,827539,827538,33,6,-1,1,0
827927,827929,827928,16,9,-1,1,0
827987,827989,827988,2,6,-1,1,0
828011,828013,828012,26,3,-1,1,0
828131,828133,828132,35,6,-1,1,0
828407,828409,828408,15,3,-1,1,0
828701,828703,828702,13,9,-1,1,0
828809,828811,828810,10,9,-1,1,0
828899,828901,828900,26,9,-1,1,0
829121,829123,829122,26,6,-1,1,0
829637,829639,829638,24,9,-1,1,0
829721,829723,829722,34,3,-1,1,0
829727,829729,829728,3,9,-1,1,0
829811,829813,829812,13,3,-1,1,0
829847,829849,829848,12,3,-1,1,0
830309,830311,830310,30,6,-1,1,0
830327,830329,830328,11,6,-1,1,0
830339,830341,830340,23,9,-1,1,0
830411,830413,830412,21,9,-1,1,0
830447,830449,830448,20,9,-1,1,0
830549,830551,830550,11,3,-1,1,0
830741,830743,830742,18,6,-1,1,0
831071,831073,831072,15,3,-1,1,0
831161,831163,831162,31,3,-1,1,0
831371,831373,831372,19,6,-1,1,0
831407,831409,831408,18,6,-1,1,0
831431,831433,831432,5,3,-1,1,0
831539,831541,831540,2,3,-1,1,0
831617,831619,831618,6,9,-1,1,0
831659,831661,831660,11,6,-1,1,0
831707,831709,831708,22,9,-1,1,0
831911,831913,831912,4,6,-1,1,0
832079,832081,832080,24,3,-1,1,0
832121,832123,832122,29,9,-1,1,0
832157,832159,832158,28,9,-1,1,0
832367,832369,832368,16,3,-1,1,0
832631,832633,832632,21,6,-1,1,0
832679,832681,832680,32,9,-1,1,0
833099,833101,833100,8,6,-1,1,0
833177,833179,833178,12,3,-1,1,0
833477,833479,833478,16,6,-1,1,0
833711,833713,833712,28,6,-1,1,0
833717,833719,833718,34,3,-1,1,0
834131,834133,834132,4,3,-1,1,0
834149,834151,834150,22,3,-1,1,0
834257,834259,834258,19,3,-1,1,0
834569,834571,834570,35,9,-1,1,0
834641,834643,834642,33,9,-1,1,0
834809,834811,834810,16,6,-1,1,0
834857,834859,834858,27,9,-1,1,0
834947,834949,834948,6,9,-1,1,0
834959,834961,834960,18,3,-1,1,0
835097,835099,835098,8,6,-1,1,0
835139,835141,835140,13,3,-1,1,0
835319,835321,835320,8,3,-1,1,0
835451,835453,835452,29,9,-1,1,0
835607,835609,835608,0,3,-1,1,0
835661,835663,835662,17,3,-1,1,0
835817,835819,835818,25,6,-1,1,0
836159,836161,836160,34,6,-1,1,0
836189,836191,836190,27,9,-1,1,0
836567,836569,836568,35,9,-1,1,0
836609,836611,836610,3,6,-1,1,0
836699,836701,836700,19,6,-1,1,0
836747,836749,836748,30,9,-1,1,0
836861,836863,836862,33,6,-1,1,0
836879,836881,836880,14,6,-1,1,0
837071,837073,837072,21,9,-1,1,0
837077,837079,837078,27,6,-1,1,0
837377,837379,837378,31,9,-1,1,0
837677,837679,837678,35,3,-1,1,0
837929,837931,837930,28,3,-1,1,0
838037,838039,838038,25,3,-1,1,0
838091,838093,838092,5,3,-1,1,0
838139,838141,838140,16,6,-1,1,0
838169,838171,838170,9,9,-1,1,0
838247,838249,838248,13,6,-1,1,0
838349,838351,838350,4,9,-1,1,0
838391,838393,838392,9,6,-1,1,0
838631,838633,838632,27,3,-1,1,0
838769,838771,838770,17,6,-1,1,0
838949,838951,838950,12,6,-1,1,0
838991,838993,838992,17,3,-1,1,0
839351,839353,839352,7,3,-1,1,0
839471,839473,839472,16,6,-1,1,0
839609,839611,839610,6,9,-1,1,0
839651,839653,839652,11,6,-1,1,0
839897,839899,839898,35,9,-1,1,0
839957,839959,839958,21,6,-1,1,0
840137,840139,840138,16,6,-1,1,0
840179,840181,840180,21,3,-1,1,0
840239,840241,840240,7,9,-1,1,0
840821,840823,840822,34,6,-1,1,0
840839,840841,840840,15,6,-1,1,0
840941,840943,840942,6,9,-1,1,0
840989,840991,840990,17,3,-1,1,0
841019,841021,841020,10,6,-1,1,0
841079,841081,841080,33,3,-1,1,0
841457,841459,841458,4,3,-1,1,0
841661,841663,841662,23,9,-1,1,0
841931,841933,841932,34,9,-1,1,0
842087,842089,842088,5,3,-1,1,0
842111,842113,842112,29,9,-1,1,0
842159,842161,842160,3,3,-1,1,0
842291,842293,842292,24,9,-1,1,0
842321,842323,842322,17,3,-1,1,0
842339,842341,842340,35,3,-1,1,0
842351,842353,842352,10,6,-1,1,0
842417,842419,842418,2,9,-1,1,0
842447,842449,842448,32,3,-1,1,0
842519,842521,842520,30,3,-1,1,0
843179,843181,843180,24,6,-1,1,0
843209,843211,843210,17,9,-1,1,0
843299,843301,843300,33,9,-1,1,0
843377,843379,843378,0,6,-1,1,0
843587,843589,843588,25,9,-1,1,0
843677,843679,843678,4,9,-1,1,0
843779,843781,843780,32,3,-1,1,0
843881,843883,843882,23,6,-1,1,0
844139,844141,844140,22,3,-1,1,0
844199,844201,844200,8,9,-1,1,0
844427,844429,844428,14,3,-1,1,0
844511,844513,844512,24,6,-1,1,0
844601,844603,844602,3,6,-1,1,0
844619,844621,844620,21,6,-1,1,0
844769,844771,844770,23,3,-1,1,0
845489,845491,845490,3,3,-1,1,0
845657,845659,845658,23,9,-1,1,0
845879,845881,845880,23,6,-1,1,0
845981,845983,845982,14,9,-1,1,0
845987,845989,845988,20,6,-1,1,0
846059,846061,846060,18,6,-1,1,0
846341,846343,846342,4,9,-1,1,0
846359,846361,846360,22,9,-1,1,0
846401,846403,846402,27,6,-1,1,0
846749,846751,846750,5,3,-1,1,0
846869,846871,846870,14,6,-1,1,0
846917,846919,846918,25,9,-1,1,0
847277,847279,847278,15,9,-1,1,0
847727,847729,847728,21,9,-1,1,0
847787,847789,847788,7,6,-1,1,0
847967,847969,847968,2,6,-1,1,0
847991,847993,847992,26,3,-1,1,0
848201,848203,848202,14,6,-1,1,0
848591,848593,848592,34,9,-1,1,0
848789,848791,848790,10,9,-1,1,0
848849,848851,848850,33,6,-1,1,0
848921,848923,848922,31,6,-1,1,0
849047,849049,849048,9,6,-1,1,0
849221,849223,849222,35,9,-1,1,0
849347,849349,849348,13,9,-1,1,0
849599,849601,849600,6,9,-1,1,0
849701,849703,849702,34,3,-1,1,0
849731,849733,849732,27,6,-1,1,0
850061,850063,850062,24,3,-1,1,0
850271,850273,850272,12,6,-1,1,0
850301,850303,850302,5,9,-1,1,0
850349,850351,850350,16,3,-1,1,0
851801,851803,851802,25,6,-1,1,0
852011,852013,852012,13,9,-1,1,0
852149,852151,852150,3,3,-1,1,0
852197,852199,852198,14,6,-1,1,0
852287,852289,852288,30,6,-1,1,0
852557,852559,852558,4,6,-1,1,0
852581,852583,852582,28,3,-1,1,0
852671,852673,852672,7,3,-1,1,0
852749,852751,852750,11,9,-1,1,0
852827,852829,852828,15,6,-1,1,0
853031,853033,853032,34,3,-1,1,0
853187,853189,853188,5,6,-1,1,0
853289,853291,853290,33,9,-1,1,0
853427,853429,853428,23,3,-1,1,0
853667,853669,853668,4,9,-1,1,0
853901,853903,853902,16,9,-1,1,0
854039,854041,854040,6,3,-1,1,0
854351,854353,854352,22,9,-1,1,0
854417,854419,854418,14,3,-1,1,0
854459,854461,854460,19,9,-1,1,0
854897,854899,854898,13,6,-1,1,0
854921,854923,854922,0,3,-1,1,0
854927,854929,854928,6,9,-1,1,0
855059,855061,855060,27,6,-1,1,0
855269,855271,855270,15,9,-1,1,0
855719,855721,855720,21,9,-1,1,0
855731,855733,855732,33,3,-1,1,0
855737,855739,855738,2,9,-1,1,0
855887,855889,855888,4,6,-1,1,0
856277,856279,856278,24,9,-1,1,0
856391,856393,856392,27,6,-1,1,0
856547,856549,856548,35,9,-1,1,0
856697,856699,856698,0,6,-1,1,0
856787,856789,856788,16,6,-1,1,0
856811,856813,856812,3,3,-1,1,0
856901,856903,856902,19,3,-1,1,0
857009,857011,857010,16,3,-1,1,0
857027,857029,857028,34,3,-1,1,0
857081,857083,857082,14,3,-1,1,0
857201,857203,857202,23,6,-1,1,0
857567,857569,857568,19,3,-1,1,0
857579,857581,857580,31,6,-1,1,0
857669,857671,857670,10,6,-1,1,0
857711,857713,857712,15,3,-1,1,0
857741,857743,857742,8,6,-1,1,0
857951,857953,857952,33,9,-1,1,0
857957,857959,857958,2,6,-1,1,0
858101,858103,858102,35,6,-1,1,0
858239,858241,858240,25,9,-1,1,0
858707,858709,858708,12,9,-1,1,0
859049,859051,859050,21,9,-1,1,0
859091,859093,859092,26,6,-1,1,0
859277,859279,859278,27,3,-1,1,0
859361,859363,859362,0,6,-1,1,0
859559,859561,859560,13,6,-1,1,0
859601,859603,859602,18,3,-1,1,0
859667,859669,859668,10,6,-1,1,0
859679,859681,859680,22,9,-1,1,0
859799,859801,859800,31,3,-1,1,0
860009,860011,860010,19,6,-1,1,0
860087,860089,860088,23,3,-1,1,0
860309,860311,860310,23,9,-1,1,0
860381,860383,860382,21,9,-1,1,0
860579,860581,860580,34,9,-1,1,0
860789,860791,860790,22,3,-1,1,0
860927,860929,860928,12,6,-1,1,0
860939,860941,860940,24,9,-1,1,0
860969,860971,860970,17,3,-1,1,0
861437,861439,861438,4,3,-1,1,0
861491,861493,861492,21,3,-1,1,0
861701,861703,861702,9,6,-1,1,0
861797,861799,861798,31,3,-1,1,0
861899,861901,861900,22,6,-1,1,0
861977,861979,861978,26,3,-1,1,0
862031,862033,862032,6,3,-1,1,0
862157,862159,862158,21,3,-1,1,0
862229,862231,862230,19,3,-1,1,0
862259,862261,862260,12,6,-1,1,0
862397,862399,862398,2,9,-1,1,0
862481,862483,862482,12,3,-1,1,0
862571,862573,862572,28,3,-1,1,0
862649,862651,862650,32,9,-1,1,0
862907,862909,862908,31,6,-1,1,0
862919,862921,862920,6,9,-1,1,0
863537,863539,863538,32,6,-1,1,0
863801,863803,863802,0,9,-1,1,0
863867,863869,863868,29,3,-1,1,0
863897,863899,863898,22,6,-1,1,0
864011,864013,864012,25,3,-1,1,0
864047,864049,864048,24,3,-1,1,0
864077,864079,864078,17,6,-1,1,0
864119,864121,864120,22,3,-1,1,0
864167,864169,864168,33,6,-1,1,0
864221,864223,864222,13,6,-1,1,0
864299,864301,864300,17,3,-1,1,0
864359,864361,864360,3,9,-1,1,0
864509,864511,864510,5,6,-1,1,0
864581,864583,864582,3,6,-1,1,0
864629,864631,864630,14,9,-1,1,0
865001,865003,865002,16,3,-1,1,0
865211,865213,865212,4,6,-1,1,0
865259,865261,865260,15,9,-1,1,0
865481,865483,865482,15,6,-1,1,0
865637,865639,865638,23,9,-1,1,0
865769,865771,865770,7,6,-1,1,0
865817,865819,865818,18,9,-1,1,0
866009,866011,866010,25,3,-1,1,0
866051,866053,866052,30,9,-1,1,0
866081,866083,866082,23,3,-1,1,0
866309,866311,866310,29,6,-1,1,0
866639,866641,866640,26,3,-1,1,0
866849,866851,866850,14,6,-1,1,0
867257,867259,867258,15,9,-1,1,0
867509,867511,867510,8,9,-1,1,0
867617,867619,867618,5,9,-1,1,0
867677,867679,867678,28,6,-1,1,0
867827,867829,867828,30,3,-1,1,0
868121,868123,868122,28,9,-1,1,0
868379,868381,868380,27,6,-1,1,0
868451,868453,868452,25,6,-1,1,0
868487,868489,868488,24,6,-1,1,0
868529,868531,868530,29,3,-1,1,0
868559,868561,868560,22,6,-1,1,0
868739,868741,868740,17,6,-1,1,0
868799,868801,868800,3,3,-1,1,0
868937,868939,868938,30,6,-1,1,0
868997,868999,868998,16,3,-1,1,0
869249,869251,869250,9,3,-1,1,0
869291,869293,869292,14,9,-1,1,0
869369,869371,869370,18,6,-1,1,0
869597,869599,869598,24,9,-1,1,0
869777,869779,869778,19,9,-1,1,0
869807,869809,869808,12,3,-1,1,0
870047,870049,870048,30,9,-1,1,0
870239,870241,870240,0,3,-1,1,0
870431,870433,870432,7,6,-1,1,0
870641,870643,870642,32,9,-1,1,0
870809,870811,870810,15,6,-1,1,0
870929,870931,870930,24,9,-1,1,0
871229,871231,871230,28,3,-1,1,0
871679,871681,871680,34,3,-1,1,0
872141,872143,872142,15,6,-1,1,0
872159,872161,872160,33,6,-1,1,0
872351,872353,872352,3,9,-1,1,0
872381,872383,872382,33,3,-1,1,0
872477,872479,872478,18,9,-1,1,0
872561,872563,872562,28,3,-1,1,0
872609,872611,872610,2,6,-1,1,0
872621,872623,872622,14,9,-1,1,0
872657,872659,872658,13,9,-1,1,0
872747,872749,872748,29,9,-1,1,0
872789,872791,872790,34,6,-1,1,0
872951,872953,872952,11,6,-1,1,0
873317,873319,873318,7,3,-1,1,0
873419,873421,873420,35,6,-1,1,0
873461,873463,873462,3,3,-1,1,0
873527,873529,873528,32,6,-1,1,0
873539,873541,873540,7,9,-1,1,0
873569,873571,873570,0,3,-1,1,0
873617,873619,873618,11,6,-1,1,0
873641,873643,873642,35,3,-1,1,0
873707,873709,873708,27,6,-1,1,0
873989,873991,873990,13,9,-1,1,0
874301,874303,874302,29,6,-1,1,0
874457,874459,874458,0,9,-1,1,0
874637,874639,874638,32,9,-1,1,0
874721,874723,874722,5,3,-1,1,0
874889,874891,874890,25,9,-1,1,0
875261,875263,875262,27,3,-1,1,0
875267,875269,875268,33,9,-1,1,0
875297,875299,875298,26,3,-1,1,0
875339,875341,875340,31,9,-1,1,0
875417,875419,875418,35,6,-1,1,0
875519,875521,875520,26,9,-1,1,0
875591,875593,875592,24,9,-1,1,0
875627,875629,875628,23,9,-1,1,0
875681,875683,875682,3,9,-1,1,0
875759,875761,875760,7,6,-1,1,0
875981,875983,875982,7,3,-1,1,0
876011,876013,876012,0,6,-1,1,0
876017,876019,876018,6,3,-1,1,0
876077,876079,876078,29,9,-1,1,0
876191,876193,876192,32,6,-1,1,0
876329,876331,876330,22,9,-1,1,0
876371,876373,876372,27,6,-1,1,0
876431,876433,876432,13,3,-1,1,0
876479,876481,876480,24,6,-1,1,0
876719,876721,876720,5,3,-1,1,0
876749,876751,876750,35,6,-1,1,0
876851,876853,876852,26,9,-1,1,0
877109,877111,877110,25,6,-1,1,0
877397,877399,877398,17,6,-1,1,0
877619,877621,877620,17,3,-1,1,0
877871,877873,877872,10,3,-1,1,0
877907,877909,877908,9,3,-1,1,0
877937,877939,877938,2,6,-1,1,0
878021,878023,878022,12,9,-1,1,0
878039,878041,878040,30,9,-1,1,0
878411,878413,878412,32,3,-1,1,0
878831,878833,878832,8,9,-1,1,0
878987,878989,878988,16,3,-1,1,0
879167,879169,879168,11,3,-1,1,0
879269,879271,879270,2,6,-1,1,0
879341,879343,879342,0,6,-1,1,0
879581,879583,879582,18,3,-1,1,0
879689,879691,879690,15,3,-1,1,0
879707,879709,879708,33,3,-1,1,0
879797,879799,879798,12,3,-1,1,0
879917,879919,879918,21,6,-1,1,0
880067,880069,880068,23,3,-1,1,0
880151,880153,880152,33,6,-1,1,0
880247,880249,880248,18,3,-1,1,0
880301,880303,880302,35,3,-1,1,0
880421,880423,880422,7,6,-1,1,0
880541,880543,880542,16,9,-1,1,0
880571,880573,880572,9,3,-1,1,0
880727,880729,880728,17,6,-1,1,0
880799,880801,880800,15,6,-1,1,0
880907,880909,880908,12,6,-1,1,0
880949,880951,880950,17,3,-1,1,0
881141,881143,881142,24,6,-1,1,0
881171,881173,881172,17,9,-1,1,0
881471,881473,881472,21,3,-1,1,0
881477,881479,881478,27,9,-1,1,0
881537,881539,881538,13,6,-1,1,0
881897,881899,881898,3,6,-1,1,0
882017,882019,882018,12,9,-1,1,0
882029,882031,882030,24,3,-1,1,0
882239,882241,882240,12,6,-1,1,0
882251,882253,882252,24,9,-1,1,0
882389,882391,882390,14,3,-1,1,0
882449,882451,882450,0,9,-1,1,0
882701,882703,882702,30,9,-1,1,0
882881,882883,882882,25,9,-1,1,0
883109,883111,883110,31,3,-1,1,0
883229,883231,883230,3,6,-1,1,0
883247,883249,883248,21,6,-1,1,0
883409,883411,883410,35,6,-1,1,0
883577,883579,883578,18,3,-1,1,0
883697,883699,883698,27,6,-1,1,0
883781,883783,883782,0,9,-1,1,0
884129,884131,884130,15,6,-1,1,0
884267,884269,884268,5,9,-1,1,0
884309,884311,884310,10,6,-1,1,0
884369,884371,884370,33,3,-1,1,0
884489,884491,884490,5,6,-1,1,0
884591,884593,884592,33,9,-1,1,0
884789,884791,884790,9,9,-1,1,0
885161,885163,885162,11,3,-1,1,0
885551,885553,885552,31,6,-1,1,0
885791,885793,885792,12,3,-1,1,0
885821,885823,885822,5,6,-1,1,0
885881,885883,885882,28,3,-1,1,0
885959,885961,885960,32,9,-1,1,0
886019,886021,886020,18,6,-1,1,0
886181,886183,886182,32,6,-1,1,0
886241,886243,886242,18,3,-1,1,0
886337,886339,886338,3,9,-1,1,0
886427,886429,886428,19,9,-1,1,0
886469,886471,886470,24,6,-1,1,0
886517,886519,886518,35,9,-1,1,0
886547,886549,886548,28,3,-1,1,0
886607,886609,886608,14,9,-1,1,0
886967,886969,886968,4,9,-1,1,0
886979,886981,886980,16,3,-1,1,0
887057,887059,887058,20,9,-1,1,0
887141,887143,887142,30,3,-1,1,0
887267,887269,887268,8,3,-1,1,0
887399,887401,887400,29,9,-1,1,0
887567,887569,887568,12,6,-1,1,0
887657,887659,887658,28,6,-1,1,0
887669,887671,887670,3,9,-1,1,0
887837,887839,887838,23,6,-1,1,0
887921,887923,887922,33,9,-1,1,0
887987,887989,887988,25,3,-1,1,0
888059,888061,888060,23,3,-1,1,0
888161,888163,888162,14,6,-1,1,0
888359,888361,888360,27,6,-1,1,0
888659,888661,888660,31,9,-1,1,0
888689,888691,888690,24,3,-1,1,0
888779,888781,888780,3,3,-1,1,0
888869,888871,888870,19,3,-1,1,0
888917,888919,888918,30,6,-1,1,0
888959,888961,888960,35,3,-1,1,0
889037,889039,889038,2,9,-1,1,0
889349,889351,889350,18,6,-1,1,0
889697,889699,889698,33,3,-1,1,0
889871,889873,889872,22,6,-1,1,0
889877,889879,889878,28,3,-1,1,0
889907,889909,889908,21,6,-1,1,0
890117,890119,890118,9,9,-1,1,0
890159,890161,890160,14,6,-1,1,0
890861,890863,890862,13,6,-1,1,0
890999,891001,891000,3,9,-1,1,0
891047,891049,891048,14,3,-1,1,0
891101,891103,891102,31,3,-1,1,0
891377,891379,891378,11,9,-1,1,0
891389,891391,891390,23,3,-1,1,0
891491,891493,891492,14,6,-1,1,0
891521,891523,891522,7,9,-1,1,0
891557,891559,891558,6,9,-1,1,0
891659,891661,891660,34,3,-1,1,0
891677,891679,891678,15,3,-1,1,0
891797,891799,891798,24,6,-1,1,0
891827,891829,891828,17,9,-1,1,0
891887,891889,891888,3,6,-1,1,0
892091,892093,892092,22,3,-1,1,0
892781,892783,892782,9,9,-1,1,0
893117,893119,893118,12,3,-1,1,0
893147,893149,893148,5,6,-1,1,0
893339,893341,893340,12,9,-1,1,0
893381,893383,893382,17,6,-1,1,0
894137,894139,894138,33,6,-1,1,0
894191,894193,894192,13,6,-1,1,0
894209,894211,894210,31,6,-1,1,0
894407,894409,894408,7,6,-1,1,0
894449,894451,894450,12,3,-1,1,0
894611,894613,894612,26,3,-1,1,0
894791,894793,894792,21,3,-1,1,0
894869,894871,894870,25,9,-1,1,0
895007,895009,895008,15,3,-1,1,0
895049,895051,895050,20,9,-1,1,0
895157,895159,895158,17,9,-1,1,0
895241,895243,895242,27,3,-1,1,0
895421,895423,895422,22,3,-1,1,0
895469,895471,895470,33,6,-1,1,0
895649,895651,895650,28,6,-1,1,0
895667,895669,895668,9,6,-1,1,0
895787,895789,895788,18,9,-1,1,0
895799,895801,895800,30,3,-1,1,0
895901,895903,895902,21,6,-1,1,0
896111,896113,896112,9,9,-1,1,0
896297,896299,896298,10,6,-1,1,0
896447,896449,896448,12,3,-1,1,0
896717,896719,896718,23,3,-1,1,0
897101,897103,897102,0,9,-1,1,0
897269,897271,897270,20,6,-1,1,0
897317,897319,897318,31,9,-1,1,0
897467,897469,897468,33,6,-1,1,0
897497,897499,897498,26,9,-1,1,0
897647,897649,897648,28,6,-1,1,0
897707,897709,897708,14,3,-1,1,0
897779,897781,897780,12,3,-1,1,0
898067,898069,898068,4,3,-1,1,0
898211,898213,898212,0,3,-1,1,0
898241,898243,898242,30,6,-1,1,0
898421,898423,898422,25,6,-1,1,0
898481,898483,898482,11,3,-1,1,0
898661,898663,898662,6,3,-1,1,0
899159,899161,899160,23,6,-1,1,0
899177,899179,899178,4,6,-1,1,0
899849,899851,899850,10,3,-1,1,0
899891,899893,899892,15,9,-1,1,0
900089,900091,900090,28,9,-1,1,0
900329,900331,900330,9,6,-1,1,0
900551,900553,900552,9,3,-1,1,0
900587,900589,900588,8,3,-1,1,0
900671,900673,900672,18,6,-1,1,0
900761,900763,900762,34,6,-1,1,0
900929,900931,900930,17,3,-1,1,0
900971,900973,900972,22,9,-1,1,0
901007,901009,901008,21,9,-1,1,0
901169,901171,901170,35,9,-1,1,0
901211,901213,901212,3,6,-1,1,0
901247,901249,901248,2,6,-1,1,0
901427,901429,901428,34,6,-1,1,0
901499,901501,901500,32,6,-1,1,0
901739,901741,901740,13,3,-1,1,0
901907,901909,901908,33,9,-1,1,0
902087,902089,902088,28,9,-1,1,0
902261,902263,902262,17,3,-1,1,0
902597,902599,902598,20,6,-1,1,0
903389,903391,903390,35,6,-1,1,0
903449,903451,903450,21,3,-1,1,0
904067,904069,904068,10,9,-1,1,0
904217,904219,904218,12,6,-1,1,0
904511,904513,904512,10,3,-1,1,0
904661,904663,904662,12,9,-1,1,0
904679,904681,904680,30,9,-1,1,0
904901,904903,904902,30,6,-1,1,0
904931,904933,904932,23,9,-1,1,0
904997,904999,904998,15,3,-1,1,0
905207,905209,905208,3,6,-1,1,0
905297,905299,905298,19,6,-1,1,0
905759,905761,905760,0,9,-1,1,0
906011,906013,906012,30,9,-1,1,0
906119,906121,906120,27,9,-1,1,0
906329,906331,906330,15,3,-1,1,0
906539,906541,906540,3,6,-1,1,0
906749,906751,906750,28,9,-1,1,0
906929,906931,906930,23,9,-1,1,0
907019,907021,907020,2,9,-1,1,0
907139,907141,907140,11,3,-1,1,0
907211,907213,907212,9,3,-1,1,0
907367,907369,907368,17,6,-1,1,0
907391,907393,907392,4,3,-1,1,0
907397,907399,907398,10,9,-1,1,0
907469,907471,907470,8,9,-1,1,0
907691,907693,907692,8,6,-1,1,0
907757,907759,907758,0,9,-1,1,0
907811,907813,907812,17,9,-1,1,0
907967,907969,907968,25,3,-1,1,0
907997,907999,907998,18,6,-1,1,0
908417,908419,908418,31,3,-1,1,0
908489,908491,908490,29,3,-1,1,0
908669,908671,908670,24,3,-1,1,0
908819,908821,908820,26,9,-1,1,0
908849,908851,908850,19,3,-1,1,0
908861,908863,908862,31,6,-1,1,0
908879,908881,908880,12,6,-1,1,0
908909,908911,908910,5,9,-1,1,0
909089,909091,909090,0,9,-1,1,0
909239,909241,909240,2,6,-1,1,0
909287,909289,909288,13,9,-1,1,0
909299,909301,909300,25,3,-1,1,0
909317,909319,909318,6,3,-1,1,0
909329,909331,909330,18,6,-1,1,0
909341,909343,909342,30,9,-1,1,0
909539,909541,909540,6,9,-1,1,0
909611,909613,909612,4,9,-1,1,0
909899,909901,909900,33,9,-1,1,0
909971,909973,909972,31,9,-1,1,0
910097,910099,910098,9,9,-1,1,0
910139,910141,910140,14,6,-1,1,0
910199,910201,910200,0,3,-1,1,0
910277,910279,910278,4,9,-1,1,0
910451,910453,910452,30,3,-1,1,0
910619,910621,910620,13,9,-1,1,0
910709,910711,910710,29,9,-1,1,0
911087,911089,911088,0,9,-1,1,0
911159,911161,911160,35,9,-1,1,0
911171,911173,911172,10,3,-1,1,0
911231,911233,911232,33,9,-1,1,0
911291,911293,911292,19,6,-1,1,0
911357,911359,911358,11,9,-1,1,0
911681,911683,911682,2,9,-1,1,0
911837,911839,911838,10,3,-1,1,0
911957,911959,911958,19,6,-1,1,0
912047,912049,912048,35,6,-1,1,0
912449,912451,912450,30,3,-1,1,0
912467,912469,912468,11,3,-1,1,0
912521,912523,912522,28,3,-1,1,0
912647,912649,912648,6,3,-1,1,0
912797,912799,912798,8,9,-1,1,0
912851,912853,912852,25,9,-1,1,0
912869,912871,912870,6,9,-1,1,0
912971,912973,912972,34,3,-1,1,0
913037,913039,913038,26,6,-1,1,0
913571,913573,913572,5,9,-1,1,0
913637,913639,913638,34,3,-1,1,0
914189,914191,914190,31,6,-1,1,0
914237,914239,914238,5,9,-1,1,0
914357,914359,914358,14,3,-1,1,0
914369,914371,914370,26,6,-1,1,0
914519,914521,914520,28,3,-1,1,0
914579,914581,914580,14,9,-1,1,0
914609,914611,914610,7,3,-1,1,0
914789,914791,914790,2,3,-1,1,0
915197,915199,915198,3,6,-1,1,0
915221,915223,915222,27,3,-1,1,0
915251,915253,915252,20,6,-1,1,0
915587,915589,915588,23,9,-1,1,0
915611,915613,915612,10,6,-1,1,0
915917,915919,915918,20,6,-1,1,0
915947,915949,915948,13,9,-1,1,0
916031,916033,916032,23,3,-1,1,0
916127,916129,916128,8,9,-1,1,0
916187,916189,916188,31,6,-1,1,0
916217,916219,916218,24,9,-1,1,0
916259,916261,916260,29,6,-1,1,0
916337,916339,916338,33,3,-1,1,0
916469,916471,916470,17,9,-1,1,0
916649,916651,916650,12,9,-1,1,0
916931,916933,916932,35,3,-1,1,0
917039,917041,917040,32,3,-1,1,0
917051,917053,917052,7,6,-1,1,0
917237,917239,917238,8,3,-1,1,0
917459,917461,917460,8,9,-1,1,0
917591,917593,917592,29,6,-1,1,0
917687,917689,917688,14,3,-1,1,0
917771,917773,917772,24,6,-1,1,0
918257,918259,918258,29,6,-1,1,0
918431,918433,918432,18,9,-1,1,0
918581,918583,918582,20,6,-1,1,0
918677,918679,918678,5,3,-1,1,0
918947,918949,918948,16,3,-1,1,0
919019,919021,919020,14,3,-1,1,0
919031,919033,919032,26,6,-1,1,0
919109,919111,919110,30,3,-1,1,0
919229,919231,919230,2,6,-1,1,0
919349,919351,919350,11,9,-1,1,0
919421,919423,919422,9,9,-1,1,0
919691,919693,919692,20,9,-1,1,0
919757,919759,919758,12,3,-1,1,0
919901,919903,919902,8,3,-1,1,0
919937,919939,919938,7,3,-1,1,0
919949,919951,919950,19,6,-1,1,0
920147,920149,920148,32,6,-1,1,0
920201,920203,920202,12,6,-1,1,0
920279,920281,920280,16,3,-1,1,0
920441,920443,920442,30,3,-1,1,0
920651,920653,920652,18,6,-1,1,0
920741,920743,920742,34,6,-1,1,0
920789,920791,920790,8,9,-1,1,0
920999,921001,921000,33,3,-1,1,0
921029,921031,921030,26,6,-1,1,0
921197,921199,921198,9,3,-1,1,0
921257,921259,921258,32,9,-1,1,0
921407,921409,921408,34,6,-1,1,0
921497,921499,921498,13,6,-1,1,0
921749,921751,921750,6,6,-1,1,0
921839,921841,921840,22,6,-1,1,0
921887,921889,921888,33,9,-1,1,0
921911,921913,921912,20,6,-1,1,0
922037,922039,922038,35,6,-1,1,0
922067,922069,922068,28,9,-1,1,0
922079,922081,922080,3,3,-1,1,0
922289,922291,922290,28,6,-1,1,0
922331,922333,922332,33,3,-1,1,0
922487,922489,922488,4,6,-1,1,0
922511,922513,922512,28,3,-1,1,0
922637,922639,922638,6,3,-1,1,0
922679,922681,922680,11,9,-1,1,0
922739,922741,922740,34,6,-1,1,0
923051,923053,923052,13,3,-1,1,0
923177,923179,923178,28,3,-1,1,0
923201,923203,923202,15,9,-1,1,0
923309,923311,923310,12,9,-1,1,0
923369,923371,923370,35,6,-1,1,0
923579,923581,923580,23,9,-1,1,0
923849,923851,923850,34,9,-1,1,0
924041,924043,924042,4,3,-1,1,0
924281,924283,924282,22,9,-1,1,0
924359,924361,924360,26,6,-1,1,0
924401,924403,924402,31,3,-1,1,0
924419,924421,924420,12,3,-1,1,0
924527,924529,924528,9,3,-1,1,0
924641,924643,924642,12,9,-1,1,0
924659,924661,924660,30,9,-1,1,0
924809,924811,924810,32,6,-1,1,0
924827,924829,924828,13,6,-1,1,0
925079,925081,925080,6,6,-1,1,0
925271,925273,925272,13,9,-1,1,0
925499,925501,925500,19,3,-1,1,0
925577,925579,925578,23,9,-1,1,0
925619,925621,925620,28,6,-1,1,0
926087,926089,926088,15,6,-1,1,0
926111,926113,926112,2,3,-1,1,0
926129,926131,926130,20,3,-1,1,0
926351,926353,926352,20,9,-1,1,0
926657,926659,926658,30,9,-1,1,0
926669,926671,926670,5,3,-1,1,0
927629,927631,927630,3,9,-1,1,0
928097,928099,928098,27,9,-1,1,0
928139,928141,928140,32,6,-1,1,0
928157,928159,928158,13,6,-1,1,0
928271,928273,928272,16,3,-1,1,0
928427,928429,928428,24,6,-1,1,0
928469,928471,928470,29,3,-1,1,0
928559,928561,928560,8,3,-1,1,0
928619,928621,928620,31,9,-1,1,0
928649,928651,928650,24,3,-1,1,0
928769,928771,928770,33,6,-1,1,0
928817,928819,928818,7,9,-1,1,0
929009,929011,929010,14,3,-1,1,0
929057,929059,929058,25,6,-1,1,0
929207,929209,929208,27,3,-1,1,0
929417,929419,929418,15,6,-1,1,0
929627,929629,929628,3,9,-1,1,0
929639,929641,929640,15,3,-1,1,0
929741,929743,929742,6,6,-1,1,0
929807,929809,929808,35,9,-1,1,0
930071,930073,930072,3,3,-1,1,0
930077,930079,930078,9,9,-1,1,0
930197,930199,930198,18,3,-1,1,0
930287,930289,930288,34,3,-1,1,0
930467,930469,930468,29,3,-1,1,0
930569,930571,930570,20,6,-1,1,0
930617,930619,930618,31,9,-1,1,0
930989,930991,930990,33,3,-1,1,0
931127,931129,931128,23,6,-1,1,0
931571,931573,931572,23,9,-1,1,0
931727,931729,931728,31,3,-1,1,0
931781,931783,931782,11,3,-1,1,0
932117,932119,932118,14,6,-1,1,0
932207,932209,932208,30,6,-1,1,0
932219,932221,932220,5,9,-1,1,0
932417,932419,932418,18,9,-1,1,0
932471,932473,932472,35,9,-1,1,0
932681,932683,932682,23,3,-1,1,0
932801,932803,932802,32,6,-1,1,0
932999,933001,933000,8,6,-1,1,0
933059,933061,933060,31,3,-1,1,0
933551,933553,933552,5,9,-1,1,0
933809,933811,933810,4,6,-1,1,0
933851,933853,933852,9,3,-1,1,0
934049,934051,934050,22,3,-1,1,0
934067,934069,934068,3,3,-1,1,0
934487,934489,934488,16,9,-1,1,0
934721,934723,934722,28,9,-1,1,0
934889,934891,934890,11,6,-1,1,0
934907,934909,934908,29,6,-1,1,0
934979,934981,934980,27,6,-1,1,0
935021,935023,935022,32,3,-1,1,0
935147,935149,935148,10,3,-1,1,0
935591,935593,935592,10,6,-1,1,0
935651,935653,935652,33,3,-1,1,0
935687,935689,935688,32,3,-1,1,0
935717,935719,935718,25,6,-1,1,0
936179,936181,936180,6,9,-1,1,0
936281,936283,936282,34,3,-1,1,0
936737,936739,936738,9,9,-1,1,0
936917,936919,936918,4,9,-1,1,0
937007,937009,937008,20,9,-1,1,0
937031,937033,937032,7,6,-1,1,0
937229,937231,937230,20,6,-1,1,0
937241,937243,937242,32,9,-1,1,0
937589,937591,937590,10,6,-1,1,0
937637,937639,937638,21,9,-1,1,0
937661,937663,937662,8,6,-1,1,0
937679,937681,937680,26,6,-1,1,0
937901,937903,937902,26,3,-1,1,0
938051,938053,938052,28,9,-1,1,0
938057,938059,938058,34,6,-1,1,0
938879,938881,938880,5,9,-1,1,0
938981,938983,938982,33,3,-1,1,0
939089,939091,939090,30,3,-1,1,0
939119,939121,939120,23,6,-1,1,0
939179,939181,939180,9,3,-1,1,0
939347,939349,939348,29,9,-1,1,0
939359,939361,939360,4,3,-1,1,0
939611,939613,939612,34,3,-1,1,0
939737,939739,939738,12,3,-1,1,0
939767,939769,939768,5,6,-1,1,0
939791,939793,939792,29,3,-1,1,0
939971,939973,939972,24,3,-1,1,0
940001,940003,940002,17,6,-1,1,0
940349,940351,940350,32,3,-1,1,0
940529,940531,940530,27,3,-1,1,0
940547,940549,940548,8,3,-1,1,0
940781,940783,940782,20,3,-1,1,0
941009,941011,941010,26,6,-1,1,0
941117,941119,941118,23,6,-1,1,0
941207,941209,941208,2,6,-1,1,0
941249,941251,941250,7,3,-1,1,0
941489,941491,941490,25,9,-1,1,0
941669,941671,941670,20,9,-1,1,0
942041,942043,942042,22,3,-1,1,0
942167,942169,942168,0,3,-1,1,0
942311,942313,942312,33,3,-1,1,0
942437,942439,942438,11,3,-1,1,0
942659,942661,942660,11,9,-1,1,0
942857,942859,942858,24,9,-1,1,0
942899,942901,942900,29,6,-1,1,0
943079,943081,943080,24,6,-1,1,0
943301,943303,943302,24,3,-1,1,0
943541,943543,943542,5,9,-1,1,0
943601,943603,943602,28,6,-1,1,0
943781,943783,943782,23,6,-1,1,0
943799,943801,943800,4,6,-1,1,0
943841,943843,943842,9,3,-1,1,0
944147,944149,944148,19,3,-1,1,0
944261,944263,944262,22,9,-1,1,0
944387,944389,944388,0,9,-1,1,0
944429,944431,944430,5,6,-1,1,0
944519,944521,944520,21,6,-1,1,0
944561,944563,944562,26,3,-1,1,0
944687,944689,944688,4,3,-1,1,0
944729,944731,944730,9,9,-1,1,0
944897,944899,944898,29,6,-1,1,0
945209,945211,945210,8,3,-1,1,0
945389,945391,945390,3,3,-1,1,0
945479,945481,945480,19,3,-1,1,0
945587,945589,945588,16,3,-1,1,0
945629,945631,945630,21,9,-1,1,0
945671,945673,945672,26,6,-1,1,0
945731,945733,945732,12,3,-1,1,0
945809,945811,945810,16,9,-1,1,0
945881,945883,945882,14,9,-1,1,0
945941,945943,945942,0,6,-1,1,0
946079,946081,946080,27,9,-1,1,0
946091,946093,946092,2,3,-1,1,0
946109,946111,946110,20,3,-1,1,0
946367,946369,946368,19,9,-1,1,0
946487,946489,946488,28,3,-1,1,0
946511,946513,946512,15,9,-1,1,0
946661,946663,946662,17,6,-1,1,0
946667,946669,946668,23,3,-1,1,0
946859,946861,946860,30,6,-1,1,0
947381,947383,947382,34,6,-1,1,0
947411,947413,947412,27,9,-1,1,0
947741,947743,947742,24,6,-1,1,0
948089,948091,948090,2,3,-1,1,0
948149,948151,948150,25,9,-1,1,0
948401,948403,948402,18,9,-1,1,0
948797,948799,948798,7,9,-1,1,0
948971,948973,948972,33,3,-1,1,0
949019,949021,949020,7,6,-1,1,0
949211,949213,949212,14,9,-1,1,0
949241,949243,949242,7,3,-1,1,0
949439,949441,949440,20,3,-1,1,0
949451,949453,949452,32,6,-1,1,0
949607,949609,949608,3,9,-1,1,0
949631,949633,949632,27,6,-1,1,0
949649,949651,949650,8,6,-1,1,0
949889,949891,949890,26,3,-1,1,0
949937,949939,949938,0,6,-1,1,0
950039,950041,950040,28,9,-1,1,0
950177,950179,950178,18,3,-1,1,0
950231,950233,950232,35,3,-1,1,0
950459,950461,950460,4,6,-1,1,0
950837,950839,950838,12,6,-1,1,0
950867,950869,950868,5,9,-1,1,0
951059,951061,951060,12,3,-1,1,0
951089,951091,951090,5,6,-1,1,0
951107,951109,951108,23,6,-1,1,0
951281,951283,951282,12,9,-1,1,0
951341,951343,951342,35,6,-1,1,0
951581,951583,951582,16,3,-1,1,0
951647,951649,951648,8,6,-1,1,0
951941,951943,951942,6,3,-1,1,0
952277,952279,952278,9,6,-1,1,0
952379,952381,952380,0,9,-1,1,0
952667,952669,952668,29,9,-1,1,0
952739,952741,952740,27,9,-1,1,0
952811,952813,952812,25,9,-1,1,0
952979,952981,952980,8,6,-1,1,0
953039,953041,953040,31,3,-1,1,0
953501,953503,953502,12,6,-1,1,0
953789,953791,953790,4,6,-1,1,0
954131,954133,954132,13,6,-1,1,0
954257,954259,954258,28,6,-1,1,0
954377,954379,954378,0,9,-1,1,0
954827,954829,954828,6,9,-1,1,0
954851,954853,954852,30,6,-1,1,0
954869,954871,954870,11,6,-1,1,0
954971,954973,954972,2,9,-1,1,0
954977,954979,954978,8,6,-1,1,0
955037,955039,955038,31,3,-1,1,0
955061,955063,955062,18,9,-1,1,0
955091,955093,955092,11,3,-1,1,0
955307,955309,955308,5,3,-1,1,0
955439,955441,955440,26,9,-1,1,0
955481,955483,955482,31,6,-1,1,0
955709,955711,955710,0,9,-1,1,0
955727,955729,955728,18,9,-1,1,0
955937,955939,955938,6,3,-1,1,0
955991,955993,955992,23,3,-1,1,0
956399,956401,956400,24,6,-1,1,0
956951,956953,956952,21,9,-1,1,0
957041,957043,957042,0,9,-1,1,0
957107,957109,957108,29,3,-1,1,0
957431,957433,957432,20,3,-1,1,0
957599,957601,957600,3,9,-1,1,0
957641,957643,957642,8,6,-1,1,0
957701,957703,957702,31,3,-1,1,0
957821,957823,957822,3,6,-1,1,0
958049,958051,958050,9,9,-1,1,0
958121,958123,958122,7,9,-1,1,0
958259,958261,958260,34,3,-1,1,0
958367,958369,958368,31,3,-1,1,0
958499,958501,958500,15,9,-1,1,0
958541,958543,958542,20,6,-1,1,0
958547,958549,958548,26,3,-1,1,0
958667,958669,958668,35,6,-1,1,0
958931,958933,958932,3,9,-1,1,0
959207,959209,959208,20,6,-1,1,0
959267,959269,959268,6,3,-1,1,0
959471,959473,959472,25,9,-1,1,0
959477,959479,959478,31,6,-1,1,0
959867,959869,959868,14,9,-1,1,0
960017,960019,960018,16,6,-1,1,0
960119,960121,960120,7,9,-1,1,0
960137,960139,960138,25,9,-1,1,0
960329,960331,960330,32,3,-1,1,0
960497,960499,960498,15,9,-1,1,0
960521,960523,960522,2,6,-1,1,0
960647,960649,960648,17,6,-1,1,0
960989,960991,960990,26,6,-1,1,0
961067,961069,961068,30,3,-1,1,0
961097,961099,961098,23,6,-1,1,0
961139,961141,961140,28,3,-1,1,0
961157,961159,961158,9,3,-1,1,0
961187,961189,961188,2,6,-1,1,0
961241,961243,961242,19,6,-1,1,0
961397,961399,961398,27,9,-1,1,0
961451,961453,961452,7,9,-1,1,0
961529,961531,961530,11,6,-1,1,0
961547,961549,961548,29,6,-1,1,0
961661,961663,961662,32,3,-1,1,0
961811,961813,961812,34,9,-1,1,0
961991,961993,961992,29,9,-1,1,0
962009,962011,962010,10,9,-1,1,0
962459,962461,962460,16,9,-1,1,0
962669,962671,962670,4,3,-1,1,0
962681,962683,962682,16,6,-1,1,0
962789,962791,962790,13,6,-1,1,0
962837,962839,962838,24,9,-1,1,0
962867,962869,962868,17,3,-1,1,0
962909,962911,962910,22,9,-1,1,0
963239,963241,963240,19,6,-1,1,0
963299,963301,963300,5,3,-1,1,0
963341,963343,963342,10,9,-1,1,0
963497,963499,963498,18,3,-1,1,0
963689,963691,963690,25,6,-1,1,0
963707,963709,963708,6,6,-1,1,0
963761,963763,963762,23,6,-1,1,0
963839,963841,963840,27,3,-1,1,0
963899,963901,963900,13,9,-1,1,0
964151,964153,964152,6,9,-1,1,0
964217,964219,964218,35,3,-1,1,0
964259,964261,964260,3,9,-1,1,0
964499,964501,964500,21,6,-1,1,0
964517,964519,964518,2,6,-1,1,0
964967,964969,964968,8,6,-1,1,0
965087,965089,965088,17,9,-1,1,0
965177,965179,965178,33,9,-1,1,0
965189,965191,965190,8,3,-1,1,0
965399,965401,965400,33,6,-1,1,0
965621,965623,965622,33,3,-1,1,0
965777,965779,965778,4,6,-1,1,0
966011,966013,966012,16,6,-1,1,0
966209,966211,966210,29,6,-1,1,0
966377,966379,966378,12,3,-1,1,0
966617,966619,966618,30,9,-1,1,0
966659,966661,966660,35,6,-1,1,0
966869,966871,966870,23,9,-1,1,0
967259,967261,967260,6,3,-1,1,0
967319,967321,967320,29,9,-1,1,0
967361,967363,967362,34,6,-1,1,0
967427,967429,967428,26,9,-1,1,0
967751,967753,967752,17,9,-1,1,0
968111,968113,968112,7,9,-1,1,0
968237,968239,968238,22,9,-1,1,0
968501,968503,968502,27,3,-1,1,0
968519,968521,968520,8,3,-1,1,0
968729,968731,968730,33,6,-1,1,0
968909,968911,968910,28,6,-1,1,0
969179,969181,969180,2,6,-1,1,0
969257,969259,969258,6,3,-1,1,0
969341,969343,969342,16,6,-1,1,0
969431,969433,969432,32,6,-1,1,0
969677,969679,969678,19,9,-1,1,0
969719,969721,969720,24,6,-1,1,0
970061,970063,970062,33,6,-1,1,0
970217,970219,970218,4,9,-1,1,0
970259,970261,970260,9,6,-1,1,0
970421,970423,970422,23,6,-1,1,0
970787,970789,970788,19,3,-1,1,0
970859,970861,970860,17,3,-1,1,0
970967,970969,970968,14,3,-1,1,0
970997,970999,970998,7,6,-1,1,0
971027,971029,971028,0,9,-1,1,0
971051,971053,971052,24,6,-1,1,0
971141,971143,971142,3,6,-1,1,0
971279,971281,971280,30,9,-1,1,0
971387,971389,971388,27,9,-1,1,0
971561,971563,971562,16,3,-1,1,0
971651,971653,971652,32,3,-1,1,0
972029,972031,972030,3,3,-1,1,0
972119,972121,972120,19,3,-1,1,0
972131,972133,972132,31,6,-1,1,0
972161,972163,972162,24,9,-1,1,0
972197,972199,972198,23,9,-1,1,0
972227,972229,972228,16,3,-1,1,0
972407,972409,972408,11,3,-1,1,0
972611,972613,972612,30,9,-1,1,0
972899,972901,972900,22,9,-1,1,0
972941,972943,972942,27,6,-1,1,0
973001,973003,973002,13,3,-1,1,0
973031,973033,973032,6,6,-1,1,0
973067,973069,973068,5,6,-1,1,0
973277,973279,973278,30,9,-1,1,0
973331,973333,973332,10,9,-1,1,0
973409,973411,973410,14,6,-1,1,0
973757,973759,973758,29,3,-1,1,0
973787,973789,973788,22,6,-1,1,0
974159,974161,974160,24,9,-1,1,0
974177,974179,974178,5,9,-1,1,0
974417,974419,974418,23,6,-1,1,0
974537,974539,974538,32,9,-1,1,0
974651,974653,974652,35,6,-1,1,0
974711,974713,974712,21,3,-1,1,0
974747,974749,974748,20,3,-1,1,0
974819,974821,974820,18,3,-1,1,0
974861,974863,974862,23,9,-1,1,0
974957,974959,974958,8,6,-1,1,0
974969,974971,974970,20,9,-1,1,0
975257,975259,975258,12,9,-1,1,0
975521,975523,975522,17,3,-1,1,0
975551,975553,975552,10,6,-1,1,0
975899,975901,975900,25,3,-1,1,0
975941,975943,975942,30,9,-1,1,0
976091,976093,976092,32,6,-1,1,0
976301,976303,976302,20,9,-1,1,0
976307,976309,976308,26,6,-1,1,0
976559,976561,976560,19,6,-1,1,0
976637,976639,976638,23,3,-1,1,0
977021,977023,977022,0,9,-1,1,0
977147,977149,977148,15,9,-1,1,0
977357,977359,977358,3,3,-1,1,0
977411,977413,977412,20,3,-1,1,0
977591,977593,977592,15,3,-1,1,0
977609,977611,977610,33,3,-1,1,0
978071,978073,978072,14,6,-1,1,0
978077,978079,978078,20,3,-1,1,0
978149,978151,978150,18,3,-1,1,0
978179,978181,978180,11,6,-1,1,0
978347,978349,978348,31,3,-1,1,0
978617,978619,978618,5,3,-1,1,0
978797,978799,978798,0,3,-1,1,0
978851,978853,978852,17,3,-1,1,0
979061,979063,979062,5,6,-1,1,0
979541,979543,979542,4,9,-1,1,0
979919,979921,979920,12,9,-1,1,0
980069,980071,980070,14,6,-1,1,0
980489,980491,980490,27,3,-1,1,0
980591,980593,980592,18,6,-1,1,0
980687,980689,980688,3,3,-1,1,0
980717,980719,980718,33,6,-1,1,0
980729,980731,980730,8,9,-1,1,0
980801,980803,980802,6,9,-1,1,0
980897,980899,980898,28,6,-1,1,0
980909,980911,980910,3,9,-1,1,0
981137,981139,981138,9,3,-1,1,0
981287,981289,981288,11,9,-1,1,0
981437,981439,981438,13,6,-1,1,0
981599,981601,981600,27,6,-1,1,0
981809,981811,981810,15,9,-1,1,0
981887,981889,981888,19,6,-1,1,0
981947,981949,981948,5,3,-1,1,0
982061,982063,982062,8,9,-1,1,0
982097,982099,982098,7,9,-1,1,0
982211,982213,982212,10,6,-1,1,0
982271,982273,982272,33,3,-1,1,0
982337,982339,982338,25,6,-1,1,0
982571,982573,982572,0,6,-1,1,0
982841,982843,982842,11,6,-1,1,0
983327,983329,983328,16,6,-1,1,0
983429,983431,983430,7,9,-1,1,0
983441,983443,983442,19,3,-1,1,0
983447,983449,983448,25,9,-1,1,0
983531,983533,983532,35,3,-1,1,0
983579,983581,983580,9,6,-1,1,0
983699,983701,983700,18,9,-1,1,0
983789,983791,983790,34,9,-1,1,0
983861,983863,983862,32,9,-1,1,0
984119,984121,984120,31,6,-1,1,0
984299,984301,984300,26,6,-1,1,0
984539,984541,984540,7,3,-1,1,0
984701,984703,984702,21,3,-1,1,0
984911,984913,984912,9,6,-1,1,0
985277,985279,985278,5,3,-1,1,0
985529,985531,985530,35,3,-1,1,0
985781,985783,985782,28,3,-1,1,0
985979,985981,985980,4,3,-1,1,0
985991,985993,985992,16,6,-1,1,0
986147,986149,986148,24,9,-1,1,0
986189,986191,986190,29,6,-1,1,0
986507,986509,986508,14,9,-1,1,0
986567,986569,986568,0,6,-1,1,0
986597,986599,986598,30,9,-1,1,0
986717,986719,986718,2,3,-1,1,0
986849,986851,986850,23,9,-1,1,0
986927,986929,986928,27,6,-1,1,0
986981,986983,986982,7,6,-1,1,0
987191,987193,987192,32,9,-1,1,0
987209,987211,987210,13,9,-1,1,0
987911,987913,987912,12,9,-1,1,0
988067,988069,988068,20,3,-1,1,0
988109,988111,988110,25,9,-1,1,0
988217,988219,988218,22,9,-1,1,0
988319,988321,988320,13,3,-1,1,0
988577,988579,988578,12,9,-1,1,0
988649,988651,988650,10,9,-1,1,0
988859,988861,988860,35,3,-1,1,0
989171,989173,989172,14,9,-1,1,0
989249,989251,989250,18,6,-1,1,0
989321,989323,989322,16,6,-1,1,0
989477,989479,989478,24,9,-1,1,0
989579,989581,989580,15,3,-1,1,0
989837,989839,989838,14,9,-1,1,0
989999,990001,990000,28,9,-1,1,0
990179,990181,990180,23,9,-1,1,0
990287,990289,990288,20,9,-1,1,0
990329,990331,990330,25,6,-1,1,0
990359,990361,990360,18,9,-1,1,0
990797,990799,990798,12,6,-1,1,0
990887,990889,990888,28,6,-1,1,0
991127,991129,991128,9,3,-1,1,0
991427,991429,991428,13,6,-1,1,0
991619,991621,991620,20,9,-1,1,0
991871,991873,991872,13,9,-1,1,0
991979,991981,991980,10,9,-1,1,0
992021,992023,992022,15,6,-1,1,0
992111,992113,992112,31,6,-1,1,0
992267,992269,992268,2,9,-1,1,0
992357,992359,992358,18,9,-1,1,0
992861,992863,992862,4,9,-1,1,0
993197,993199,993198,7,3,-1,1,0
993479,993481,993480,30,6,-1,1,0
993779,993781,993780,34,9,-1,1,0
993821,993823,993822,2,6,-1,1,0
994067,994069,994068,26,9,-1,1,0
994181,994183,994182,29,6,-1,1,0
994247,994249,994248,21,9,-1,1,0
994307,994309,994308,7,6,-1,1,0
994319,994321,994320,19,9,-1,1,0
994337,994339,994338,0,9,-1,1,0
994391,994393,994392,17,9,-1,1,0
994559,994561,994560,0,6,-1,1,0
994709,994711,994710,2,3,-1,1,0
994811,994813,994812,30,6,-1,1,0
995051,995053,995052,11,3,-1,1,0
995117,995119,995118,3,6,-1,1,0
995327,995329,995328,28,9,-1,1,0
995339,995341,995340,3,3,-1,1,0
995549,995551,995550,28,6,-1,1,0
995591,995593,995592,33,3,-1,1,0
995957,995959,995958,29,9,-1,1,0
995987,995989,995988,22,3,-1,1,0
996167,996169,996168,17,3,-1,1,0
996209,996211,996210,22,9,-1,1,0
996407,996409,996408,35,9,-1,1,0
996599,996601,996600,5,3,-1,1,0
996629,996631,996630,35,6,-1,1,0
996647,996649,996648,16,6,-1,1,0
996857,996859,996858,4,9,-1,1,0
996881,996883,996882,28,6,-1,1,0
997019,997021,997020,18,9,-1,1,0
997097,997099,997098,22,6,-1,1,0
997109,997111,997110,34,9,-1,1,0
997121,997123,997122,9,3,-1,1,0
997151,997153,997152,2,6,-1,1,0
997307,997309,997308,10,9,-1,1,0
997649,997651,997650,19,9,-1,1,0
997739,997741,997740,35,9,-1,1,0
997811,997813,997812,33,9,-1,1,0
997877,997879,997878,25,3,-1,1,0
997889,997891,997890,0,6,-1,1,0
997961,997963,997962,35,6,-1,1,0
998027,998029,998028,27,9,-1,1,0
998069,998071,998070,32,6,-1,1,0
998537,998539,998538,19,6,-1,1,0
998651,998653,998652,22,3,-1,1,0
998687,998689,998688,21,3,-1,1,0
999329,999331,999330,34,6,-1,1,0
999431,999433,999432,25,9,-1,1,0
999611,999613,999612,20,9,-1,1,0
999959,999961,999960,35,6,-1,1,0
